path,criticality,total_lines,owner_lines,ai_lines,third_party_human_lines,automation_lines,unattributed_lines,unregistered_lines,human_authorship
.env.example,STANDARD,117,89,28,0,0,0,0,SURVIVING
.github/CODEOWNERS,STANDARD,43,43,0,0,0,0,0,SURVIVING
.github/ISSUE_TEMPLATE/agent_task.md,STANDARD,56,56,0,0,0,0,0,SURVIVING
.github/ISSUE_TEMPLATE/platform-v7-agent-run.md,STANDARD,42,42,0,0,0,0,0,SURVIVING
.github/codeql/codeql-config.yml,STANDARD,36,0,36,0,0,0,0,NONE_SURVIVING
.github/container-images/ci-postgres-inventory.v1.json,STANDARD,235,0,235,0,0,0,0,NONE_SURVIVING
.github/container-images/postgres-16-alpine.v1.json,STANDARD,36,0,36,0,0,0,0,NONE_SURVIVING
.github/container-images/postgres-16.4-alpine3.20.v1.json,STANDARD,36,0,36,0,0,0,0,NONE_SURVIVING
.github/container-images/postgres-16.v1.json,STANDARD,36,0,36,0,0,0,0,NONE_SURVIVING
.github/dependabot.yml,STANDARD,13,13,0,0,0,0,0,SURVIVING
.github/labeler.yml,STANDARD,21,21,0,0,0,0,0,SURVIVING
.github/pull_request_template.md,STANDARD,35,35,0,0,0,0,0,SURVIVING
.github/release-triggers/ai-in-action-b08a5cf.md,STANDARD,6,6,0,0,0,0,0,SURVIVING
.github/release-triggers/ai-in-action-c549d344.md,STANDARD,6,6,0,0,0,0,0,SURVIVING
.github/release-triggers/ai-page-entry-and-release-note.md,STANDARD,1,1,0,0,0,0,0,SURVIVING
.github/release-triggers/ai-page-entry-and-release.md,STANDARD,6,6,0,0,0,0,0,SURVIVING
.github/release-triggers/tai-p0-web-24277e0.md,STANDARD,15,15,0,0,0,0,0,SURVIVING
.github/scripts/pc-crop-08f-prisma-void-lock-fix.py,STANDARD,26,26,0,0,0,0,0,SURVIVING
.github/scripts/pc-crop-08f-sdiz-remediation.py,STANDARD,727,699,28,0,0,0,0,SURVIVING
.github/scripts/tai-gateway-ui-readonly-remediation.py,STANDARD,210,0,210,0,0,0,0,NONE_SURVIVING
.github/test.txt,STANDARD,1,1,0,0,0,0,0,SURVIVING
.github/workflows/api-test.yml,STANDARD,133,97,36,0,0,0,0,SURVIVING
.github/workflows/auction-atomic-acceptance.yml,STANDARD,163,161,2,0,0,0,0,SURVIVING
.github/workflows/automerge.yml,STANDARD,208,208,0,0,0,0,0,SURVIVING
.github/workflows/check-ai-live-c21eec0.yml,STANDARD,48,48,0,0,0,0,0,SURVIVING
.github/workflows/ci-postgres-image-authority.yml,STANDARD,60,0,60,0,0,0,0,NONE_SURVIVING
.github/workflows/ci-postgres-image-mirror.yml,STANDARD,175,0,175,0,0,0,0,NONE_SURVIVING
.github/workflows/ci.yml,STANDARD,327,324,3,0,0,0,0,SURVIVING
.github/workflows/codeql-platform-v7-report.yml,STANDARD,250,48,202,0,0,0,0,SURVIVING
.github/workflows/company-os-control-host-cutover-authorized-20260818.yml,STANDARD,899,899,0,0,0,0,0,SURVIVING
.github/workflows/company-os-control-host-cutover-observer.yml,STANDARD,108,108,0,0,0,0,0,SURVIVING
.github/workflows/company-os-control-host-dns-acceptance.yml,STANDARD,136,136,0,0,0,0,0,SURVIVING
.github/workflows/company-os-control-host-failure-diagnostic.yml,STANDARD,160,160,0,0,0,0,0,SURVIVING
.github/workflows/company-os-control-host-readiness-auto.yml,STANDARD,155,155,0,0,0,0,0,SURVIVING
.github/workflows/company-os-control-host-readiness-v2.yml,STANDARD,669,669,0,0,0,0,0,SURVIVING
.github/workflows/company-os-control-host-readiness.yml,STANDARD,409,409,0,0,0,0,0,SURVIVING
.github/workflows/company-os-control-host-release-recovery.yml,STANDARD,308,308,0,0,0,0,0,SURVIVING
.github/workflows/company-os-f2c-merge-controller.yml,STANDARD,226,226,0,0,0,0,0,SURVIVING
.github/workflows/company-os-f3-foundation-merge-controller.yml,STANDARD,215,215,0,0,0,0,0,SURVIVING
.github/workflows/company-os-f3-stack-reconciler.yml,STANDARD,313,313,0,0,0,0,0,SURVIVING
.github/workflows/company-os-f3a-application-merge-controller.yml,STANDARD,229,229,0,0,0,0,0,SURVIVING
.github/workflows/company-os-f3b-authority-merge-controller.yml,STANDARD,216,216,0,0,0,0,0,SURVIVING
.github/workflows/company-os-f3c-session-merge-controller.yml,STANDARD,213,213,0,0,0,0,0,SURVIVING
.github/workflows/company-os-f3d-postgres-merge-controller.yml,STANDARD,222,222,0,0,0,0,0,SURVIVING
.github/workflows/company-os-f3e-services-merge-controller.yml,STANDARD,215,215,0,0,0,0,0,SURVIVING
.github/workflows/dependency-review.yml,STANDARD,219,219,0,0,0,0,0,SURVIVING
.github/workflows/deploy-ai-web-vps-c21eec0.yml,STANDARD,580,580,0,0,0,0,0,SURVIVING
.github/workflows/design-system-v8.yml,STANDARD,135,135,0,0,0,0,0,SURVIVING
.github/workflows/disputes-postgresql-acceptance.yml,STANDARD,159,158,1,0,0,0,0,SURVIVING
.github/workflows/docker-publish.yml,STANDARD,356,356,0,0,0,0,0,SURVIVING
.github/workflows/domain-core.yml,STANDARD,45,45,0,0,0,0,0,SURVIVING
.github/workflows/gekta-mobile-ux-pr-acceptance.yml,STANDARD,98,98,0,0,0,0,0,SURVIVING
.github/workflows/gekta-p0-speed-g3b-candidate.yml,STANDARD,256,256,0,0,0,0,0,SURVIVING
.github/workflows/gekta-p0-speed-g3c-candidate.yml,STANDARD,264,264,0,0,0,0,0,SURVIVING
.github/workflows/gekta-p0-speed-g3c-cmdline-observer.yml,STANDARD,371,371,0,0,0,0,0,SURVIVING
.github/workflows/gekta-p0-speed-g3c-fixed-rollback.yml,STANDARD,196,196,0,0,0,0,0,SURVIVING
.github/workflows/gekta-p0-speed-g3d-bootstrap-stage.yml,STANDARD,219,219,0,0,0,0,0,SURVIVING
.github/workflows/gekta-p0-speed-g3d-parallel2.yml,STANDARD,236,236,0,0,0,0,0,SURVIVING
.github/workflows/gekta-p0-speed-g3e-ubatch256.yml,STANDARD,280,280,0,0,0,0,0,SURVIVING
.github/workflows/gekta-p0-speed-model-host-control-probe.yml,STANDARD,340,340,0,0,0,0,0,SURVIVING
.github/workflows/gekta-p0-speed-model-host-diagnostic.yml,STANDARD,389,389,0,0,0,0,0,SURVIVING
.github/workflows/gekta-p0-speed-model-metrics.yml,STANDARD,463,463,0,0,0,0,0,SURVIVING
.github/workflows/gekta-p0-speed2-controller.yml,STANDARD,595,595,0,0,0,0,0,SURVIVING
.github/workflows/gekta-production-direct-chat-diagnostic.yml,STANDARD,227,227,0,0,0,0,0,SURVIVING
.github/workflows/gekta-production-qwen-wiring-diagnostic.yml,STANDARD,230,230,0,0,0,0,0,SURVIVING
.github/workflows/gekta-production-request-path-diagnostic.yml,STANDARD,235,235,0,0,0,0,0,SURVIVING
.github/workflows/gekta-production-static-502-diagnostic.yml,STANDARD,329,329,0,0,0,0,0,SURVIVING
.github/workflows/gekta-speed-production-baseline.yml,STANDARD,232,232,0,0,0,0,0,SURVIVING
.github/workflows/gekta-speed-production-browser-baseline.yml,STANDARD,453,453,0,0,0,0,0,SURVIVING
.github/workflows/immutable-release-authority-acceptance.yml,STANDARD,380,379,1,0,0,0,0,SURVIVING
.github/workflows/indexnow-submit.yml,STANDARD,68,68,0,0,0,0,0,SURVIVING
.github/workflows/ir20-api-database-binding.yml,STANDARD,51,51,0,0,0,0,0,SURVIVING
.github/workflows/ir20-restore-drill.yml,STANDARD,533,533,0,0,0,0,0,SURVIVING
.github/workflows/labeler.yml,STANDARD,18,18,0,0,0,0,0,SURVIVING
.github/workflows/marketing-social-growth.yml,STANDARD,109,109,0,0,0,0,0,SURVIVING
.github/workflows/mobile-smoke.yml,STANDARD,69,69,0,0,0,0,0,SURVIVING
.github/workflows/netlify-retirement-authority.yml,STANDARD,26,26,0,0,0,0,0,SURVIVING
.github/workflows/next-security-remediation-3043.yml,STANDARD,231,231,0,0,0,0,0,SURVIVING
.github/workflows/node-ci.yml,STANDARD,60,60,0,0,0,0,0,SURVIVING
.github/workflows/one-shot-external-postgres-evidence-authority.yml,STANDARD,67,67,0,0,0,0,0,SURVIVING
.github/workflows/optional-runtime-retirement-gate.yml,STANDARD,169,169,0,0,0,0,0,SURVIVING
.github/workflows/outbox-postgresql-acceptance.yml,STANDARD,160,158,2,0,0,0,0,SURVIVING
.github/workflows/outbox-worker-publication-contract.yml,STANDARD,28,28,0,0,0,0,0,SURVIVING
.github/workflows/outbox-worker-topology-acceptance.yml,STANDARD,319,318,1,0,0,0,0,SURVIVING
.github/workflows/p0-fgis-first-confirmed-lot-audit.yml,STANDARD,167,167,0,0,0,0,0,SURVIVING
.github/workflows/p0-registration-decision-durable-outbox-controller.yml,STANDARD,240,240,0,0,0,0,0,SURVIVING
.github/workflows/pc-crop-01a.yml,STANDARD,112,112,0,0,0,0,0,SURVIVING
.github/workflows/pc-crop-01b1.yml,STANDARD,156,156,0,0,0,0,0,SURVIVING
.github/workflows/pc-crop-01b3.yml,STANDARD,220,219,1,0,0,0,0,SURVIVING
.github/workflows/pc-crop-01b4.yml,STANDARD,380,379,1,0,0,0,0,SURVIVING
.github/workflows/pc-crop-07a.yml,STANDARD,217,217,0,0,0,0,0,SURVIVING
.github/workflows/pc-crop-07b.yml,STANDARD,206,206,0,0,0,0,0,SURVIVING
.github/workflows/pc-crop-08a.yml,STANDARD,177,177,0,0,0,0,0,SURVIVING
.github/workflows/pc-crop-08b.yml,STANDARD,233,233,0,0,0,0,0,SURVIVING
.github/workflows/pc-crop-08c.yml,STANDARD,133,133,0,0,0,0,0,SURVIVING
.github/workflows/pc-crop-08d.yml,STANDARD,214,214,0,0,0,0,0,SURVIVING
.github/workflows/pc-crop-08e.yml,STANDARD,165,164,1,0,0,0,0,SURVIVING
.github/workflows/pc-crop-08f-sync-main.yml,STANDARD,173,172,1,0,0,0,0,SURVIVING
.github/workflows/pc-crop-08f.yml,STANDARD,298,298,0,0,0,0,0,SURVIVING
.github/workflows/pc-crop-08h.yml,STANDARD,258,258,0,0,0,0,0,SURVIVING
.github/workflows/pc-crop-08i.yml,STANDARD,241,241,0,0,0,0,0,SURVIVING
.github/workflows/pc-crop-10a.yml,STANDARD,102,102,0,0,0,0,0,SURVIVING
.github/workflows/pc-crop-10b.yml,STANDARD,143,143,0,0,0,0,0,SURVIVING
.github/workflows/pc-crop-10c-predecessor-trigger-handoff.yml,STANDARD,75,75,0,0,0,0,0,SURVIVING
.github/workflows/pc-crop-10c.yml,STANDARD,593,591,2,0,0,0,0,SURVIVING
.github/workflows/pc-crop-10d.yml,STANDARD,171,171,0,0,0,0,0,SURVIVING
.github/workflows/pc-crop-accounting-acceptance.yml,STANDARD,198,0,198,0,0,0,0,NONE_SURVIVING
.github/workflows/pc-crop-commercial-rules.yml,STANDARD,159,159,0,0,0,0,0,SURVIVING
.github/workflows/pc-crop-governance.yml,STANDARD,37,37,0,0,0,0,0,SURVIVING
.github/workflows/pc-crop-integration-binding.yml,STANDARD,180,180,0,0,0,0,0,SURVIVING
.github/workflows/pc-crop-inventory.yml,STANDARD,166,166,0,0,0,0,0,SURVIVING
.github/workflows/pc-crop-predecessor-trigger-governance.yml,STANDARD,110,110,0,0,0,0,0,SURVIVING
.github/workflows/pc-crop-project-lock.yml,STANDARD,109,83,26,0,0,0,0,SURVIVING
.github/workflows/pc-crop-provider-registry.yml,STANDARD,166,166,0,0,0,0,0,SURVIVING
.github/workflows/pc-crop-scope-governance.yml,STANDARD,79,79,0,0,0,0,0,SURVIVING
.github/workflows/pc-crop-service-marketplace.yml,STANDARD,161,161,0,0,0,0,0,SURVIVING
.github/workflows/pc-crop-w1-production-acceptance.yml,STANDARD,478,478,0,0,0,0,0,SURVIVING
.github/workflows/pc-crop-w1a-production-preflight.yml,STANDARD,345,345,0,0,0,0,0,SURVIVING
.github/workflows/platform-v7-agent-runner.yml,STANDARD,192,192,0,0,0,0,0,SURVIVING
.github/workflows/platform-v7-autopilot-executor-wiring.yml,STANDARD,37,37,0,0,0,0,0,SURVIVING
.github/workflows/platform-v7-autopilot-generated-merge.yml,STANDARD,187,187,0,0,0,0,0,SURVIVING
.github/workflows/platform-v7-autopilot-guard.yml,STANDARD,1695,1695,0,0,0,0,0,SURVIVING
.github/workflows/platform-v7-autopilot-issue-executor-dry-run.yml,STANDARD,37,37,0,0,0,0,0,SURVIVING
.github/workflows/platform-v7-autopilot-loop-dry-run.yml,STANDARD,71,71,0,0,0,0,0,SURVIVING
.github/workflows/platform-v7-autopilot-loop.yml,STANDARD,116,116,0,0,0,0,0,SURVIVING
.github/workflows/platform-v7-autopilot-watchdog.yml,STANDARD,166,166,0,0,0,0,0,SURVIVING
.github/workflows/platform-v7-design-system-v8-acceptance.yml,STANDARD,174,96,78,0,0,0,0,SURVIVING
.github/workflows/platform-v7-generated-pr-cleanup.yml,STANDARD,73,73,0,0,0,0,0,SURVIVING
.github/workflows/platform-v7-production-i18n-acceptance.yml,STANDARD,285,285,0,0,0,0,0,SURVIVING
.github/workflows/platform-v7-production-mobile-acceptance.yml,STANDARD,246,246,0,0,0,0,0,SURVIVING
.github/workflows/platform-v7-public-smoke.yml,STANDARD,58,58,0,0,0,0,0,SURVIVING
.github/workflows/platform-v7-safe-merge.yml,STANDARD,331,331,0,0,0,0,0,SURVIVING
.github/workflows/platform-v7-strategic-home-lighthouse.yml,STANDARD,90,90,0,0,0,0,0,SURVIVING
.github/workflows/production-auth-mail-db-endpoint-diagnostic-v2.yml,STANDARD,427,427,0,0,0,0,0,SURVIVING
.github/workflows/production-auth-mail-db-endpoint-diagnostic.yml,STANDARD,386,386,0,0,0,0,0,SURVIVING
.github/workflows/production-auth-mail-db-principal-repair.yml,STANDARD,519,519,0,0,0,0,0,SURVIVING
.github/workflows/production-auth-mail-db-runtime-diagnostic-v3.yml,STANDARD,378,378,0,0,0,0,0,SURVIVING
.github/workflows/production-auth-mail-db-runtime-diagnostic-v4.yml,STANDARD,346,346,0,0,0,0,0,SURVIVING
.github/workflows/production-auth-mail-db-runtime-diagnostic-v5.yml,STANDARD,314,314,0,0,0,0,0,SURVIVING
.github/workflows/production-auth-mail-db-runtime-reconcile.yml,STANDARD,574,574,0,0,0,0,0,SURVIVING
.github/workflows/production-auth-mail-outbox-cutover.yml,STANDARD,409,409,0,0,0,0,0,SURVIVING
.github/workflows/production-auth-mail-worker-bootstrap-diagnostic-v6.yml,STANDARD,295,295,0,0,0,0,0,SURVIVING
.github/workflows/production-auth-mail-worker-bootstrap-diagnostic-v7.yml,STANDARD,346,346,0,0,0,0,0,SURVIVING
.github/workflows/production-auth-mail-worker-current-readiness-v8.yml,STANDARD,331,331,0,0,0,0,0,SURVIVING
.github/workflows/production-auth-mail-worker-current-state-v2.yml,STANDARD,320,320,0,0,0,0,0,SURVIVING
.github/workflows/production-auth-mail-worker-network-rebind-f166.yml,STANDARD,178,178,0,0,0,0,0,SURVIVING
.github/workflows/production-auth-mail-worker-readiness-diagnostic.yml,STANDARD,323,323,0,0,0,0,0,SURVIVING
.github/workflows/production-auth-mail-worker-remount-f166-v2.yml,STANDARD,251,251,0,0,0,0,0,SURVIVING
.github/workflows/production-auth-mail-worker-remount-f166.yml,STANDARD,359,359,0,0,0,0,0,SURVIVING
.github/workflows/production-auth-opaque-token-key.yml,STANDARD,215,215,0,0,0,0,0,SURVIVING
.github/workflows/production-db-principal-observer.yml,STANDARD,273,273,0,0,0,0,0,SURVIVING
.github/workflows/production-docker-headroom-diagnostic.yml,STANDARD,450,450,0,0,0,0,0,SURVIVING
.github/workflows/production-docker-headroom-owner-push-once.yml,STANDARD,281,281,0,0,0,0,0,SURVIVING
.github/workflows/production-docker-headroom-recovery.yml,STANDARD,376,376,0,0,0,0,0,SURVIVING
.github/workflows/production-full-stack-exact-sha.yml,STANDARD,591,591,0,0,0,0,0,SURVIVING
.github/workflows/production-gekta-email-verification-runtime-diagnostic.yml,STANDARD,166,166,0,0,0,0,0,SURVIVING
.github/workflows/production-gekta-first-user-acceptance.yml,STANDARD,499,499,0,0,0,0,0,SURVIVING
.github/workflows/production-gekta-first-user-mail-diagnostic.yml,STANDARD,117,117,0,0,0,0,0,SURVIVING
.github/workflows/production-gekta-mfa-runtime-repair.yml,STANDARD,234,234,0,0,0,0,0,SURVIVING
.github/workflows/production-gekta-stream-diagnostic.yml,STANDARD,211,211,0,0,0,0,0,SURVIVING
.github/workflows/production-hosting-authority.yml,STANDARD,89,89,0,0,0,0,0,SURVIVING
.github/workflows/production-like-kubernetes-acceptance.yml,STANDARD,361,361,0,0,0,0,0,SURVIVING
.github/workflows/production-owner-access-reset-current-main.yml,STANDARD,192,192,0,0,0,0,0,SURVIVING
.github/workflows/production-p0-all-role-registration.yml,STANDARD,896,896,0,0,0,0,0,SURVIVING
.github/workflows/production-p0-auth-legacy-alias-diagnostic-v4-3785.yml,STANDARD,130,130,0,0,0,0,0,SURVIVING
.github/workflows/production-p0-auth-mail-api-principal-acl-repair-3785.yml,STANDARD,116,116,0,0,0,0,0,SURVIVING
.github/workflows/production-p0-auth-mail-api-principal-acl-repair-v2-3785.yml,STANDARD,116,116,0,0,0,0,0,SURVIVING
.github/workflows/production-p0-auth-mail-api-principal-acl-repair-v3-3785.yml,STANDARD,116,116,0,0,0,0,0,SURVIVING
.github/workflows/production-p0-auth-mail-authority-cli-classifier-v2-3785.yml,STANDARD,116,116,0,0,0,0,0,SURVIVING
.github/workflows/production-p0-auth-mail-authority-inspect-classifier-3785.yml,STANDARD,116,116,0,0,0,0,0,SURVIVING
.github/workflows/production-p0-auth-mail-compose-contract-classifier-31905081981.yml,STANDARD,82,82,0,0,0,0,0,SURVIVING
.github/workflows/production-p0-auth-mail-db-authority-split-31982996511.yml,STANDARD,116,116,0,0,0,0,0,SURVIVING
.github/workflows/production-p0-auth-mail-db-preflight-31980524957.yml,STANDARD,116,116,0,0,0,0,0,SURVIVING
.github/workflows/production-p0-auth-mail-db-preflight-v2-31981767179.yml,STANDARD,116,116,0,0,0,0,0,SURVIVING
.github/workflows/production-p0-auth-mail-db-preflight-v2-parsefix-31981767179.yml,STANDARD,116,116,0,0,0,0,0,SURVIVING
.github/workflows/production-p0-auth-mail-db-role-acl-probe-31982996511.yml,STANDARD,116,116,0,0,0,0,0,SURVIVING
.github/workflows/production-p0-auth-mail-function-oid-classifier-3785.yml,STANDARD,108,108,0,0,0,0,0,SURVIVING
.github/workflows/production-p0-auth-mail-runtime-boundary-diagnostic-beed.yml,STANDARD,210,210,0,0,0,0,0,SURVIVING
.github/workflows/production-p0-auth-mail-runtime-principal-postverify-31996401705.yml,STANDARD,116,116,0,0,0,0,0,SURVIVING
.github/workflows/production-p0-auth-mail-worker-compose-diff-diagnostic.yml,STANDARD,163,163,0,0,0,0,0,SURVIVING
.github/workflows/production-p0-auth-mail-worker-realign-current-runtime.yml,STANDARD,275,275,0,0,0,0,0,SURVIVING
.github/workflows/production-p0-auth-principal-invariant-diagnostic-v3-3785.yml,STANDARD,124,124,0,0,0,0,0,SURVIVING
.github/workflows/production-p0-auth-runtime-autodiscover-release.yml,STANDARD,281,281,0,0,0,0,0,SURVIVING
.github/workflows/production-p0-auth-runtime-recovery-status.yml,STANDARD,125,125,0,0,0,0,0,SURVIVING
.github/workflows/production-p0-auth-runtime-state-inspect.yml,STANDARD,390,390,0,0,0,0,0,SURVIVING
.github/workflows/production-p0-employee-join-current-inspect.yml,STANDARD,180,180,0,0,0,0,0,SURVIVING
.github/workflows/production-p0-first-customer-acceptance.yml,STANDARD,1084,1084,0,0,0,0,0,SURVIVING
.github/workflows/production-p0-first-customer-imap-stage-diagnostic.yml,STANDARD,288,288,0,0,0,0,0,SURVIVING
.github/workflows/production-p0-first-customer-legacy-mail-correlation-diagnostic.yml,STANDARD,270,270,0,0,0,0,0,SURVIVING
.github/workflows/production-p0-first-customer-legacy-mail-correlation-v3.yml,STANDARD,266,266,0,0,0,0,0,SURVIVING
.github/workflows/production-p0-first-customer-legacy-mail-correlation-v4.yml,STANDARD,275,275,0,0,0,0,0,SURVIVING
.github/workflows/production-p0-first-customer-mail-lifecycle-diagnostic.yml,STANDARD,346,346,0,0,0,0,0,SURVIVING
.github/workflows/production-p0-first-customer-preflight-diagnostic-3785.yml,STANDARD,110,110,0,0,0,0,0,SURVIVING
.github/workflows/production-p0-first-customer-preflight-diagnostic-v2-3785.yml,STANDARD,114,114,0,0,0,0,0,SURVIVING
.github/workflows/production-p0-mailbox-protected-input-classifier.yml,STANDARD,100,100,0,0,0,0,0,SURVIVING
.github/workflows/production-p0-password-reset-diagnostic.yml,STANDARD,90,90,0,0,0,0,0,SURVIVING
.github/workflows/production-p0-password-reset-runtime-provision.yml,STANDARD,578,578,0,0,0,0,0,SURVIVING
.github/workflows/production-p0-registration-current-main-images-connector.yml,STANDARD,237,237,0,0,0,0,0,SURVIVING
.github/workflows/production-p0-registration-current-main-images.yml,STANDARD,248,248,0,0,0,0,0,SURVIVING
.github/workflows/production-p0-regru-coherent-mailbox-recover.yml,STANDARD,455,455,0,0,0,0,0,SURVIVING
.github/workflows/production-p0-regru-host-mailbox-smtp-recover.yml,STANDARD,456,456,0,0,0,0,0,SURVIVING
.github/workflows/production-p0-regru-live-container-mail-recover.yml,STANDARD,141,141,0,0,0,0,0,SURVIVING
.github/workflows/production-p0-regru-live-resend-recover.yml,STANDARD,140,140,0,0,0,0,0,SURVIVING
.github/workflows/production-p0-regru-mail-auth-diagnostic.yml,STANDARD,456,456,0,0,0,0,0,SURVIVING
.github/workflows/production-p0-regru-mailbox-smtp-bridge.yml,STANDARD,232,232,0,0,0,0,0,SURVIVING
.github/workflows/production-p0-regru-normalized-imap-credential-diagnostic.yml,STANDARD,260,260,0,0,0,0,0,SURVIVING
.github/workflows/production-p0-regru-smtp-credential-crosscheck.yml,STANDARD,190,190,0,0,0,0,0,SURVIVING
.github/workflows/production-p0-regru-smtp-runtime-recover.yml,STANDARD,372,372,0,0,0,0,0,SURVIVING
.github/workflows/production-p0-regru-smtp587-auth-diagnostic.yml,STANDARD,280,280,0,0,0,0,0,SURVIVING
.github/workflows/production-p0-retire-stale-fixtures-runtime-pin.yml,STANDARD,361,361,0,0,0,0,0,SURVIVING
.github/workflows/production-p0-retire-stale-fixtures-runtime-stdin.yml,STANDARD,348,348,0,0,0,0,0,SURVIVING
.github/workflows/production-p0-retire-stale-fixtures.yml,STANDARD,283,283,0,0,0,0,0,SURVIVING
.github/workflows/production-p0-reuse-active-auth-runtime-v2.yml,STANDARD,314,314,0,0,0,0,0,SURVIVING
.github/workflows/production-p0-reuse-existing-auth-runtime.yml,STANDARD,313,313,0,0,0,0,0,SURVIVING
.github/workflows/production-p0-reviewer-auth-mail-runtime-wiring-31901032491.yml,STANDARD,82,82,0,0,0,0,0,SURVIVING
.github/workflows/production-p0-reviewer-decision-notification-diagnostic-v2.yml,STANDARD,252,252,0,0,0,0,0,SURVIVING
.github/workflows/production-p0-reviewer-decision-notification-diagnostic.yml,STANDARD,426,426,0,0,0,0,0,SURVIVING
.github/workflows/production-p0-reviewer-inspect-connector-v2.yml,STANDARD,109,109,0,0,0,0,0,SURVIVING
.github/workflows/production-p0-reviewer-inspect.yml,STANDARD,207,207,0,0,0,0,0,SURVIVING
.github/workflows/production-p0-reviewer-membership-repair.yml,STANDARD,329,329,0,0,0,0,0,SURVIVING
.github/workflows/production-p0-reviewer-one-shot-reset-auth-31926729134.yml,STANDARD,180,180,0,0,0,0,0,SURVIVING
.github/workflows/production-p0-reviewer-one-shot-reset-auth-31972920716.yml,STANDARD,271,271,0,0,0,0,0,SURVIVING
.github/workflows/production-p0-reviewer-one-shot-reset-auth-32075599289.yml,STANDARD,271,271,0,0,0,0,0,SURVIVING
.github/workflows/production-p0-reviewer-one-shot-reset-reviewed-e213.yml,STANDARD,338,338,0,0,0,0,0,SURVIVING
.github/workflows/production-p0-reviewer-password-reset-request-deployed-50990d.yml,STANDARD,84,84,0,0,0,0,0,SURVIVING
.github/workflows/production-p0-reviewer-password-reset-request-deployed.yml,STANDARD,82,82,0,0,0,0,0,SURVIVING
.github/workflows/production-p0-reviewer-password-reset-request.yml,STANDARD,97,97,0,0,0,0,0,SURVIVING
.github/workflows/production-p0-reviewer-preflight-observer.yml,STANDARD,129,129,0,0,0,0,0,SURVIVING
.github/workflows/production-p0-reviewer-preflight.yml,STANDARD,354,354,0,0,0,0,0,SURVIVING
.github/workflows/production-p0-reviewer-repair-diagnose.yml,STANDARD,92,92,0,0,0,0,0,SURVIVING
.github/workflows/production-p0-reviewer-reset-api-failure-31901032491.yml,STANDARD,82,82,0,0,0,0,0,SURVIVING
.github/workflows/production-p0-reviewer-reset-attempt-31781887205.yml,STANDARD,82,82,0,0,0,0,0,SURVIVING
.github/workflows/production-p0-reviewer-reset-attempt-31819549601.yml,STANDARD,82,82,0,0,0,0,0,SURVIVING
.github/workflows/production-p0-reviewer-reset-attempt-31821893070.yml,STANDARD,82,82,0,0,0,0,0,SURVIVING
.github/workflows/production-p0-reviewer-reset-attempt-31896239515.yml,STANDARD,82,82,0,0,0,0,0,SURVIVING
.github/workflows/production-p0-reviewer-reset-attempt-31899275062.yml,STANDARD,82,82,0,0,0,0,0,SURVIVING
.github/workflows/production-p0-reviewer-reset-attempt-31899466474.yml,STANDARD,82,82,0,0,0,0,0,SURVIVING
.github/workflows/production-p0-reviewer-reset-attempt-31899902138.yml,STANDARD,82,82,0,0,0,0,0,SURVIVING
.github/workflows/production-p0-reviewer-reset-attempt-31901032491.yml,STANDARD,82,82,0,0,0,0,0,SURVIVING
.github/workflows/production-p0-reviewer-reset-attempt-31914566925.yml,STANDARD,82,82,0,0,0,0,0,SURVIVING
.github/workflows/production-p0-reviewer-reset-attempt-31917500605.yml,STANDARD,82,82,0,0,0,0,0,SURVIVING
.github/workflows/production-p0-reviewer-reset-attempt-31920384152.yml,STANDARD,82,82,0,0,0,0,0,SURVIVING
.github/workflows/production-p0-reviewer-reset-attempt-classifier.yml,STANDARD,529,529,0,0,0,0,0,SURVIVING
.github/workflows/production-p0-reviewer-reset-auth-durable.yml,STANDARD,82,82,0,0,0,0,0,SURVIVING
.github/workflows/production-p0-reviewer-reset-current-deployed.yml,STANDARD,108,108,0,0,0,0,0,SURVIVING
.github/workflows/production-p0-reviewer-reset-db-stage-classifier.yml,STANDARD,81,81,0,0,0,0,0,SURVIVING
.github/workflows/production-p0-reviewer-reset-delivery-diagnostic.yml,STANDARD,82,82,0,0,0,0,0,SURVIVING
.github/workflows/production-p0-reviewer-reset-drift-tolerant-preflight.yml,STANDARD,369,369,0,0,0,0,0,SURVIVING
.github/workflows/production-p0-reviewer-reset-enqueue-db-state.yml,STANDARD,115,115,0,0,0,0,0,SURVIVING
.github/workflows/production-p0-reviewer-reset-fixed-deployed.yml,STANDARD,81,81,0,0,0,0,0,SURVIVING
.github/workflows/production-p0-reviewer-reset-http-diagnostic.yml,STANDARD,81,81,0,0,0,0,0,SURVIVING
.github/workflows/production-p0-reviewer-reset-incident-diagnostic.yml,STANDARD,82,82,0,0,0,0,0,SURVIVING
.github/workflows/production-p0-reviewer-reset-log-classifier-f37-actual-window.yml,STANDARD,376,376,0,0,0,0,0,SURVIVING
.github/workflows/production-p0-reviewer-reset-log-classifier-f37-robust.yml,STANDARD,422,422,0,0,0,0,0,SURVIVING
.github/workflows/production-p0-reviewer-reset-no-outbox-classifier.yml,STANDARD,127,127,0,0,0,0,0,SURVIVING
.github/workflows/production-p0-reviewer-reset-preflight-deployed-3249191e.yml,STANDARD,222,222,0,0,0,0,0,SURVIVING
.github/workflows/production-p0-reviewer-reset-preflight-deployed-50990d.yml,STANDARD,171,171,0,0,0,0,0,SURVIVING
.github/workflows/production-p0-reviewer-reset-preflight-reviewed-55acf.yml,STANDARD,219,219,0,0,0,0,0,SURVIVING
.github/workflows/production-p0-reviewer-reset-preflight-reviewed-bbfca269.yml,STANDARD,215,215,0,0,0,0,0,SURVIVING
.github/workflows/production-p0-reviewer-reset-remote-diagnostic-3249191e.yml,STANDARD,152,152,0,0,0,0,0,SURVIVING
.github/workflows/production-p0-reviewer-reset-remote-diagnostic-50990d-v2.yml,STANDARD,122,122,0,0,0,0,0,SURVIVING
.github/workflows/production-p0-reviewer-reset-remote-diagnostic-50990d.yml,STANDARD,162,162,0,0,0,0,0,SURVIVING
.github/workflows/production-p0-reviewer-reset-route-diagnostic-v2.yml,STANDARD,161,161,0,0,0,0,0,SURVIVING
.github/workflows/production-p0-reviewer-reset-route-diagnostic.yml,STANDARD,129,129,0,0,0,0,0,SURVIVING
.github/workflows/production-p0-reviewer-reset-runtime-preflight-31901032491.yml,STANDARD,82,82,0,0,0,0,0,SURVIVING
.github/workflows/production-p0-reviewer-reset-stack-classifier-31901032491.yml,STANDARD,82,82,0,0,0,0,0,SURVIVING
.github/workflows/production-p0-reviewer-reset-stack-classifier-31974946435.yml,STANDARD,115,115,0,0,0,0,0,SURVIVING
.github/workflows/production-p0-reviewer-reset-stack-classifier-32075599289.yml,STANDARD,175,175,0,0,0,0,0,SURVIVING
.github/workflows/production-p0-reviewer-reset-stack-classifier-f37-attempt.yml,STANDARD,180,180,0,0,0,0,0,SURVIVING
.github/workflows/production-p0-reviewer-reset-stack-classifier-f37-single-ssh.yml,STANDARD,180,180,0,0,0,0,0,SURVIVING
.github/workflows/production-p0-reviewer-reset-subject-diagnostic.yml,STANDARD,81,81,0,0,0,0,0,SURVIVING
.github/workflows/production-p0-reviewer-smtp-451-detail.yml,STANDARD,105,105,0,0,0,0,0,SURVIVING
.github/workflows/production-p0-reviewer-smtp-stage-probe.yml,STANDARD,104,104,0,0,0,0,0,SURVIVING
.github/workflows/production-p0-root-mail-from-recover.yml,STANDARD,449,449,0,0,0,0,0,SURVIVING
.github/workflows/production-p0-runtime-revision-parity-diagnostic.yml,STANDARD,491,491,0,0,0,0,0,SURVIVING
.github/workflows/production-p0-ssh-external-stage-diagnostic.yml,STANDARD,216,216,0,0,0,0,0,SURVIVING
.github/workflows/production-p0-ssh-host-key-attestation-v4.yml,STANDARD,280,280,0,0,0,0,0,SURVIVING
.github/workflows/production-p0-ssh-host-key-attestation.yml,STANDARD,489,489,0,0,0,0,0,SURVIVING
.github/workflows/production-p0-staff-api-origin-local-controller-repair.yml,STANDARD,701,701,0,0,0,0,0,SURVIVING
.github/workflows/production-p0-staff-api-origin-runtime-repair.yml,STANDARD,493,493,0,0,0,0,0,SURVIVING
.github/workflows/production-p0-staff-unavailable-diagnostic.yml,STANDARD,89,89,0,0,0,0,0,SURVIVING
.github/workflows/production-p0-stale-first-customer-marker-classifier.yml,STANDARD,196,196,0,0,0,0,0,SURVIVING
.github/workflows/production-p0-web-container-smtp-auth-diagnostic.yml,STANDARD,353,353,0,0,0,0,0,SURVIVING
.github/workflows/production-p0-web-container-smtp-delivery-proof.yml,STANDARD,107,107,0,0,0,0,0,SURVIVING
.github/workflows/production-presentation-download-acceptance.yml,STANDARD,33,33,0,0,0,0,0,SURVIVING
.github/workflows/production-release-accepted-sha.yml,STANDARD,166,166,0,0,0,0,0,SURVIVING
.github/workflows/production-smoke.yml,STANDARD,57,57,0,0,0,0,0,SURVIVING
.github/workflows/production-ssh-host-key-attestation.yml,STANDARD,237,237,0,0,0,0,0,SURVIVING
.github/workflows/production-staff-database-url.yml,STANDARD,192,192,0,0,0,0,0,SURVIVING
.github/workflows/production-static-readiness-contract.yml,STANDARD,65,65,0,0,0,0,0,SURVIVING
.github/workflows/production-web-exact-sha-image-gate.yml,STANDARD,223,223,0,0,0,0,0,SURVIVING
.github/workflows/production-web-exact-sha.yml,STANDARD,451,451,0,0,0,0,0,SURVIVING
.github/workflows/production-web-key-normalization-retry.yml,STANDARD,362,362,0,0,0,0,0,SURVIVING
.github/workflows/production-web-owner-audit-command.yml,STANDARD,28,28,0,0,0,0,0,SURVIVING
.github/workflows/production-web-owner-exact-command.yml,STANDARD,124,124,0,0,0,0,0,SURVIVING
.github/workflows/public-ai-mobile-exact-sha-recovery.yml,STANDARD,369,369,0,0,0,0,0,SURVIVING
.github/workflows/publish-ai-in-action-b08a5cf.yml,STANDARD,46,46,0,0,0,0,0,SURVIVING
.github/workflows/publish-ai-plain-language-fc1ed41.yml,STANDARD,45,45,0,0,0,0,0,SURVIVING
.github/workflows/publish-ai-visual-acceptance-85a5215.yml,STANDARD,48,48,0,0,0,0,0,SURVIVING
.github/workflows/publish-ai-web-c21eec0.yml,STANDARD,176,176,0,0,0,0,0,SURVIVING
.github/workflows/publish-ai-web-x64-c21eec0.yml,STANDARD,99,99,0,0,0,0,0,SURVIVING
.github/workflows/qodana-platform-v7-report.yml,STANDARD,45,45,0,0,0,0,0,SURVIVING
.github/workflows/role-eligibility-acceptance.yml,STANDARD,186,186,0,0,0,0,0,SURVIVING
.github/workflows/role-eligibility-authoritative-corpus-readiness.yml,STANDARD,261,261,0,0,0,0,0,SURVIVING
.github/workflows/role-eligibility-ci.yml,STANDARD,99,99,0,0,0,0,0,SURVIVING
.github/workflows/role-eligibility-corpus-lineage-diagnostic.yml,STANDARD,184,184,0,0,0,0,0,SURVIVING
.github/workflows/role-eligibility-corpus-provenance.yml,STANDARD,220,220,0,0,0,0,0,SURVIVING
.github/workflows/role-eligibility-enforcement-migration-image.yml,STANDARD,57,57,0,0,0,0,0,SURVIVING
.github/workflows/role-eligibility-enforcement-migration.yml,STANDARD,315,315,0,0,0,0,0,SURVIVING
.github/workflows/role-eligibility-enforcement-readiness.yml,STANDARD,290,290,0,0,0,0,0,SURVIVING
.github/workflows/role-eligibility-enforcement-state-acceptance.yml,STANDARD,93,93,0,0,0,0,0,SURVIVING
.github/workflows/role-eligibility-fgis-production-connectivity-probe.yml,STANDARD,218,218,0,0,0,0,0,SURVIVING
.github/workflows/role-eligibility-fgis-source-contract-probe.yml,STANDARD,168,168,0,0,0,0,0,SURVIVING
.github/workflows/role-eligibility-fns-rsmp-production-import.yml,STANDARD,262,262,0,0,0,0,0,SURVIVING
.github/workflows/role-eligibility-production-api-release.yml,STANDARD,368,368,0,0,0,0,0,SURVIVING
.github/workflows/role-eligibility-production-worker.yml,STANDARD,271,271,0,0,0,0,0,SURVIVING
.github/workflows/role-eligibility-registration-boundary.yml,STANDARD,51,51,0,0,0,0,0,SURVIVING
.github/workflows/runtime-context-security-gate.yml,STANDARD,296,296,0,0,0,0,0,SURVIVING
.github/workflows/sbom-scan.yml,STANDARD,283,271,12,0,0,0,0,SURVIVING
.github/workflows/security-abuse-evidence.yml,STANDARD,214,213,1,0,0,0,0,SURVIVING
.github/workflows/security-quality-gate.yml,STANDARD,440,341,99,0,0,0,0,SURVIVING
.github/workflows/security.yml,STANDARD,82,0,82,0,0,0,0,NONE_SURVIVING
.github/workflows/seo-live-smoke.yml,STANDARD,160,160,0,0,0,0,0,SURVIVING
.github/workflows/single-server-release-reporter.yml,STANDARD,45,45,0,0,0,0,0,SURVIVING
.github/workflows/stale.yml,STANDARD,17,17,0,0,0,0,0,SURVIVING
.github/workflows/tai-ap-14f0.yml,STANDARD,132,132,0,0,0,0,0,SURVIVING
.github/workflows/tai-ap-14f1a.yml,STANDARD,258,258,0,0,0,0,0,SURVIVING
.github/workflows/tai-ap-14f1b.yml,STANDARD,119,119,0,0,0,0,0,SURVIVING
.github/workflows/tai-ap-14f1b2.yml,STANDARD,443,443,0,0,0,0,0,SURVIVING
.github/workflows/tai-ap-14f1c.yml,STANDARD,378,378,0,0,0,0,0,SURVIVING
.github/workflows/tai-ap-14f1d.yml,STANDARD,368,368,0,0,0,0,0,SURVIVING
.github/workflows/tai-ap14c-expert-review-packet.yml,STANDARD,215,215,0,0,0,0,0,SURVIVING
.github/workflows/tai-ap14c-review-submission-intake.yml,STANDARD,92,92,0,0,0,0,0,SURVIVING
.github/workflows/tai-automatic-reg-ru-preflight.yml,STANDARD,442,442,0,0,0,0,0,SURVIVING
.github/workflows/tai-bundle-s3-preflight.yml,STANDARD,336,336,0,0,0,0,0,SURVIVING
.github/workflows/tai-cpu-benchmark-execution-authority.yml,STANDARD,197,197,0,0,0,0,0,SURVIVING
.github/workflows/tai-cpu-benchmark-run-plan-authority.yml,STANDARD,357,357,0,0,0,0,0,SURVIVING
.github/workflows/tai-foundation.yml,STANDARD,103,103,0,0,0,0,0,SURVIVING
.github/workflows/tai-gateway-remediation-main-push.yml,STANDARD,103,103,0,0,0,0,0,SURVIVING
.github/workflows/tai-gateway-ui-readonly-binding.yml,STANDARD,93,92,1,0,0,0,0,SURVIVING
.github/workflows/tai-live-source-evidence.yml,STANDARD,321,321,0,0,0,0,0,SURVIVING
.github/workflows/tai-llama-toolchain-acceptance-handoff.yml,STANDARD,467,467,0,0,0,0,0,SURVIVING
.github/workflows/tai-llama-toolchain-build.yml,STANDARD,539,539,0,0,0,0,0,SURVIVING
.github/workflows/tai-llama-toolchain-continuity.yml,STANDARD,124,124,0,0,0,0,0,SURVIVING
.github/workflows/tai-migration-full-manifest-contract.yml,STANDARD,88,88,0,0,0,0,0,SURVIVING
.github/workflows/tai-model-bundle-finalization.yml,STANDARD,135,135,0,0,0,0,0,SURVIVING
.github/workflows/tai-model-bundle-storage-preflight.yml,STANDARD,517,517,0,0,0,0,0,SURVIVING
.github/workflows/tai-model-conversion-diagnostics.yml,STANDARD,332,332,0,0,0,0,0,SURVIVING
.github/workflows/tai-model-conversion-progress.yml,STANDARD,341,341,0,0,0,0,0,SURVIVING
.github/workflows/tai-model-conversion.yml,STANDARD,141,141,0,0,0,0,0,SURVIVING
.github/workflows/tai-model-host-capacity-probe.yml,STANDARD,348,348,0,0,0,0,0,SURVIVING
.github/workflows/tai-model-host-preflight.yml,STANDARD,397,397,0,0,0,0,0,SURVIVING
.github/workflows/tai-model-legal-review.yml,STANDARD,213,213,0,0,0,0,0,SURVIVING
.github/workflows/tai-model-source-acquisition.yml,STANDARD,470,470,0,0,0,0,0,SURVIVING
.github/workflows/tai-owner-canonical-images-command.yml,STANDARD,121,121,0,0,0,0,0,SURVIVING
.github/workflows/tai-owner-controller-sync-command.yml,STANDARD,340,340,0,0,0,0,0,SURVIVING
.github/workflows/tai-owner-finalization-recovery-command.yml,STANDARD,723,723,0,0,0,0,0,SURVIVING
.github/workflows/tai-owner-incomplete-deployment-recovery.yml,STANDARD,373,373,0,0,0,0,0,SURVIVING
.github/workflows/tai-owner-public-non-tai-acl-repair-v2.yml,STANDARD,240,240,0,0,0,0,0,SURVIVING
.github/workflows/tai-owner-public-non-tai-acl-repair.yml,STANDARD,407,407,0,0,0,0,0,SURVIVING
.github/workflows/tai-owner-qwen-activation-command.yml,STANDARD,227,227,0,0,0,0,0,SURVIVING
.github/workflows/tai-owner-reg-ru-deployment-command.yml,STANDARD,467,462,5,0,0,0,0,SURVIVING
.github/workflows/tai-owner-runtime-role-direct-grant-repair.yml,STANDARD,318,318,0,0,0,0,0,SURVIVING
.github/workflows/tai-owner-runtime-role-repair-command.yml,STANDARD,218,218,0,0,0,0,0,SURVIVING
.github/workflows/tai-public-agro-semantic-live-acceptance.yml,STANDARD,464,464,0,0,0,0,0,SURVIVING
.github/workflows/tai-qwen-exact-image-activation-chain.yml,STANDARD,170,170,0,0,0,0,0,SURVIVING
.github/workflows/tai-qwen-model-host-password-repair.yml,STANDARD,500,500,0,0,0,0,0,SURVIVING
.github/workflows/tai-qwen-model-host-repair.yml,STANDARD,317,317,0,0,0,0,0,SURVIVING
.github/workflows/tai-qwen-preview-runtime.yml,STANDARD,153,132,21,0,0,0,0,SURVIVING
.github/workflows/tai-qwen-root-key-repair.yml,STANDARD,346,346,0,0,0,0,0,SURVIVING
.github/workflows/tai-reg-ru-deploy.yml,STANDARD,356,353,3,0,0,0,0,SURVIVING
.github/workflows/tai-reg-ru-docker-headroom-owner-command.yml,STANDARD,245,245,0,0,0,0,0,SURVIVING
.github/workflows/tai-reg-ru-preflight-owner-command.yml,STANDARD,501,500,1,0,0,0,0,SURVIVING
.github/workflows/tai-reg-ru-preflight.yml,STANDARD,328,324,4,0,0,0,0,SURVIVING
.github/workflows/tai-reg-ru-runner-diagnostic-owner-command.yml,STANDARD,423,423,0,0,0,0,0,SURVIVING
.github/workflows/tai-reg-ru-runner-diagnostic-v2-owner-command.yml,STANDARD,495,495,0,0,0,0,0,SURVIVING
.github/workflows/tai-reg-ru-runner-recovery-owner-command.yml,STANDARD,309,309,0,0,0,0,0,SURVIVING
.github/workflows/tai-release-acceptance.yml,STANDARD,204,204,0,0,0,0,0,SURVIVING
.github/workflows/tai-restricted-qwen-reg-ru-activation.yml,STANDARD,541,508,33,0,0,0,0,SURVIVING
.github/workflows/tai-restricted-qwen-reg-ru-observer.yml,STANDARD,90,90,0,0,0,0,0,SURVIVING
.github/workflows/tai-runtime-image.yml,STANDARD,170,170,0,0,0,0,0,SURVIVING
.github/workflows/tai-selectel-s3-provision.yml,STANDARD,660,660,0,0,0,0,0,SURVIVING
.github/workflows/test.yml,STANDARD,7,7,0,0,0,0,0,SURVIVING
.github/workflows/web-unit.yml,STANDARD,66,66,0,0,0,0,0,SURVIVING
.github/workflows/workflow-syntax-guard.yml,STANDARD,30,0,30,0,0,0,0,NONE_SURVIVING
.gitignore,STANDARD,38,22,13,3,0,0,0,SURVIVING
.gitleaksignore,STANDARD,51,43,8,0,0,0,0,SURVIVING
.node-version,STANDARD,1,1,0,0,0,0,0,SURVIVING
.scope/active/production-ssh-host-key-attestation-3072.json,STANDARD,37,37,0,0,0,0,0,SURVIVING
.tmp-main-ir-10-3-schema-fix-trigger,STANDARD,1,1,0,0,0,0,0,SURVIVING
AGENTS.md,STANDARD,106,106,0,0,0,0,0,SURVIVING
AUDIT_maturity-runtime_2026-07-03.md,STANDARD,191,191,0,0,0,0,0,SURVIVING
AUDIT_platform-v7_full.md,STANDARD,230,230,0,0,0,0,0,SURVIVING
CANONICAL_DEPLOY.md,STANDARD,71,71,0,0,0,0,0,SURVIVING
CONTRIBUTOR_IP_POLICY.md,STANDARD,8,8,0,0,0,0,0,SURVIVING
COPYRIGHT,STANDARD,5,5,0,0,0,0,0,SURVIVING
IP_POLICY.md,STANDARD,7,7,0,0,0,0,0,SURVIVING
LICENSE,STANDARD,27,27,0,0,0,0,0,SURVIVING
LICENSE-PROPRIETARY.md,STANDARD,8,8,0,0,0,0,0,SURVIVING
NOTICE,STANDARD,13,13,0,0,0,0,0,SURVIVING
OPEN_SOURCE_POLICY.md,STANDARD,19,19,0,0,0,0,0,SURVIVING
PRODUCTION_CUTOVER.md,STANDARD,53,53,0,0,0,0,0,SURVIVING
README.md,STANDARD,46,46,0,0,0,0,0,SURVIVING
SECURITY.md,STANDARD,71,0,71,0,0,0,0,NONE_SURVIVING
THIRD_PARTY_NOTICES.md,STANDARD,13,13,0,0,0,0,0,SURVIVING
app,STANDARD,1,1,0,0,0,0,0,SURVIVING
apps/api/jest.config.js,STANDARD,13,0,0,13,0,0,0,SURVIVING
apps/api/openapi.yaml,STANDARD,3669,0,3669,0,0,0,0,NONE_SURVIVING
apps/api/package.json,STANDARD,77,29,47,1,0,0,0,SURVIVING
apps/api/prisma/contracts/deal_workspace_runtime_snapshots.sql,STANDARD,93,93,0,0,0,0,0,SURVIVING
apps/api/prisma/migrations/0001_postgresql_initial/migration.sql,STANDARD,715,715,0,0,0,0,0,SURVIVING
apps/api/prisma/migrations/20260522083644_init/migration.sql,STANDARD,16,16,0,0,0,0,0,SURVIVING
apps/api/prisma/migrations/20260522120000_add_core_tables/migration.sql,STANDARD,15,15,0,0,0,0,0,SURVIVING
apps/api/prisma/migrations/20260627000000_v3_grainflow_production/migration.sql,STANDARD,249,0,249,0,0,0,0,NONE_SURVIVING
apps/api/prisma/migrations/20260710060000_deal_workspace_runtime_persistence/migration.sql,STANDARD,172,172,0,0,0,0,0,SURVIVING
apps/api/prisma/migrations/20260710060000_deal_workspace_runtime_persistence/rollback.sql,STANDARD,22,22,0,0,0,0,0,SURVIVING
apps/api/prisma/migrations/20260710114000_prepare_schema_reconciliation/migration.sql,STANDARD,14,14,0,0,0,0,0,SURVIVING
apps/api/prisma/migrations/20260710114500_reconcile_postgresql_schema/migration.sql,STANDARD,369,369,0,0,0,0,0,SURVIVING
apps/api/prisma/migrations/20260710120000_deal_participants/migration.sql,STANDARD,45,45,0,0,0,0,0,SURVIVING
apps/api/prisma/migrations/20260710150000_persistent_identity_sessions/migration.sql,STANDARD,305,305,0,0,0,0,0,SURVIVING
apps/api/prisma/migrations/20260710173000_durable_evidence_storage/migration.sql,STANDARD,80,80,0,0,0,0,0,SURVIVING
apps/api/prisma/migrations/20260710173500_harden_deal_document_storage_rls/migration.sql,STANDARD,55,55,0,0,0,0,0,SURVIVING
apps/api/prisma/migrations/20260710184000_distributed_high_risk_rate_limits/migration.sql,STANDARD,53,53,0,0,0,0,0,SURVIVING
apps/api/prisma/migrations/20260710191500_rate_limit_execute_only/migration.sql,STANDARD,130,130,0,0,0,0,0,SURVIVING
apps/api/prisma/migrations/20260711100000_staff_access_control_plane/migration.sql,STANDARD,430,430,0,0,0,0,0,SURVIVING
apps/api/prisma/migrations/20260711101000_staff_assignment_mfa_enforcement/migration.sql,STANDARD,211,211,0,0,0,0,0,SURVIVING
apps/api/prisma/migrations/20260711102000_staff_deal_scope_resolution/migration.sql,STANDARD,45,45,0,0,0,0,0,SURVIVING
apps/api/prisma/migrations/20260711103000_staff_audit_chain_enforcement/migration.sql,STANDARD,41,41,0,0,0,0,0,SURVIVING
apps/api/prisma/migrations/20260711110000_staff_support_cases/migration.sql,STANDARD,106,106,0,0,0,0,0,SURVIVING
apps/api/prisma/migrations/20260712090000_industrial_transaction_core/migration.sql,STANDARD,123,123,0,0,0,0,0,SURVIVING
apps/api/prisma/migrations/20260712130000_money_reconciliation_key_rotation/migration.sql,STANDARD,128,128,0,0,0,0,0,SURVIVING
apps/api/prisma/migrations/20260712150000_observability_event_indexes/migration.sql,STANDARD,13,13,0,0,0,0,0,SURVIVING
apps/api/prisma/migrations/20260712193000_postgresql_deal_authority/migration.sql,STANDARD,343,343,0,0,0,0,0,SURVIVING
apps/api/prisma/migrations/20260712194000_deal_basis_immutability/migration.sql,STANDARD,101,101,0,0,0,0,0,SURVIVING
apps/api/prisma/migrations/20260712195000_deal_insert_basis_only/migration.sql,STANDARD,14,14,0,0,0,0,0,SURVIVING
apps/api/prisma/migrations/20260713090000_documents_postgresql_authority/migration.sql,STANDARD,514,514,0,0,0,0,0,SURVIVING
apps/api/prisma/migrations/20260713100000_logistics_postgresql_authority/migration.sql,STANDARD,750,747,0,0,3,0,0,SURVIVING
apps/api/prisma/migrations/20260713101000_logistics_postgresql_authority/migration.sql,STANDARD,75,73,0,0,2,0,0,SURVIVING
apps/api/prisma/migrations/20260713102000_logistics_postgresql_authority/migration.sql,STANDARD,23,23,0,0,0,0,0,SURVIVING
apps/api/prisma/migrations/20260713103000_logistics_postgresql_authority/migration.sql,STANDARD,52,52,0,0,0,0,0,SURVIVING
apps/api/prisma/migrations/20260713104000_logistics_postgresql_authority/migration.sql,STANDARD,14,14,0,0,0,0,0,SURVIVING
apps/api/prisma/migrations/20260713105000_logistics_postgresql_authority/migration.sql,STANDARD,28,1,0,0,27,0,0,SURVIVING
apps/api/prisma/migrations/20260713119000_labs_postgresql_authority/migration.sql,STANDARD,7,7,0,0,0,0,0,SURVIVING
apps/api/prisma/migrations/20260713120000_labs_postgresql_authority/migration.sql,STANDARD,703,703,0,0,0,0,0,SURVIVING
apps/api/prisma/migrations/20260713121000_labs_postgresql_authority/migration.sql,STANDARD,426,426,0,0,0,0,0,SURVIVING
apps/api/prisma/migrations/20260713122000_labs_postgresql_authority/migration.sql,STANDARD,18,0,0,0,18,0,0,NONE_SURVIVING
apps/api/prisma/migrations/20260713123000_labs_postgresql_authority/migration.sql,STANDARD,673,673,0,0,0,0,0,SURVIVING
apps/api/prisma/migrations/20260713124000_labs_postgresql_authority/migration.sql,STANDARD,233,233,0,0,0,0,0,SURVIVING
apps/api/prisma/migrations/20260713125000_labs_postgresql_authority/migration.sql,STANDARD,203,203,0,0,0,0,0,SURVIVING
apps/api/prisma/migrations/20260713126000_labs_finalize_custody_purpose/migration.sql,STANDARD,70,70,0,0,0,0,0,SURVIVING
apps/api/prisma/migrations/20260713127000_labs_postgresql_authority/migration.sql,STANDARD,124,124,0,0,0,0,0,SURVIVING
apps/api/prisma/migrations/20260713128000_labs_postgresql_authority/migration.sql,STANDARD,50,50,0,0,0,0,0,SURVIVING
apps/api/prisma/migrations/20260713130000_deal_registry_postgresql_read_model/migration.sql,STANDARD,289,289,0,0,0,0,0,SURVIVING
apps/api/prisma/migrations/20260713140000_settlement_postgresql_authority/migration.sql,STANDARD,704,704,0,0,0,0,0,SURVIVING
apps/api/prisma/migrations/20260713140500_settlement_projection_guard_fix/migration.sql,STANDARD,36,36,0,0,0,0,0,SURVIVING
apps/api/prisma/migrations/20260713141000_settlement_postgresql_authority_hardening/migration.sql,STANDARD,49,49,0,0,0,0,0,SURVIVING
apps/api/prisma/migrations/20260713142000_settlement_postgresql_authority_legacy_projection/migration.sql,STANDARD,37,37,0,0,0,0,0,SURVIVING
apps/api/prisma/migrations/20260713143000_settlement_rls_qualified_columns/migration.sql,STANDARD,60,60,0,0,0,0,0,SURVIVING
apps/api/prisma/migrations/20260713144000_settlement_callback_scope_compatibility/migration.sql,STANDARD,44,44,0,0,0,0,0,SURVIVING
apps/api/prisma/migrations/20260713145000_settlement_partial_release_and_receipts/migration.sql,STANDARD,144,144,0,0,0,0,0,SURVIVING
apps/api/prisma/migrations/20260713146000_settlement_postgresql_authority_outbox_transition/migration.sql,STANDARD,142,142,0,0,0,0,0,SURVIVING
apps/api/prisma/migrations/20260713147000_settlement_participant_scope_hardening/migration.sql,STANDARD,54,54,0,0,0,0,0,SURVIVING
apps/api/prisma/migrations/20260713148000_settlement_confirmed_counter_guard/migration.sql,STANDARD,387,387,0,0,0,0,0,SURVIVING
apps/api/prisma/migrations/20260713149000_settlement_callback_trigger_authority/migration.sql,STANDARD,22,22,0,0,0,0,0,SURVIVING
apps/api/prisma/migrations/20260713150000_settlement_mixed_disposition_status/migration.sql,STANDARD,179,179,0,0,0,0,0,SURVIVING
apps/api/prisma/migrations/20260713151000_settlement_callback_event_binding/migration.sql,STANDARD,51,51,0,0,0,0,0,SURVIVING
apps/api/prisma/migrations/20260713152000_settlement_full_resting_status_guard/migration.sql,STANDARD,241,241,0,0,0,0,0,SURVIVING
apps/api/prisma/migrations/20260713153000_settlement_callback_status_binding_name/migration.sql,STANDARD,240,240,0,0,0,0,0,SURVIVING
apps/api/prisma/migrations/20260713154000_settlement_request_vs_resting_status/migration.sql,STANDARD,248,248,0,0,0,0,0,SURVIVING
apps/api/prisma/migrations/20260713210000_auction_postgresql_authority/migration.sql,STANDARD,273,273,0,0,0,0,0,SURVIVING
apps/api/prisma/migrations/20260713211000_auction_single_winner_guard/migration.sql,STANDARD,5,5,0,0,0,0,0,SURVIVING
apps/api/prisma/migrations/20260715013000_auction_atomic_execution/migration.sql,STANDARD,1021,1021,0,0,0,0,0,SURVIVING
apps/api/prisma/migrations/20260715013050_auction_atomic_execution/migration.sql,STANDARD,33,33,0,0,0,0,0,SURVIVING
apps/api/prisma/migrations/20260715013100_auction_atomic_execution/migration.sql,STANDARD,867,867,0,0,0,0,0,SURVIVING
apps/api/prisma/migrations/20260715013200_auction_atomic_execution/migration.sql,STANDARD,52,52,0,0,0,0,0,SURVIVING
apps/api/prisma/migrations/20260715013300_auction_atomic_execution/migration.sql,STANDARD,88,88,0,0,0,0,0,SURVIVING
apps/api/prisma/migrations/20260715021000_dispute_postgresql_authority/migration.sql,STANDARD,487,487,0,0,0,0,0,SURVIVING
apps/api/prisma/migrations/20260715021050_dispute_hold_binding_guard/migration.sql,STANDARD,38,38,0,0,0,0,0,SURVIVING
apps/api/prisma/migrations/20260715021100_dispute_postgresql_commands/migration.sql,STANDARD,532,532,0,0,0,0,0,SURVIVING
apps/api/prisma/migrations/20260715021150_dispute_instruction_operation_binding/migration.sql,STANDARD,12,12,0,0,0,0,0,SURVIVING
apps/api/prisma/migrations/20260715021200_dispute_lifecycle_commands/migration.sql,STANDARD,412,412,0,0,0,0,0,SURVIVING
apps/api/prisma/migrations/20260715021300_dispute_finalization_commands/migration.sql,STANDARD,337,337,0,0,0,0,0,SURVIVING
apps/api/prisma/migrations/20260715021400_dispute_deal_freeze_and_payment_projection/migration.sql,STANDARD,264,264,0,0,0,0,0,SURVIVING
apps/api/prisma/migrations/20260715021400_dispute_party_initiator_guard/migration.sql,STANDARD,46,46,0,0,0,0,0,SURVIVING
apps/api/prisma/migrations/20260715021500_dispute_audit_legacy_fk_decoupling/migration.sql,STANDARD,70,70,0,0,0,0,0,SURVIVING
apps/api/prisma/migrations/20260715021600_settlement_app_role_grants/migration.sql,STANDARD,86,86,0,0,0,0,0,SURVIVING
apps/api/prisma/migrations/20260715021700_public_ledger_invariant_privilege_boundary/migration.sql,STANDARD,54,54,0,0,0,0,0,SURVIVING
apps/api/prisma/migrations/20260715123000_ir_outbox_postgresql_authority/migration.sql,STANDARD,100,99,0,0,1,0,0,SURVIVING
apps/api/prisma/migrations/20260715143000_outbox_worker_principal/migration.sql,STANDARD,50,50,0,0,0,0,0,SURVIVING
apps/api/prisma/migrations/20260720131500_commodity_profile_registry_authority/migration.sql,STANDARD,530,530,0,0,0,0,0,SURVIVING
apps/api/prisma/migrations/20260722120000_regulatory_integration_inbox/migration.sql,STANDARD,178,178,0,0,0,0,0,SURVIVING
apps/api/prisma/migrations/20260723113000_public_organization_connection_intake/migration.sql,STANDARD,311,311,0,0,0,0,0,SURVIVING
apps/api/prisma/migrations/20260723150000_public_organization_intake_consent_precision/migration.sql,STANDARD,233,233,0,0,0,0,0,SURVIVING
apps/api/prisma/migrations/20260723182500_public_organization_intake_correlation_return_contract/migration.sql,STANDARD,229,229,0,0,0,0,0,SURVIVING
apps/api/prisma/migrations/20260724010000_public_organization_intake_correlation_text/migration.sql,STANDARD,197,197,0,0,0,0,0,SURVIVING
apps/api/prisma/migrations/20260724145500_fgis_grain_provider_attestation_authority/migration.sql,STANDARD,151,151,0,0,0,0,0,SURVIVING
apps/api/prisma/migrations/20260724190000_fgis_grain_sdiz_projection/migration.sql,STANDARD,762,762,0,0,0,0,0,SURVIVING
apps/api/prisma/migrations/20260727192500_fgis_grain_exchange_principals/migration.sql,STANDARD,19,19,0,0,0,0,0,SURVIVING
apps/api/prisma/migrations/20260727193000_fgis_grain_exchange_receipt/migration.sql,STANDARD,1066,1066,0,0,0,0,0,SURVIVING
apps/api/prisma/migrations/20260727194000_fgis_grain_exchange_outbox_binding/migration.sql,STANDARD,96,96,0,0,0,0,0,SURVIVING
apps/api/prisma/migrations/20260727195000_fgis_grain_exchange_correlation_replay/migration.sql,STANDARD,271,257,0,0,14,0,0,SURVIVING
apps/api/prisma/migrations/20260728004500_fgis_grain_outbound_ack/migration.sql,STANDARD,911,911,0,0,0,0,0,SURVIVING
apps/api/prisma/migrations/20260730101500_fgis_grain_tenant_read_authority/migration.sql,STANDARD,2195,2195,0,0,0,0,0,SURVIVING
apps/api/prisma/migrations/20260731195000_p0_password_reset_challenges/migration.sql,STANDARD,33,33,0,0,0,0,0,SURVIVING
apps/api/prisma/migrations/20260731201000_p0_registration_applications/migration.sql,STANDARD,158,158,0,0,0,0,0,SURVIVING
apps/api/prisma/migrations/20260731201100_p0_registration_idempotency_payload/migration.sql,STANDARD,25,25,0,0,0,0,0,SURVIVING
apps/api/prisma/migrations/20260731201200_p0_registration_enumeration_guard/migration.sql,STANDARD,113,8,0,0,105,0,0,SURVIVING
apps/api/prisma/migrations/20260801113000_p0_organization_invitations/migration.sql,STANDARD,180,180,0,0,0,0,0,SURVIVING
apps/api/prisma/migrations/20260801123000_p0_membership_selection/migration.sql,STANDARD,44,44,0,0,0,0,0,SURVIVING
apps/api/prisma/migrations/20260801130000_p0_auth_state_integrity/migration.sql,STANDARD,140,140,0,0,0,0,0,SURVIVING
apps/api/prisma/migrations/20260801133000_p0_mfa_recovery/migration.sql,STANDARD,119,119,0,0,0,0,0,SURVIVING
apps/api/prisma/migrations/20260801134000_p0_consent_authority/migration.sql,STANDARD,60,60,0,0,0,0,0,SURVIVING
apps/api/prisma/migrations/20260802120000_fgis_verified_lot_path_quarantine/migration.sql,STANDARD,64,0,64,0,0,0,0,NONE_SURVIVING
apps/api/prisma/migrations/20260802150000_fgis_legacy_quarantine_audit/migration.sql,STANDARD,172,0,172,0,0,0,0,NONE_SURVIVING
apps/api/prisma/migrations/20260803140000_auth_audit_chain_integrity/migration.sql,STANDARD,78,0,78,0,0,0,0,NONE_SURVIVING
apps/api/prisma/migrations/20260804180000_opaque_token_digest_v1_invalidation/migration.sql,STANDARD,80,0,80,0,0,0,0,NONE_SURVIVING
apps/api/prisma/migrations/20260806090000_identity_row_level_security/migration.sql,STANDARD,556,0,556,0,0,0,0,NONE_SURVIVING
apps/api/prisma/migrations/20260806103000_bounded_staff_admission_authority/migration.sql,STANDARD,620,0,620,0,0,0,0,NONE_SURVIVING
apps/api/prisma/migrations/20260806120000_identity_bootstrap_login_context/migration.sql,STANDARD,285,0,285,0,0,0,0,NONE_SURVIVING
apps/api/prisma/migrations/20260806133000_identity_bootstrap_table_privileges/migration.sql,STANDARD,123,123,0,0,0,0,0,SURVIVING
apps/api/prisma/migrations/20260806143000_bounded_deal_actor_authority/migration.sql,STANDARD,132,132,0,0,0,0,0,SURVIVING
apps/api/prisma/migrations/20260806150000_bounded_logistics_assignment_projection/migration.sql,STANDARD,145,145,0,0,0,0,0,SURVIVING
apps/api/prisma/migrations/20260806153000_bounded_staff_target_scope/migration.sql,STANDARD,156,156,0,0,0,0,0,SURVIVING
apps/api/prisma/migrations/20260807002000_p0_close_inert_rls_policies/migration.sql,STANDARD,78,78,0,0,0,0,0,SURVIVING
apps/api/prisma/migrations/20260807003000_bounded_staff_projection_authority/migration.sql,STANDARD,352,352,0,0,0,0,0,SURVIVING
apps/api/prisma/migrations/20260807004000_bounded_staff_deal_target_scope/migration.sql,STANDARD,111,111,0,0,0,0,0,SURVIVING
apps/api/prisma/migrations/20260807005000_minimal_login_bootstrap/migration.sql,STANDARD,112,112,0,0,0,0,0,SURVIVING
apps/api/prisma/migrations/20260807006000_deal_participants_select_authority/migration.sql,STANDARD,65,65,0,0,0,0,0,SURVIVING
apps/api/prisma/migrations/20260807120000_outbox_application_rls_authority/migration.sql,STANDARD,64,64,0,0,0,0,0,SURVIVING
apps/api/prisma/migrations/20260807123000_bounded_laboratory_organization_authority/migration.sql,STANDARD,178,178,0,0,0,0,0,SURVIVING
apps/api/prisma/migrations/20260807130000_labs_identity_rls_policy_dependency/migration.sql,STANDARD,78,78,0,0,0,0,0,SURVIVING
apps/api/prisma/migrations/20260807133000_staff_projection_deal_participant_policy_dependency/migration.sql,STANDARD,137,137,0,0,0,0,0,SURVIVING
apps/api/prisma/migrations/20260807134000_staff_projection_deal_basis_policy_dependency/migration.sql,STANDARD,88,88,0,0,0,0,0,SURVIVING
apps/api/prisma/migrations/20260807151000_bounded_public_registration_identity_authority/migration.sql,STANDARD,260,260,0,0,0,0,0,SURVIVING
apps/api/prisma/migrations/20260807152000_bounded_public_registration_timestamps/migration.sql,STANDARD,178,178,0,0,0,0,0,SURVIVING
apps/api/prisma/migrations/20260807160000_outbox_runtime_rls_principal_alignment/migration.sql,STANDARD,173,173,0,0,0,0,0,SURVIVING
apps/api/prisma/migrations/20260807174000_outbox_tenant_principal_scope_alignment/migration.sql,STANDARD,227,227,0,0,0,0,0,SURVIVING
apps/api/prisma/migrations/20260807193000_outbox_settlement_callback_select_alignment/migration.sql,STANDARD,97,97,0,0,0,0,0,SURVIVING
apps/api/prisma/migrations/20260807194000_settlement_callback_replay_rls_alignment/migration.sql,STANDARD,259,259,0,0,0,0,0,SURVIVING
apps/api/prisma/migrations/20260807195000_settlement_verified_callback_authority_function/migration.sql,STANDARD,152,152,0,0,0,0,0,SURVIVING
apps/api/prisma/migrations/20260808012000_outbox_policy_dependency_isolation/migration.sql,STANDARD,216,216,0,0,0,0,0,SURVIVING
apps/api/prisma/migrations/20260808100000_p0_password_first_multi_membership/migration.sql,STANDARD,308,308,0,0,0,0,0,SURVIVING
apps/api/prisma/migrations/20260808110000_p0_registration_lifecycle_authority/migration.sql,STANDARD,513,513,0,0,0,0,0,SURVIVING
apps/api/prisma/migrations/20260808120000_p0_password_reset_authority/migration.sql,STANDARD,176,176,0,0,0,0,0,SURVIVING
apps/api/prisma/migrations/20260808130000_p0_organization_team_authority/migration.sql,STANDARD,383,383,0,0,0,0,0,SURVIVING
apps/api/prisma/migrations/20260808140000_p0_invitation_acceptance_authority/migration.sql,STANDARD,335,335,0,0,0,0,0,SURVIVING
apps/api/prisma/migrations/20260808140000_p0_registration_decision_authority/migration.sql,STANDARD,770,770,0,0,0,0,0,SURVIVING
apps/api/prisma/migrations/20260808150000_p0_invitation_recovery_authority/migration.sql,STANDARD,643,643,0,0,0,0,0,SURVIVING
apps/api/prisma/migrations/20260808160000_p0_account_lifecycle_authority/migration.sql,STANDARD,394,394,0,0,0,0,0,SURVIVING
apps/api/prisma/migrations/20260808170000_p0_mfa_recovery_membership_lock_scope/migration.sql,STANDARD,372,372,0,0,0,0,0,SURVIVING
apps/api/prisma/migrations/20260808180000_production_app_service_auth_principal_drift/migration.sql,STANDARD,89,89,0,0,0,0,0,SURVIVING
apps/api/prisma/migrations/20260808213000_p0_registration_lifecycle_receipt/migration.sql,STANDARD,380,380,0,0,0,0,0,SURVIVING
apps/api/prisma/migrations/20260810071000_p0_reviewer_preflight_authority/migration.sql,STANDARD,172,172,0,0,0,0,0,SURVIVING
apps/api/prisma/migrations/20260810093500_p0_staff_authority_acl_repair/migration.sql,STANDARD,165,165,0,0,0,0,0,SURVIVING
apps/api/prisma/migrations/20260810124500_p0_reviewer_login_readiness/migration.sql,STANDARD,414,414,0,0,0,0,0,SURVIVING
apps/api/prisma/migrations/20260810125000_p0_reviewer_login_readiness_acl_correction/migration.sql,STANDARD,110,110,0,0,0,0,0,SURVIVING
apps/api/prisma/migrations/20260810170000_p0_reviewer_membership_repair/migration.sql,STANDARD,847,847,0,0,0,0,0,SURVIVING
apps/api/prisma/migrations/20260811023000_p0_reviewer_owner_identity_semantics/migration.sql,STANDARD,171,171,0,0,0,0,0,SURVIVING
apps/api/prisma/migrations/20260811090000_p0_reviewer_membership_candidate_scope/migration.sql,STANDARD,142,142,0,0,0,0,0,SURVIVING
apps/api/prisma/migrations/20260812010000_p0_industrial_auth_mail_outbox/migration.sql,STANDARD,467,467,0,0,0,0,0,SURVIVING
apps/api/prisma/migrations/20260812154500_p0_reviewer_password_reset_subject/migration.sql,STANDARD,279,279,0,0,0,0,0,SURVIVING
apps/api/prisma/migrations/20260812170000_gekta_account_access_persistence/migration.sql,STANDARD,376,376,0,0,0,0,0,SURVIVING
apps/api/prisma/migrations/20260813060000_gekta_product_session_scope/migration.sql,STANDARD,121,121,0,0,0,0,0,SURVIVING
apps/api/prisma/migrations/20260813070000_gekta_registration_identity/migration.sql,STANDARD,254,254,0,0,0,0,0,SURVIVING
apps/api/prisma/migrations/20260813110000_gekta_anonymous_answer_admission/migration.sql,STANDARD,126,126,0,0,0,0,0,SURVIVING
apps/api/prisma/migrations/20260815190000_pc_crop_job_profile_capabilities/migration.sql,STANDARD,200,0,200,0,0,0,0,NONE_SURVIVING
apps/api/prisma/migrations/20260815200000_pc_crop_signing_authority/migration.sql,STANDARD,194,0,194,0,0,0,0,NONE_SURVIVING
apps/api/prisma/migrations/20260815210000_pc_crop_accounting_read_authority/migration.sql,STANDARD,172,0,172,0,0,0,0,NONE_SURVIVING
apps/api/prisma/migrations/20260815220000_pc_crop_authority_two_person_rule/migration.sql,STANDARD,101,0,101,0,0,0,0,NONE_SURVIVING
apps/api/prisma/migrations/20260815230000_pc_crop_accounting_write_authority/migration.sql,STANDARD,168,0,168,0,0,0,0,NONE_SURVIVING
apps/api/prisma/migrations/20260816000000_pc_crop_accounting_documents/migration.sql,STANDARD,408,0,408,0,0,0,0,NONE_SURVIVING
apps/api/prisma/migrations/20260816010000_pc_crop_accounting_number_counter/migration.sql,STANDARD,193,0,193,0,0,0,0,NONE_SURVIVING
apps/api/prisma/migrations/20260816020000_pc_crop_regulatory_rule_registry/migration.sql,STANDARD,162,0,162,0,0,0,0,NONE_SURVIVING
apps/api/prisma/migrations/20260816030000_pc_crop_organization_tax_profile/migration.sql,STANDARD,224,0,224,0,0,0,0,NONE_SURVIVING
apps/api/prisma/migrations/20260816040000_pc_crop_contract_versions/migration.sql,STANDARD,250,0,250,0,0,0,0,NONE_SURVIVING
apps/api/prisma/migrations/20260816161500_p0_password_reset_challenge_runtime_grant/migration.sql,STANDARD,45,45,0,0,0,0,0,SURVIVING
apps/api/prisma/migrations/20260816190000_pc_crop_accounting_work_tasks/migration.sql,STANDARD,341,0,341,0,0,0,0,NONE_SURVIVING
apps/api/prisma/migrations/20260816200000_pc_crop_accounting_periods/migration.sql,STANDARD,272,0,272,0,0,0,0,NONE_SURVIVING
apps/api/prisma/migrations/20260816210000_pc_crop_work_task_period_link/migration.sql,STANDARD,179,0,179,0,0,0,0,NONE_SURVIVING
apps/api/prisma/migrations/20260816220000_pc_crop_document_transmission_receipt/migration.sql,STANDARD,148,0,148,0,0,0,0,NONE_SURVIVING
apps/api/prisma/migrations/20260817120000_pc_crop_accounting_advances/migration.sql,STANDARD,478,0,478,0,0,0,0,NONE_SURVIVING
apps/api/prisma/migrations/20260817170000_pc_crop_accounting_deal_services/migration.sql,STANDARD,517,0,517,0,0,0,0,NONE_SURVIVING
apps/api/prisma/migrations/20260817200000_pc_crop_accounting_payments/migration.sql,STANDARD,498,0,498,0,0,0,0,NONE_SURVIVING
apps/api/prisma/migrations/20260817220000_pc_crop_accounting_reconciliation/migration.sql,STANDARD,313,0,313,0,0,0,0,NONE_SURVIVING
apps/api/prisma/migrations/20260817230000_pc_crop_period_close_knows_services/migration.sql,STANDARD,116,0,116,0,0,0,0,NONE_SURVIVING
apps/api/prisma/migrations/20260818090000_pc_crop_connection_attestation_subjects/migration.sql,STANDARD,463,0,463,0,0,0,0,NONE_SURVIVING
apps/api/prisma/migrations/20260822143000_p0_authenticated_totp_compatibility/migration.sql,STANDARD,129,129,0,0,0,0,0,SURVIVING
apps/api/prisma/migrations/20260826180000_p0_registration_decision_application_lock_privilege/migration.sql,STANDARD,160,160,0,0,0,0,0,SURVIVING
apps/api/prisma/migrations/20260828141500_p0_registration_decision_runtime_column_privileges/migration.sql,STANDARD,249,249,0,0,0,0,0,SURVIVING
apps/api/prisma/migrations/20260830190000_migration_chain_rls_permissive_closure/migration.sql,STANDARD,83,83,0,0,0,0,0,SURVIVING
apps/api/prisma/migrations/20260830210000_totp_replay_prevention/migration.sql,STANDARD,25,25,0,0,0,0,0,SURVIVING
apps/api/prisma/migrations/20260830220000_password_hash_format_upgrade/migration.sql,STANDARD,138,138,0,0,0,0,0,SURVIVING
apps/api/prisma/migrations/20260831010000_tenant_rls_uncovered_tables/migration.sql,STANDARD,126,126,0,0,0,0,0,SURVIVING
apps/api/prisma/migrations/20260831160000_p0_reviewer_scrypt_readiness/migration.sql,STANDARD,387,387,0,0,0,0,0,SURVIVING
apps/api/prisma/migrations/20260831180000_deals_permissive_all_policy_closure/migration.sql,STANDARD,84,84,0,0,0,0,0,SURVIVING
apps/api/prisma/migrations/20260831211500_p0_registration_decision_mail_status/migration.sql,STANDARD,65,65,0,0,0,0,0,SURVIVING
apps/api/prisma/migrations/20260901070000_deals_uncontexted_update_shape/migration.sql,STANDARD,100,100,0,0,0,0,0,SURVIVING
apps/api/prisma/migrations/20260902140000_role_eligibility_shadow/migration.sql,STANDARD,606,606,0,0,0,0,0,SURVIVING
apps/api/prisma/migrations/20260902143000_role_eligibility_superseded_current_guard/migration.sql,STANDARD,212,212,0,0,0,0,0,SURVIVING
apps/api/prisma/migrations/20260902150000_role_eligibility_runtime_principal_boundary/migration.sql,STANDARD,66,66,0,0,0,0,0,SURVIVING
apps/api/prisma/migrations/20260902204500_role_eligibility_app_deal_api_boundary/migration.sql,STANDARD,49,49,0,0,0,0,0,SURVIVING
apps/api/prisma/migrations/20260903044500_registration_consent_evidence_20260903/migration.sql,STANDARD,25,25,0,0,0,0,0,SURVIVING
apps/api/prisma/migrations/20260903170000_role_eligibility_enforcement_state/migration.sql,STANDARD,283,283,0,0,0,0,0,SURVIVING
apps/api/prisma/migrations/20260904120000_organization_capability_authority/migration.sql,STANDARD,397,397,0,0,0,0,0,SURVIVING
apps/api/prisma/migrations/20260904210000_provider_registry_authority/migration.sql,STANDARD,653,653,0,0,0,0,0,SURVIVING
apps/api/prisma/migrations/20260904230000_integration_binding_authority/migration.sql,STANDARD,418,418,0,0,0,0,0,SURVIVING
apps/api/prisma/migrations/20260905010000_commercial_rules_authority/migration.sql,STANDARD,727,727,0,0,0,0,0,SURVIVING
apps/api/prisma/migrations/20260905030000_service_marketplace_authority/migration.sql,STANDARD,713,713,0,0,0,0,0,SURVIVING
apps/api/prisma/migrations/20260905040000_inventory_reservation_authority/migration.sql,STANDARD,527,527,0,0,0,0,0,SURVIVING
apps/api/prisma/migrations/20260905100000_auction_inventory_binding/migration.sql,STANDARD,472,472,0,0,0,0,0,SURVIVING
apps/api/prisma/migrations/20260909120000_reconcile_historical_auction_authority/migration.sql,STANDARD,560,560,0,0,0,0,0,SURVIVING
apps/api/prisma/migrations/20260912235500_canonical_durable_outbox/migration.sql,STANDARD,172,172,0,0,0,0,0,SURVIVING
apps/api/prisma/migrations/20260913143000_public_market_lot_projection/migration.sql,STANDARD,390,390,0,0,0,0,0,SURVIVING
apps/api/prisma/migrations/migration_lock.toml,STANDARD,3,1,0,2,0,0,0,SURVIVING
apps/api/prisma/schema.prisma,STANDARD,3366,3366,0,0,0,0,0,SURVIVING
apps/api/scripts/role-eligibility-load-acceptance.mjs,STANDARD,325,325,0,0,0,0,0,SURVIVING
apps/api/scripts/seed-design-system-v8-identities.mjs,STANDARD,183,0,183,0,0,0,0,NONE_SURVIVING
apps/api/src/app.module.ts,STANDARD,150,49,93,8,0,0,0,SURVIVING
apps/api/src/auth-mail-worker.ts,STANDARD,401,401,0,0,0,0,0,SURVIVING
apps/api/src/common/action-executor/action-executor.module.ts,STANDARD,11,0,0,11,0,0,0,SURVIVING
apps/api/src/common/action-executor/action-executor.service.ts,STANDARD,188,1,0,187,0,0,0,SURVIVING
apps/api/src/common/action-executor/action-executor.spec.ts,STANDARD,202,88,0,114,0,0,0,SURVIVING
apps/api/src/common/action-executor/action-policy.ts,STANDARD,131,8,0,123,0,0,0,SURVIVING
apps/api/src/common/config/env.validation.ts,STANDARD,130,0,130,0,0,0,0,NONE_SURVIVING
apps/api/src/common/config/industrial-mode.ts,STANDARD,101,101,0,0,0,0,0,SURVIVING
apps/api/src/common/config/secrets.ts,STANDARD,59,59,0,0,0,0,0,SURVIVING
apps/api/src/common/database/database-seed.service.spec.ts,STANDARD,96,0,0,96,0,0,0,SURVIVING
apps/api/src/common/database/database-seed.service.ts,STANDARD,148,0,0,148,0,0,0,SURVIVING
apps/api/src/common/database/database.module.ts,STANDARD,7,0,0,7,0,0,0,SURVIVING
apps/api/src/common/decorators/audit-action.decorator.ts,STANDARD,5,0,5,0,0,0,0,NONE_SURVIVING
apps/api/src/common/decorators/current-user.decorator.ts,STANDARD,6,0,6,0,0,0,0,NONE_SURVIVING
apps/api/src/common/decorators/product-session.decorator.ts,STANDARD,13,13,0,0,0,0,0,SURVIVING
apps/api/src/common/decorators/public.decorator.ts,STANDARD,13,0,13,0,0,0,0,NONE_SURVIVING
apps/api/src/common/decorators/rate-limit.decorator.ts,STANDARD,20,5,15,0,0,0,0,SURVIVING
apps/api/src/common/decorators/roles.decorator.ts,STANDARD,4,0,4,0,0,0,0,NONE_SURVIVING
apps/api/src/common/guards/auth-guard-wiring.spec.ts,STANDARD,28,28,0,0,0,0,0,SURVIVING
apps/api/src/common/guards/auth-product-session-boundary.spec.ts,STANDARD,112,112,0,0,0,0,0,SURVIVING
apps/api/src/common/guards/auth.guard.ts,STANDARD,90,53,37,0,0,0,0,SURVIVING
apps/api/src/common/guards/forbidden-copy.guard.spec.ts,STANDARD,84,84,0,0,0,0,0,SURVIVING
apps/api/src/common/guards/pre-auth-rate-limit.guard.spec.ts,STANDARD,106,106,0,0,0,0,0,SURVIVING
apps/api/src/common/guards/pre-auth-rate-limit.guard.ts,STANDARD,88,88,0,0,0,0,0,SURVIVING
apps/api/src/common/guards/rate-limit.guard.spec.ts,STANDARD,135,135,0,0,0,0,0,SURVIVING
apps/api/src/common/guards/rate-limit.guard.ts,STANDARD,126,126,0,0,0,0,0,SURVIVING
apps/api/src/common/guards/roles.guard.ts,STANDARD,38,9,29,0,0,0,0,SURVIVING
apps/api/src/common/interceptors/audit-action.interceptor.ts,STANDARD,43,13,30,0,0,0,0,SURVIVING
apps/api/src/common/kafka/kafka-consumer.service.ts,STANDARD,83,83,0,0,0,0,0,SURVIVING
apps/api/src/common/kafka/kafka-producer.service.spec.ts,STANDARD,175,175,0,0,0,0,0,SURVIVING
apps/api/src/common/kafka/kafka-producer.service.ts,STANDARD,290,290,0,0,0,0,0,SURVIVING
apps/api/src/common/kafka/kafka.module.ts,STANDARD,10,10,0,0,0,0,0,SURVIVING
apps/api/src/common/logger/masked-logger.service.spec.ts,STANDARD,245,245,0,0,0,0,0,SURVIVING
apps/api/src/common/logger/masked-logger.service.ts,STANDARD,101,76,25,0,0,0,0,SURVIVING
apps/api/src/common/middleware/log-masking.middleware.spec.ts,STANDARD,111,111,0,0,0,0,0,SURVIVING
apps/api/src/common/middleware/log-masking.middleware.ts,STANDARD,84,28,56,0,0,0,0,SURVIVING
apps/api/src/common/money/money.spec.ts,STANDARD,103,103,0,0,0,0,0,SURVIVING
apps/api/src/common/money/money.ts,STANDARD,119,119,0,0,0,0,0,SURVIVING
apps/api/src/common/outbox/outbox-production-graph.spec.ts,STANDARD,136,136,0,0,0,0,0,SURVIVING
apps/api/src/common/outbox/outbox.module.ts,STANDARD,8,1,7,0,0,0,0,SURVIVING
apps/api/src/common/outbox/outbox.service.ts,STANDARD,428,375,12,41,0,0,0,SURVIVING
apps/api/src/common/outbox/outbox.spec.ts,STANDARD,275,256,0,19,0,0,0,SURVIVING
apps/api/src/common/prisma/auth-principal-provisioning.spec.ts,STANDARD,618,539,79,0,0,0,0,SURVIVING
apps/api/src/common/prisma/database-principal-boundary.spec.ts,STANDARD,213,156,57,0,0,0,0,SURVIVING
apps/api/src/common/prisma/database-principal-boundary.ts,STANDARD,206,146,60,0,0,0,0,SURVIVING
apps/api/src/common/prisma/database-principal-inspection.ts,STANDARD,240,193,47,0,0,0,0,SURVIVING
apps/api/src/common/prisma/outbox-database-principal-boundary.spec.ts,STANDARD,57,57,0,0,0,0,0,SURVIVING
apps/api/src/common/prisma/outbox-database-principal-boundary.ts,STANDARD,40,40,0,0,0,0,0,SURVIVING
apps/api/src/common/prisma/outbox-database-principal-inspection.ts,STANDARD,99,99,0,0,0,0,0,SURVIVING
apps/api/src/common/prisma/outbox-prisma.module.ts,STANDARD,11,11,0,0,0,0,0,SURVIVING
apps/api/src/common/prisma/outbox-prisma.service.ts,STANDARD,32,32,0,0,0,0,0,SURVIVING
apps/api/src/common/prisma/prisma.module.ts,STANDARD,10,3,0,7,0,0,0,SURVIVING
apps/api/src/common/prisma/prisma.service.ts,STANDARD,38,23,0,15,0,0,0,SURVIVING
apps/api/src/common/prisma/production-app-service-auth-principal-drift.spec.ts,STANDARD,70,70,0,0,0,0,0,SURVIVING
apps/api/src/common/prisma/rls-transaction.service.spec.ts,STANDARD,295,267,28,0,0,0,0,SURVIVING
apps/api/src/common/prisma/rls-transaction.service.ts,STANDARD,192,166,26,0,0,0,0,SURVIVING
apps/api/src/common/prisma/storage-prisma.service.ts,STANDARD,94,94,0,0,0,0,0,SURVIVING
apps/api/src/common/process/last-resort-handlers.spec.ts,STANDARD,153,153,0,0,0,0,0,SURVIVING
apps/api/src/common/process/last-resort-handlers.ts,STANDARD,136,136,0,0,0,0,0,SURVIVING
apps/api/src/common/security/access.service.ts,STANDARD,13,0,13,0,0,0,0,NONE_SURVIVING
apps/api/src/common/security/content-disposition.spec.ts,STANDARD,59,59,0,0,0,0,0,SURVIVING
apps/api/src/common/security/content-disposition.ts,STANDARD,62,62,0,0,0,0,0,SURVIVING
apps/api/src/common/security/csv-cell.ts,STANDARD,53,53,0,0,0,0,0,SURVIVING
apps/api/src/common/security/data-classes.spec.ts,STANDARD,297,297,0,0,0,0,0,SURVIVING
apps/api/src/common/security/data-classes.ts,STANDARD,88,88,0,0,0,0,0,SURVIVING
apps/api/src/common/security/ip-address-policy.spec.ts,STANDARD,135,135,0,0,0,0,0,SURVIVING
apps/api/src/common/security/ip-address-policy.ts,STANDARD,211,211,0,0,0,0,0,SURVIVING
apps/api/src/common/security/log-encode.spec.ts,STANDARD,217,217,0,0,0,0,0,SURVIVING
apps/api/src/common/security/log-encode.ts,STANDARD,89,89,0,0,0,0,0,SURVIVING
apps/api/src/common/security/object-access.service.ts,STANDARD,33,0,33,0,0,0,0,NONE_SURVIVING
apps/api/src/common/security/object-policy.service.ts,STANDARD,86,0,86,0,0,0,0,NONE_SURVIVING
apps/api/src/common/security/outbound-url.ts,STANDARD,72,72,0,0,0,0,0,SURVIVING
apps/api/src/common/security/policy-engine.service.ts,STANDARD,293,239,54,0,0,0,0,SURVIVING
apps/api/src/common/security/rate-limit.module.ts,STANDARD,11,11,0,0,0,0,0,SURVIVING
apps/api/src/common/security/rate-limit.repository.spec.ts,STANDARD,64,64,0,0,0,0,0,SURVIVING
apps/api/src/common/security/rate-limit.repository.ts,STANDARD,129,129,0,0,0,0,0,SURVIVING
apps/api/src/common/security/rate-limit.service.spec.ts,STANDARD,45,45,0,0,0,0,0,SURVIVING
apps/api/src/common/security/rate-limit.service.ts,STANDARD,87,70,17,0,0,0,0,SURVIVING
apps/api/src/common/security/request-body-limit.spec.ts,STANDARD,70,70,0,0,0,0,0,SURVIVING
apps/api/src/common/security/request-body-limit.ts,STANDARD,26,26,0,0,0,0,0,SURVIVING
apps/api/src/common/security/safe-outbound-request.spec.ts,STANDARD,406,406,0,0,0,0,0,SURVIVING
apps/api/src/common/security/safe-outbound-request.ts,STANDARD,302,302,0,0,0,0,0,SURVIVING
apps/api/src/common/security/sensitive-data.spec.ts,STANDARD,213,213,0,0,0,0,0,SURVIVING
apps/api/src/common/security/sensitive-data.ts,STANDARD,229,229,0,0,0,0,0,SURVIVING
apps/api/src/common/security/trusted-proxy.spec.ts,STANDARD,66,66,0,0,0,0,0,SURVIVING
apps/api/src/common/security/trusted-proxy.ts,STANDARD,176,176,0,0,0,0,0,SURVIVING
apps/api/src/common/security/xml-escape.ts,STANDARD,79,79,0,0,0,0,0,SURVIVING
apps/api/src/common/types/product-session.ts,STANDARD,35,35,0,0,0,0,0,SURVIVING
apps/api/src/common/types/request-user.ts,STANDARD,51,14,37,0,0,0,0,SURVIVING
apps/api/src/common/validation/request-body-validation-mechanism.spec.ts,STANDARD,94,94,0,0,0,0,0,SURVIVING
apps/api/src/common/validators/strong-password.validator.spec.ts,STANDARD,74,74,0,0,0,0,0,SURVIVING
apps/api/src/common/validators/strong-password.validator.ts,STANDARD,80,80,0,0,0,0,0,SURVIVING
apps/api/src/common/vault/vault-transit.service.ts,STANDARD,90,90,0,0,0,0,0,SURVIVING
apps/api/src/common/vault/vault.module.ts,STANDARD,9,9,0,0,0,0,0,SURVIVING
apps/api/src/fns-egrul-import.ts,STANDARD,73,73,0,0,0,0,0,SURVIVING
apps/api/src/health.controller.spec.ts,STANDARD,339,339,0,0,0,0,0,SURVIVING
apps/api/src/health.controller.ts,STANDARD,268,156,112,0,0,0,0,SURVIVING
apps/api/src/main.ts,STANDARD,177,76,101,0,0,0,0,SURVIVING
apps/api/src/marketing-outbox-worker.module.ts,STANDARD,30,30,0,0,0,0,0,SURVIVING
apps/api/src/marketing-outbox-worker.ts,STANDARD,166,166,0,0,0,0,0,SURVIVING
apps/api/src/modules/accounting/accounting-document-version.repository.ts,CROWN_JEWEL,170,0,170,0,0,0,0,NONE_SURVIVING
apps/api/src/modules/accounting/accounting-period.policy.spec.ts,CROWN_JEWEL,221,0,221,0,0,0,0,NONE_SURVIVING
apps/api/src/modules/accounting/accounting-period.policy.ts,CROWN_JEWEL,255,0,255,0,0,0,0,NONE_SURVIVING
apps/api/src/modules/accounting/accounting-period.postgresql.spec.ts,CROWN_JEWEL,364,0,364,0,0,0,0,NONE_SURVIVING
apps/api/src/modules/accounting/accounting-period.repository.postgresql.spec.ts,CROWN_JEWEL,216,0,216,0,0,0,0,NONE_SURVIVING
apps/api/src/modules/accounting/accounting-period.repository.ts,CROWN_JEWEL,438,0,438,0,0,0,0,NONE_SURVIVING
apps/api/src/modules/accounting/accounting-source-snapshot.postgresql.spec.ts,CROWN_JEWEL,235,0,235,0,0,0,0,NONE_SURVIVING
apps/api/src/modules/accounting/accounting-source-snapshot.repository.ts,CROWN_JEWEL,307,0,307,0,0,0,0,NONE_SURVIVING
apps/api/src/modules/accounting/accounting.controller.ts,CROWN_JEWEL,840,0,840,0,0,0,0,NONE_SURVIVING
apps/api/src/modules/accounting/accounting.module.spec.ts,CROWN_JEWEL,121,0,121,0,0,0,0,NONE_SURVIVING
apps/api/src/modules/accounting/accounting.module.ts,CROWN_JEWEL,58,0,58,0,0,0,0,NONE_SURVIVING
apps/api/src/modules/accounting/advance.policy.spec.ts,CROWN_JEWEL,190,0,190,0,0,0,0,NONE_SURVIVING
apps/api/src/modules/accounting/advance.policy.ts,CROWN_JEWEL,164,0,164,0,0,0,0,NONE_SURVIVING
apps/api/src/modules/accounting/advance.postgresql.spec.ts,CROWN_JEWEL,440,0,440,0,0,0,0,NONE_SURVIVING
apps/api/src/modules/accounting/advance.repository.ts,CROWN_JEWEL,342,0,342,0,0,0,0,NONE_SURVIVING
apps/api/src/modules/accounting/connection-attestation.policy.spec.ts,CROWN_JEWEL,110,0,110,0,0,0,0,NONE_SURVIVING
apps/api/src/modules/accounting/connection-attestation.policy.ts,CROWN_JEWEL,98,0,98,0,0,0,0,NONE_SURVIVING
apps/api/src/modules/accounting/connection-attestation.postgresql.spec.ts,CROWN_JEWEL,249,0,249,0,0,0,0,NONE_SURVIVING
apps/api/src/modules/accounting/connection-attestation.repository.ts,CROWN_JEWEL,270,0,270,0,0,0,0,NONE_SURVIVING
apps/api/src/modules/accounting/connection-center.policy.spec.ts,CROWN_JEWEL,107,0,107,0,0,0,0,NONE_SURVIVING
apps/api/src/modules/accounting/connection-center.policy.ts,CROWN_JEWEL,169,0,169,0,0,0,0,NONE_SURVIVING
apps/api/src/modules/accounting/connection-center.postgresql.spec.ts,CROWN_JEWEL,320,0,320,0,0,0,0,NONE_SURVIVING
apps/api/src/modules/accounting/connection-center.repository.ts,CROWN_JEWEL,150,0,150,0,0,0,0,NONE_SURVIVING
apps/api/src/modules/accounting/deal-service.policy.spec.ts,CROWN_JEWEL,442,0,442,0,0,0,0,NONE_SURVIVING
apps/api/src/modules/accounting/deal-service.policy.ts,CROWN_JEWEL,385,0,385,0,0,0,0,NONE_SURVIVING
apps/api/src/modules/accounting/deal-service.postgresql.spec.ts,CROWN_JEWEL,709,0,709,0,0,0,0,NONE_SURVIVING
apps/api/src/modules/accounting/deal-service.repository.postgresql.spec.ts,CROWN_JEWEL,347,0,347,0,0,0,0,NONE_SURVIVING
apps/api/src/modules/accounting/deal-service.repository.ts,CROWN_JEWEL,518,0,518,0,0,0,0,NONE_SURVIVING
apps/api/src/modules/accounting/document-transmission.policy.spec.ts,CROWN_JEWEL,199,0,199,0,0,0,0,NONE_SURVIVING
apps/api/src/modules/accounting/document-transmission.policy.ts,CROWN_JEWEL,218,0,218,0,0,0,0,NONE_SURVIVING
apps/api/src/modules/accounting/document-transmission.postgresql.spec.ts,CROWN_JEWEL,273,0,273,0,0,0,0,NONE_SURVIVING
apps/api/src/modules/accounting/document-transmission.repository.ts,CROWN_JEWEL,268,0,268,0,0,0,0,NONE_SURVIVING
apps/api/src/modules/accounting/document-transport.contract.spec.ts,CROWN_JEWEL,148,0,148,0,0,0,0,NONE_SURVIVING
apps/api/src/modules/accounting/document-transport.contract.ts,CROWN_JEWEL,141,0,141,0,0,0,0,NONE_SURVIVING
apps/api/src/modules/accounting/document-transport.fake.ts,CROWN_JEWEL,81,0,81,0,0,0,0,NONE_SURVIVING
apps/api/src/modules/accounting/document-transport.port.ts,CROWN_JEWEL,109,0,109,0,0,0,0,NONE_SURVIVING
apps/api/src/modules/accounting/payment.policy.ts,CROWN_JEWEL,251,0,251,0,0,0,0,NONE_SURVIVING
apps/api/src/modules/accounting/payment.postgresql.spec.ts,CROWN_JEWEL,490,0,490,0,0,0,0,NONE_SURVIVING
apps/api/src/modules/accounting/payment.repository.ts,CROWN_JEWEL,433,0,433,0,0,0,0,NONE_SURVIVING
apps/api/src/modules/accounting/period-window.ts,CROWN_JEWEL,33,0,33,0,0,0,0,NONE_SURVIVING
apps/api/src/modules/accounting/reconciliation.policy.ts,CROWN_JEWEL,181,0,181,0,0,0,0,NONE_SURVIVING
apps/api/src/modules/accounting/reconciliation.postgresql.spec.ts,CROWN_JEWEL,348,0,348,0,0,0,0,NONE_SURVIVING
apps/api/src/modules/accounting/reconciliation.repository.ts,CROWN_JEWEL,395,0,395,0,0,0,0,NONE_SURVIVING
apps/api/src/modules/accounting/work-task-projection.policy.spec.ts,CROWN_JEWEL,230,0,230,0,0,0,0,NONE_SURVIVING
apps/api/src/modules/accounting/work-task-projection.policy.ts,CROWN_JEWEL,244,0,244,0,0,0,0,NONE_SURVIVING
apps/api/src/modules/accounting/work-task.deriver.ts,CROWN_JEWEL,160,0,160,0,0,0,0,NONE_SURVIVING
apps/api/src/modules/accounting/work-task.policy.spec.ts,CROWN_JEWEL,477,0,477,0,0,0,0,NONE_SURVIVING
apps/api/src/modules/accounting/work-task.policy.ts,CROWN_JEWEL,444,0,444,0,0,0,0,NONE_SURVIVING
apps/api/src/modules/accounting/work-task.postgresql.spec.ts,CROWN_JEWEL,476,0,476,0,0,0,0,NONE_SURVIVING
apps/api/src/modules/accounting/work-task.repository.postgresql.spec.ts,CROWN_JEWEL,278,0,278,0,0,0,0,NONE_SURVIVING
apps/api/src/modules/accounting/work-task.repository.ts,CROWN_JEWEL,496,0,496,0,0,0,0,NONE_SURVIVING
apps/api/src/modules/admin/admin.controller.spec.ts,CROWN_JEWEL,153,121,0,32,0,0,0,SURVIVING
apps/api/src/modules/admin/admin.controller.ts,CROWN_JEWEL,369,98,228,43,0,0,0,SURVIVING
apps/api/src/modules/admin/admin.module.ts,CROWN_JEWEL,10,0,2,8,0,0,0,SURVIVING
apps/api/src/modules/ai-insights/ai-assistant-admission.manifest.spec.ts,STANDARD,194,0,194,0,0,0,0,NONE_SURVIVING
apps/api/src/modules/ai-insights/ai-assistant-admission.manifest.ts,STANDARD,183,0,183,0,0,0,0,NONE_SURVIVING
apps/api/src/modules/ai-insights/ai-assistant-stream.contract.spec.ts,STANDARD,371,367,4,0,0,0,0,SURVIVING
apps/api/src/modules/ai-insights/ai-assistant-stream.contract.ts,STANDARD,476,459,17,0,0,0,0,SURVIVING
apps/api/src/modules/ai-insights/ai-assistant.controller.spec.ts,STANDARD,393,291,102,0,0,0,0,SURVIVING
apps/api/src/modules/ai-insights/ai-assistant.controller.ts,STANDARD,216,139,77,0,0,0,0,SURVIVING
apps/api/src/modules/ai-insights/ai-assistant.service.spec.ts,STANDARD,158,158,0,0,0,0,0,SURVIVING
apps/api/src/modules/ai-insights/ai-assistant.service.ts,STANDARD,1183,947,233,0,3,0,0,SURVIVING
apps/api/src/modules/ai-insights/ai-insights.controller.ts,STANDARD,13,13,0,0,0,0,0,SURVIVING
apps/api/src/modules/ai-insights/ai-insights.module.ts,STANDARD,20,20,0,0,0,0,0,SURVIVING
apps/api/src/modules/ai-insights/ai-insights.service.ts,STANDARD,126,126,0,0,0,0,0,SURVIVING
apps/api/src/modules/ai-insights/assistant-language-normalizer.ts,STANDARD,61,61,0,0,0,0,0,SURVIVING
apps/api/src/modules/ai-insights/restricted-public-qwen.controller.spec.ts,STANDARD,185,185,0,0,0,0,0,SURVIVING
apps/api/src/modules/ai-insights/restricted-public-qwen.controller.ts,STANDARD,263,147,116,0,0,0,0,SURVIVING
apps/api/src/modules/ai-insights/restricted-public-qwen.disease-completeness.spec.ts,STANDARD,134,134,0,0,0,0,0,SURVIVING
apps/api/src/modules/ai-insights/restricted-public-qwen.internal-trace.spec.ts,STANDARD,36,36,0,0,0,0,0,SURVIVING
apps/api/src/modules/ai-insights/restricted-public-qwen.internal-trace.ts,STANDARD,108,4,104,0,0,0,0,SURVIVING
apps/api/src/modules/ai-insights/restricted-public-qwen.quality.spec.ts,STANDARD,112,112,0,0,0,0,0,SURVIVING
apps/api/src/modules/ai-insights/restricted-public-qwen.safety.spec.ts,STANDARD,27,27,0,0,0,0,0,SURVIVING
apps/api/src/modules/ai-insights/restricted-public-qwen.safety.ts,STANDARD,268,33,235,0,0,0,0,SURVIVING
apps/api/src/modules/ai-insights/restricted-public-qwen.service.spec.ts,STANDARD,346,344,0,0,2,0,0,SURVIVING
apps/api/src/modules/ai-insights/restricted-public-qwen.service.ts,STANDARD,792,530,260,0,2,0,0,SURVIVING
apps/api/src/modules/ai-insights/restricted-public-qwen.stream-gate.spec.ts,STANDARD,295,94,201,0,0,0,0,SURVIVING
apps/api/src/modules/ai-insights/restricted-public-qwen.stream-gate.ts,STANDARD,347,82,265,0,0,0,0,SURVIVING
apps/api/src/modules/ai-insights/restricted-public-qwen.stream.spec.ts,STANDARD,342,81,261,0,0,0,0,SURVIVING
apps/api/src/modules/ai-insights/restricted-public-qwen.transport-cancellation.spec.ts,STANDARD,18,18,0,0,0,0,0,SURVIVING
apps/api/src/modules/analytics/analytics-tenant-scope.spec.ts,STANDARD,258,258,0,0,0,0,0,SURVIVING
apps/api/src/modules/analytics/analytics.controller.ts,STANDARD,96,5,91,0,0,0,0,SURVIVING
apps/api/src/modules/analytics/analytics.module.ts,STANDARD,10,0,10,0,0,0,0,NONE_SURVIVING
apps/api/src/modules/analytics/analytics.service.ts,STANDARD,486,77,409,0,0,0,0,SURVIVING
apps/api/src/modules/anti-fraud/anti-fraud.controller.ts,CROWN_JEWEL,35,3,32,0,0,0,0,SURVIVING
apps/api/src/modules/anti-fraud/anti-fraud.module.ts,CROWN_JEWEL,12,2,10,0,0,0,0,SURVIVING
apps/api/src/modules/anti-fraud/anti-fraud.service.ts,CROWN_JEWEL,272,51,221,0,0,0,0,SURVIVING
apps/api/src/modules/arbitrator/arbitrator.controller.ts,CROWN_JEWEL,40,0,40,0,0,0,0,NONE_SURVIVING
apps/api/src/modules/arbitrator/arbitrator.module.ts,CROWN_JEWEL,14,2,12,0,0,0,0,SURVIVING
apps/api/src/modules/arbitrator/arbitrator.service.ts,CROWN_JEWEL,160,7,153,0,0,0,0,SURVIVING
apps/api/src/modules/auctions/auction-authority.service.ts,STANDARD,657,657,0,0,0,0,0,SURVIVING
apps/api/src/modules/auctions/auction-command.service.spec.ts,STANDARD,117,111,6,0,0,0,0,SURVIVING
apps/api/src/modules/auctions/auction-command.service.ts,STANDARD,470,429,41,0,0,0,0,SURVIVING
apps/api/src/modules/auctions/auction-fgis-self-verification.spec.ts,STANDARD,133,12,121,0,0,0,0,SURVIVING
apps/api/src/modules/auctions/auction-inventory.contract.spec.ts,STANDARD,126,126,0,0,0,0,0,SURVIVING
apps/api/src/modules/auctions/auction-inventory.contract.ts,STANDARD,80,80,0,0,0,0,0,SURVIVING
apps/api/src/modules/auctions/auction-postgresql-authority.spec.ts,STANDARD,180,180,0,0,0,0,0,SURVIVING
apps/api/src/modules/auctions/auctions.controller.ts,STANDARD,107,107,0,0,0,0,0,SURVIVING
apps/api/src/modules/auctions/auctions.module.ts,STANDARD,15,13,2,0,0,0,0,SURVIVING
apps/api/src/modules/auctions/dto/auction-inventory.dto.ts,STANDARD,27,27,0,0,0,0,0,SURVIVING
apps/api/src/modules/auctions/public-auction-market.controller.ts,STANDARD,16,16,0,0,0,0,0,SURVIVING
apps/api/src/modules/auctions/public-auction-market.service.ts,STANDARD,203,203,0,0,0,0,0,SURVIVING
apps/api/src/modules/auctions/public-auction-market.spec.ts,STANDARD,505,505,0,0,0,0,0,SURVIVING
apps/api/src/modules/audit/audit.controller.ts,CROWN_JEWEL,17,0,0,17,0,0,0,SURVIVING
apps/api/src/modules/audit/audit.module.ts,CROWN_JEWEL,10,0,8,2,0,0,0,SURVIVING
apps/api/src/modules/audit/audit.service.ts,CROWN_JEWEL,148,14,95,39,0,0,0,SURVIVING
apps/api/src/modules/auth-mail/auth-mail-crypto.ts,STANDARD,246,246,0,0,0,0,0,SURVIVING
apps/api/src/modules/auth-mail/auth-mail-outbox.service.spec.ts,STANDARD,104,104,0,0,0,0,0,SURVIVING
apps/api/src/modules/auth-mail/auth-mail-outbox.service.ts,STANDARD,164,164,0,0,0,0,0,SURVIVING
apps/api/src/modules/auth-mail/auth-mail-retry-policy.spec.ts,STANDARD,30,30,0,0,0,0,0,SURVIVING
apps/api/src/modules/auth-mail/auth-mail-retry-policy.ts,STANDARD,20,20,0,0,0,0,0,SURVIVING
apps/api/src/modules/auth-mail/auth-mail-smtp.spec.ts,STANDARD,49,49,0,0,0,0,0,SURVIVING
apps/api/src/modules/auth-mail/auth-mail-smtp.ts,STANDARD,490,490,0,0,0,0,0,SURVIVING
apps/api/src/modules/auth-mail/auth-mail-templates.ts,STANDARD,315,315,0,0,0,0,0,SURVIVING
apps/api/src/modules/auth-mail/auth-mail.module.ts,STANDARD,9,9,0,0,0,0,0,SURVIVING
apps/api/src/modules/auth/access-token.ts,CROWN_JEWEL,74,74,0,0,0,0,0,SURVIVING
apps/api/src/modules/auth/accounting-authority-command.policy.spec.ts,CROWN_JEWEL,497,0,497,0,0,0,0,NONE_SURVIVING
apps/api/src/modules/auth/accounting-authority-command.policy.ts,CROWN_JEWEL,355,0,355,0,0,0,0,NONE_SURVIVING
apps/api/src/modules/auth/accounting-document-issuing.postgresql.spec.ts,CROWN_JEWEL,244,0,244,0,0,0,0,NONE_SURVIVING
apps/api/src/modules/auth/accounting-document-issuing.repository.ts,CROWN_JEWEL,195,0,195,0,0,0,0,NONE_SURVIVING
apps/api/src/modules/auth/accounting-document-numbering.policy.spec.ts,CROWN_JEWEL,248,0,248,0,0,0,0,NONE_SURVIVING
apps/api/src/modules/auth/accounting-document-numbering.policy.ts,CROWN_JEWEL,263,0,263,0,0,0,0,NONE_SURVIVING
apps/api/src/modules/auth/accounting-document-payload.builder.spec.ts,CROWN_JEWEL,314,0,314,0,0,0,0,NONE_SURVIVING
apps/api/src/modules/auth/accounting-document-payload.builder.ts,CROWN_JEWEL,255,0,255,0,0,0,0,NONE_SURVIVING
apps/api/src/modules/auth/accounting-document-staleness.policy.spec.ts,CROWN_JEWEL,291,0,291,0,0,0,0,NONE_SURVIVING
apps/api/src/modules/auth/accounting-document-staleness.policy.ts,CROWN_JEWEL,283,0,283,0,0,0,0,NONE_SURVIVING
apps/api/src/modules/auth/auth-audit.ts,CROWN_JEWEL,42,42,0,0,0,0,0,SURVIVING
apps/api/src/modules/auth/auth-crypto.totp.spec.ts,CROWN_JEWEL,144,144,0,0,0,0,0,SURVIVING
apps/api/src/modules/auth/auth-crypto.ts,CROWN_JEWEL,291,260,31,0,0,0,0,SURVIVING
apps/api/src/modules/auth/auth-login-boundary.spec.ts,CROWN_JEWEL,195,195,0,0,0,0,0,SURVIVING
apps/api/src/modules/auth/auth-prisma.service.ts,CROWN_JEWEL,44,44,0,0,0,0,0,SURVIVING
apps/api/src/modules/auth/auth.controller.password-reset.spec.ts,CROWN_JEWEL,34,34,0,0,0,0,0,SURVIVING
apps/api/src/modules/auth/auth.controller.ts,CROWN_JEWEL,434,355,79,0,0,0,0,SURVIVING
apps/api/src/modules/auth/auth.membership-selection.spec.ts,CROWN_JEWEL,152,147,5,0,0,0,0,SURVIVING
apps/api/src/modules/auth/auth.module.spec.ts,CROWN_JEWEL,40,40,0,0,0,0,0,SURVIVING
apps/api/src/modules/auth/auth.module.ts,CROWN_JEWEL,55,47,8,0,0,0,0,SURVIVING
apps/api/src/modules/auth/auth.service.spec.ts,CROWN_JEWEL,158,149,0,0,9,0,0,SURVIVING
apps/api/src/modules/auth/auth.service.ts,CROWN_JEWEL,1207,1094,110,1,2,0,0,SURVIVING
apps/api/src/modules/auth/auth.step-up.spec.ts,CROWN_JEWEL,160,149,11,0,0,0,0,SURVIVING
apps/api/src/modules/auth/authCredentialBoundary.spec.ts,CROWN_JEWEL,240,0,240,0,0,0,0,NONE_SURVIVING
apps/api/src/modules/auth/codeqlPasswordHashModel.spec.ts,CROWN_JEWEL,218,11,207,0,0,0,0,SURVIVING
apps/api/src/modules/auth/consent-policy.spec.ts,CROWN_JEWEL,37,37,0,0,0,0,0,SURVIVING
apps/api/src/modules/auth/consent-policy.ts,CROWN_JEWEL,24,24,0,0,0,0,0,SURVIVING
apps/api/src/modules/auth/contract-version.policy.spec.ts,CROWN_JEWEL,331,0,331,0,0,0,0,NONE_SURVIVING
apps/api/src/modules/auth/contract-version.policy.ts,CROWN_JEWEL,258,0,258,0,0,0,0,NONE_SURVIVING
apps/api/src/modules/auth/decorative-mfa-removal.spec.ts,CROWN_JEWEL,114,114,0,0,0,0,0,SURVIVING
apps/api/src/modules/auth/document-format.policy.spec.ts,CROWN_JEWEL,201,0,201,0,0,0,0,NONE_SURVIVING
apps/api/src/modules/auth/document-format.policy.ts,CROWN_JEWEL,181,0,181,0,0,0,0,NONE_SURVIVING
apps/api/src/modules/auth/dto/login.dto.ts,CROWN_JEWEL,10,0,10,0,0,0,0,NONE_SURVIVING
apps/api/src/modules/auth/dto/logout.dto.ts,CROWN_JEWEL,7,7,0,0,0,0,0,SURVIVING
apps/api/src/modules/auth/dto/membership-select.dto.ts,CROWN_JEWEL,13,13,0,0,0,0,0,SURVIVING
apps/api/src/modules/auth/dto/mfa-verify.dto.ts,CROWN_JEWEL,11,11,0,0,0,0,0,SURVIVING
apps/api/src/modules/auth/dto/organization-access.dto.ts,CROWN_JEWEL,105,105,0,0,0,0,0,SURVIVING
apps/api/src/modules/auth/dto/password-reset.dto.ts,CROWN_JEWEL,23,23,0,0,0,0,0,SURVIVING
apps/api/src/modules/auth/dto/refresh.dto.ts,CROWN_JEWEL,6,0,6,0,0,0,0,NONE_SURVIVING
apps/api/src/modules/auth/dto/register.dto.ts,CROWN_JEWEL,101,75,26,0,0,0,0,SURVIVING
apps/api/src/modules/auth/dto/registration-application.dto.ts,CROWN_JEWEL,44,43,0,0,1,0,0,SURVIVING
apps/api/src/modules/auth/dto/revoke-user-sessions.dto.ts,CROWN_JEWEL,11,11,0,0,0,0,0,SURVIVING
apps/api/src/modules/auth/employee-mfa-policy.spec.ts,CROWN_JEWEL,9,9,0,0,0,0,0,SURVIVING
apps/api/src/modules/auth/gekta-registration.controller.ts,CROWN_JEWEL,136,136,0,0,0,0,0,SURVIVING
apps/api/src/modules/auth/gekta-registration.service.ts,CROWN_JEWEL,475,475,0,0,0,0,0,SURVIVING
apps/api/src/modules/auth/gekta-registration.spec.ts,CROWN_JEWEL,320,320,0,0,0,0,0,SURVIVING
apps/api/src/modules/auth/jwt-auth.guard.spec.ts,CROWN_JEWEL,35,35,0,0,0,0,0,SURVIVING
apps/api/src/modules/auth/jwt-auth.guard.ts,CROWN_JEWEL,19,19,0,0,0,0,0,SURVIVING
apps/api/src/modules/auth/legacy-admin-identity-boundary.ts,CROWN_JEWEL,37,37,0,0,0,0,0,SURVIVING
apps/api/src/modules/auth/membership-capability.resolver.spec.ts,CROWN_JEWEL,377,0,377,0,0,0,0,NONE_SURVIVING
apps/api/src/modules/auth/membership-capability.resolver.ts,CROWN_JEWEL,336,0,336,0,0,0,0,NONE_SURVIVING
apps/api/src/modules/auth/mfaBackupCodeEntropy.spec.ts,CROWN_JEWEL,115,115,0,0,0,0,0,SURVIVING
apps/api/src/modules/auth/mfaBackupCodeSymmetry.spec.ts,CROWN_JEWEL,56,0,56,0,0,0,0,NONE_SURVIVING
apps/api/src/modules/auth/opaque-token-authority.ts,CROWN_JEWEL,378,13,365,0,0,0,0,SURVIVING
apps/api/src/modules/auth/opaqueTokenAuthority.spec.ts,CROWN_JEWEL,164,0,164,0,0,0,0,NONE_SURVIVING
apps/api/src/modules/auth/organization-invitation.service.spec.ts,CROWN_JEWEL,596,578,18,0,0,0,0,SURVIVING
apps/api/src/modules/auth/organization-invitation.service.ts,CROWN_JEWEL,1280,1236,44,0,0,0,0,SURVIVING
apps/api/src/modules/auth/organization-job-profile.spec.ts,CROWN_JEWEL,130,0,130,0,0,0,0,NONE_SURVIVING
apps/api/src/modules/auth/organization-job-profile.ts,CROWN_JEWEL,112,0,112,0,0,0,0,NONE_SURVIVING
apps/api/src/modules/auth/organization-role-policy.ts,CROWN_JEWEL,37,37,0,0,0,0,0,SURVIVING
apps/api/src/modules/auth/organization-tax-profile.policy.spec.ts,CROWN_JEWEL,339,0,339,0,0,0,0,NONE_SURVIVING
apps/api/src/modules/auth/organization-tax-profile.policy.ts,CROWN_JEWEL,341,0,341,0,0,0,0,NONE_SURVIVING
apps/api/src/modules/auth/organization-team.service.spec.ts,CROWN_JEWEL,121,121,0,0,0,0,0,SURVIVING
apps/api/src/modules/auth/organization-team.service.ts,CROWN_JEWEL,111,111,0,0,0,0,0,SURVIVING
apps/api/src/modules/auth/password-hashing-versioned.spec.ts,CROWN_JEWEL,375,375,0,0,0,0,0,SURVIVING
apps/api/src/modules/auth/password-hashing.spec.ts,CROWN_JEWEL,127,127,0,0,0,0,0,SURVIVING
apps/api/src/modules/auth/password-hashing.ts,CROWN_JEWEL,298,298,0,0,0,0,0,SURVIVING
apps/api/src/modules/auth/password-reset-token.spec.ts,CROWN_JEWEL,31,31,0,0,0,0,0,SURVIVING
apps/api/src/modules/auth/password-reset-token.ts,CROWN_JEWEL,30,18,12,0,0,0,0,SURVIVING
apps/api/src/modules/auth/password-reset.repository.ts,CROWN_JEWEL,164,159,5,0,0,0,0,SURVIVING
apps/api/src/modules/auth/password-reset.service.spec.ts,CROWN_JEWEL,189,188,1,0,0,0,0,SURVIVING
apps/api/src/modules/auth/password-reset.service.ts,CROWN_JEWEL,264,256,8,0,0,0,0,SURVIVING
apps/api/src/modules/auth/persistent-auth.repository.spec.ts,CROWN_JEWEL,118,118,0,0,0,0,0,SURVIVING
apps/api/src/modules/auth/persistent-auth.repository.ts,CROWN_JEWEL,1569,1445,123,0,1,0,0,SURVIVING
apps/api/src/modules/auth/product-session.service.ts,CROWN_JEWEL,506,506,0,0,0,0,0,SURVIVING
apps/api/src/modules/auth/product-session.spec.ts,CROWN_JEWEL,339,339,0,0,0,0,0,SURVIVING
apps/api/src/modules/auth/registration-application.service.ts,CROWN_JEWEL,1010,870,56,0,84,0,0,SURVIVING
apps/api/src/modules/auth/registration-cancellation.service.spec.ts,CROWN_JEWEL,183,183,0,0,0,0,0,SURVIVING
apps/api/src/modules/auth/registration-cancellation.service.ts,CROWN_JEWEL,269,269,0,0,0,0,0,SURVIVING
apps/api/src/modules/auth/registration-decision.service.spec.ts,CROWN_JEWEL,315,315,0,0,0,0,0,SURVIVING
apps/api/src/modules/auth/registration-decision.service.ts,CROWN_JEWEL,950,939,9,0,2,0,0,SURVIVING
apps/api/src/modules/auth/registration-token.spec.ts,CROWN_JEWEL,39,34,5,0,0,0,0,SURVIVING
apps/api/src/modules/auth/registration-token.ts,CROWN_JEWEL,42,19,23,0,0,0,0,SURVIVING
apps/api/src/modules/auth/registrationIdempotencyContract.spec.ts,CROWN_JEWEL,73,0,73,0,0,0,0,NONE_SURVIVING
apps/api/src/modules/auth/regulatory-rule-registry.policy.spec.ts,CROWN_JEWEL,251,0,251,0,0,0,0,NONE_SURVIVING
apps/api/src/modules/auth/regulatory-rule-registry.policy.ts,CROWN_JEWEL,207,0,207,0,0,0,0,NONE_SURVIVING
apps/api/src/modules/auth/session-idle-timeout.spec.ts,CROWN_JEWEL,156,156,0,0,0,0,0,SURVIVING
apps/api/src/modules/auth/signing-authority.policy.spec.ts,CROWN_JEWEL,471,0,471,0,0,0,0,NONE_SURVIVING
apps/api/src/modules/auth/signing-authority.policy.ts,CROWN_JEWEL,268,0,268,0,0,0,0,NONE_SURVIVING
apps/api/src/modules/auth/totp-replay-prevention.spec.ts,CROWN_JEWEL,192,192,0,0,0,0,0,SURVIVING
apps/api/src/modules/bank-reconciliation/bank-reconciliation.controller.ts,CROWN_JEWEL,39,5,34,0,0,0,0,SURVIVING
apps/api/src/modules/bank-reconciliation/bank-reconciliation.module.ts,CROWN_JEWEL,10,0,10,0,0,0,0,NONE_SURVIVING
apps/api/src/modules/bank-reconciliation/bank-reconciliation.service.ts,CROWN_JEWEL,325,260,65,0,0,0,0,SURVIVING
apps/api/src/modules/business-reputation/business-reputation-tenant-scope.spec.ts,CROWN_JEWEL,259,259,0,0,0,0,0,SURVIVING
apps/api/src/modules/business-reputation/business-reputation.controller.ts,CROWN_JEWEL,24,7,17,0,0,0,0,SURVIVING
apps/api/src/modules/business-reputation/business-reputation.module.ts,CROWN_JEWEL,10,0,10,0,0,0,0,NONE_SURVIVING
apps/api/src/modules/business-reputation/business-reputation.service.ts,CROWN_JEWEL,240,116,124,0,0,0,0,SURVIVING
apps/api/src/modules/certificate-monitor/certificate-monitor.controller.ts,STANDARD,51,0,51,0,0,0,0,NONE_SURVIVING
apps/api/src/modules/certificate-monitor/certificate-monitor.module.ts,STANDARD,12,0,12,0,0,0,0,NONE_SURVIVING
apps/api/src/modules/certificate-monitor/certificate-monitor.service.ts,STANDARD,154,0,154,0,0,0,0,NONE_SURVIVING
apps/api/src/modules/commercial-rules/commercial-rules.contract.spec.ts,STANDARD,157,157,0,0,0,0,0,SURVIVING
apps/api/src/modules/commercial-rules/commercial-rules.contract.ts,STANDARD,411,411,0,0,0,0,0,SURVIVING
apps/api/src/modules/commercial-rules/commercial-rules.controller.ts,STANDARD,166,166,0,0,0,0,0,SURVIVING
apps/api/src/modules/commercial-rules/commercial-rules.module.ts,STANDARD,12,12,0,0,0,0,0,SURVIVING
apps/api/src/modules/commercial-rules/commercial-rules.repository.ts,STANDARD,688,688,0,0,0,0,0,SURVIVING
apps/api/src/modules/commercial-rules/dto/commercial-rules-api.dto.ts,STANDARD,95,95,0,0,0,0,0,SURVIVING
apps/api/src/modules/commodity-profiles/commodity-profile-command.contract.spec.ts,STANDARD,61,61,0,0,0,0,0,SURVIVING
apps/api/src/modules/commodity-profiles/commodity-profile-command.contract.ts,STANDARD,117,117,0,0,0,0,0,SURVIVING
apps/api/src/modules/commodity-profiles/commodity-profile-role-matrix.integration.spec.ts,STANDARD,159,159,0,0,0,0,0,SURVIVING
apps/api/src/modules/commodity-profiles/commodity-profile-transaction-command.service.spec.ts,STANDARD,136,136,0,0,0,0,0,SURVIVING
apps/api/src/modules/commodity-profiles/commodity-profile-transaction-command.service.ts,STANDARD,117,117,0,0,0,0,0,SURVIVING
apps/api/src/modules/commodity-profiles/commodity-profile-version-history.repository.ts,STANDARD,193,193,0,0,0,0,0,SURVIVING
apps/api/src/modules/commodity-profiles/commodity-profile.policy.spec.ts,STANDARD,180,180,0,0,0,0,0,SURVIVING
apps/api/src/modules/commodity-profiles/commodity-profile.policy.ts,STANDARD,226,226,0,0,0,0,0,SURVIVING
apps/api/src/modules/commodity-profiles/commodity-profile.repository.spec.ts,STANDARD,128,128,0,0,0,0,0,SURVIVING
apps/api/src/modules/commodity-profiles/commodity-profile.repository.ts,STANDARD,303,303,0,0,0,0,0,SURVIVING
apps/api/src/modules/commodity-profiles/commodity-profiles.controller.spec.ts,STANDARD,321,321,0,0,0,0,0,SURVIVING
apps/api/src/modules/commodity-profiles/commodity-profiles.controller.ts,STANDARD,299,299,0,0,0,0,0,SURVIVING
apps/api/src/modules/commodity-profiles/commodity-profiles.http.integration.spec.ts,STANDARD,235,235,0,0,0,0,0,SURVIVING
apps/api/src/modules/commodity-profiles/commodity-profiles.module.spec.ts,STANDARD,54,54,0,0,0,0,0,SURVIVING
apps/api/src/modules/commodity-profiles/commodity-profiles.module.ts,STANDARD,30,30,0,0,0,0,0,SURVIVING
apps/api/src/modules/commodity-profiles/dto/commodity-profile-api.dto.ts,STANDARD,142,142,0,0,0,0,0,SURVIVING
apps/api/src/modules/commodity-profiles/postgresql-commodity-profile-transaction.integration.spec.ts,STANDARD,303,303,0,0,0,0,0,SURVIVING
apps/api/src/modules/commodity-profiles/postgresql-commodity-profile-transaction.port.spec.ts,STANDARD,237,237,0,0,0,0,0,SURVIVING
apps/api/src/modules/commodity-profiles/postgresql-commodity-profile-transaction.port.ts,STANDARD,936,935,0,0,1,0,0,SURVIVING
apps/api/src/modules/compliance/compliance-tenant-scope.spec.ts,CROWN_JEWEL,99,99,0,0,0,0,0,SURVIVING
apps/api/src/modules/compliance/compliance.controller.ts,CROWN_JEWEL,91,2,89,0,0,0,0,SURVIVING
apps/api/src/modules/compliance/compliance.module.ts,CROWN_JEWEL,13,2,11,0,0,0,0,SURVIVING
apps/api/src/modules/compliance/compliance.service.ts,CROWN_JEWEL,274,30,244,0,0,0,0,SURVIVING
apps/api/src/modules/deals/bank-callback-boundary.spec.ts,CROWN_JEWEL,46,46,0,0,0,0,0,SURVIVING
apps/api/src/modules/deals/canonical-test-deal.seed.ts,CROWN_JEWEL,379,379,0,0,0,0,0,SURVIVING
apps/api/src/modules/deals/deal-auto.service.ts,CROWN_JEWEL,89,11,78,0,0,0,0,SURVIVING
apps/api/src/modules/deals/deal-command-payload.ts,CROWN_JEWEL,116,116,0,0,0,0,0,SURVIVING
apps/api/src/modules/deals/deal-command.no-fake-live.spec.ts,CROWN_JEWEL,22,22,0,0,0,0,0,SURVIVING
apps/api/src/modules/deals/deal-command.policy.spec.ts,CROWN_JEWEL,56,56,0,0,0,0,0,SURVIVING
apps/api/src/modules/deals/deal-command.policy.ts,CROWN_JEWEL,94,94,0,0,0,0,0,SURVIVING
apps/api/src/modules/deals/deal-command.service.spec.ts,CROWN_JEWEL,152,152,0,0,0,0,0,SURVIVING
apps/api/src/modules/deals/deal-command.service.ts,CROWN_JEWEL,1050,1025,0,0,25,0,0,SURVIVING
apps/api/src/modules/deals/deal-event.service.ts,CROWN_JEWEL,89,0,89,0,0,0,0,NONE_SURVIVING
apps/api/src/modules/deals/deal-registry-cursor-key.spec.ts,CROWN_JEWEL,116,116,0,0,0,0,0,SURVIVING
apps/api/src/modules/deals/deal-registry-query.service.spec.ts,CROWN_JEWEL,131,131,0,0,0,0,0,SURVIVING
apps/api/src/modules/deals/deal-registry-query.service.ts,CROWN_JEWEL,388,388,0,0,0,0,0,SURVIVING
apps/api/src/modules/deals/deal-repository.factory.ts,CROWN_JEWEL,36,36,0,0,0,0,0,SURVIVING
apps/api/src/modules/deals/deal-repository.spec.ts,CROWN_JEWEL,123,123,0,0,0,0,0,SURVIVING
apps/api/src/modules/deals/deal.repository.ts,CROWN_JEWEL,19,19,0,0,0,0,0,SURVIVING
apps/api/src/modules/deals/deals.controller.ts,CROWN_JEWEL,126,79,40,7,0,0,0,SURVIVING
apps/api/src/modules/deals/deals.module.ts,CROWN_JEWEL,36,29,7,0,0,0,0,SURVIVING
apps/api/src/modules/deals/deals.service.spec.ts,CROWN_JEWEL,60,50,0,10,0,0,0,SURVIVING
apps/api/src/modules/deals/deals.service.ts,CROWN_JEWEL,39,20,17,2,0,0,0,SURVIVING
apps/api/src/modules/deals/dto/create-deal.dto.spec.ts,CROWN_JEWEL,33,33,0,0,0,0,0,SURVIVING
apps/api/src/modules/deals/dto/create-deal.dto.ts,CROWN_JEWEL,42,29,13,0,0,0,0,SURVIVING
apps/api/src/modules/deals/dto/deal-registry-query.dto.ts,CROWN_JEWEL,73,73,0,0,0,0,0,SURVIVING
apps/api/src/modules/deals/dto/execute-deal-command.dto.ts,CROWN_JEWEL,24,24,0,0,0,0,0,SURVIVING
apps/api/src/modules/deals/dto/transition-deal.dto.ts,CROWN_JEWEL,11,0,11,0,0,0,0,NONE_SURVIVING
apps/api/src/modules/deals/industrial-deal-command.gateway.spec.ts,CROWN_JEWEL,425,425,0,0,0,0,0,SURVIVING
apps/api/src/modules/deals/industrial-deal-command.gateway.ts,CROWN_JEWEL,754,754,0,0,0,0,0,SURVIVING
apps/api/src/modules/deals/postgresql-deal-command.service.ts,CROWN_JEWEL,527,527,0,0,0,0,0,SURVIVING
apps/api/src/modules/deals/prisma-deal.repository.ts,CROWN_JEWEL,649,649,0,0,0,0,0,SURVIVING
apps/api/src/modules/deals/runtime-deal.repository.ts,CROWN_JEWEL,39,39,0,0,0,0,0,SURVIVING
apps/api/src/modules/disputes/dispute-postgresql-authority.spec.ts,CROWN_JEWEL,73,73,0,0,0,0,0,SURVIVING
apps/api/src/modules/disputes/disputes.controller.ts,CROWN_JEWEL,121,77,29,15,0,0,0,SURVIVING
apps/api/src/modules/disputes/disputes.module.ts,CROWN_JEWEL,11,4,7,0,0,0,0,SURVIVING
apps/api/src/modules/disputes/disputes.service.ts,CROWN_JEWEL,59,36,12,11,0,0,0,SURVIVING
apps/api/src/modules/disputes/dto/add-dispute-evidence.dto.ts,CROWN_JEWEL,25,25,0,0,0,0,0,SURVIVING
apps/api/src/modules/disputes/dto/appeal-dispute.dto.ts,CROWN_JEWEL,9,9,0,0,0,0,0,SURVIVING
apps/api/src/modules/disputes/dto/bind-dispute-operations.dto.ts,CROWN_JEWEL,20,20,0,0,0,0,0,SURVIVING
apps/api/src/modules/disputes/dto/create-dispute.dto.ts,CROWN_JEWEL,49,32,15,2,0,0,0,SURVIVING
apps/api/src/modules/disputes/dto/decide-dispute.dto.ts,CROWN_JEWEL,19,12,7,0,0,0,0,SURVIVING
apps/api/src/modules/disputes/dto/dispute-version-command.dto.ts,CROWN_JEWEL,15,15,0,0,0,0,0,SURVIVING
apps/api/src/modules/disputes/dto/resolve-dispute-appeal.dto.ts,CROWN_JEWEL,23,23,0,0,0,0,0,SURVIVING
apps/api/src/modules/disputes/postgresql-dispute.repository.ts,CROWN_JEWEL,408,408,0,0,0,0,0,SURVIVING
apps/api/src/modules/documents/document-matrix.service.ts,CROWN_JEWEL,228,27,0,201,0,0,0,SURVIVING
apps/api/src/modules/documents/document-repository.factory.ts,CROWN_JEWEL,17,17,0,0,0,0,0,SURVIVING
apps/api/src/modules/documents/document-repository.spec.ts,CROWN_JEWEL,92,92,0,0,0,0,0,SURVIVING
apps/api/src/modules/documents/document-template.service.spec.ts,CROWN_JEWEL,122,122,0,0,0,0,0,SURVIVING
apps/api/src/modules/documents/document-template.service.ts,CROWN_JEWEL,319,58,261,0,0,0,0,SURVIVING
apps/api/src/modules/documents/document.repository.ts,CROWN_JEWEL,55,55,0,0,0,0,0,SURVIVING
apps/api/src/modules/documents/documents.controller.ts,CROWN_JEWEL,153,63,78,12,0,0,0,SURVIVING
apps/api/src/modules/documents/documents.module.ts,CROWN_JEWEL,22,14,7,1,0,0,0,SURVIVING
apps/api/src/modules/documents/documents.service.spec.ts,CROWN_JEWEL,133,133,0,0,0,0,0,SURVIVING
apps/api/src/modules/documents/documents.service.ts,CROWN_JEWEL,202,142,48,12,0,0,0,SURVIVING
apps/api/src/modules/documents/dto/generate-document-package.dto.ts,CROWN_JEWEL,16,16,0,0,0,0,0,SURVIVING
apps/api/src/modules/documents/dto/sign-document.dto.ts,CROWN_JEWEL,20,20,0,0,0,0,0,SURVIVING
apps/api/src/modules/documents/dto/upload-document.dto.ts,CROWN_JEWEL,38,27,11,0,0,0,0,SURVIVING
apps/api/src/modules/documents/prisma-document.repository.ts,CROWN_JEWEL,617,617,0,0,0,0,0,SURVIVING
apps/api/src/modules/documents/runtime-document.repository.ts,CROWN_JEWEL,70,70,0,0,0,0,0,SURVIVING
apps/api/src/modules/elevator/elevator.controller.ts,STANDARD,51,0,51,0,0,0,0,NONE_SURVIVING
apps/api/src/modules/elevator/elevator.module.ts,STANDARD,10,0,10,0,0,0,0,NONE_SURVIVING
apps/api/src/modules/elevator/elevator.service.ts,STANDARD,192,2,190,0,0,0,0,SURVIVING
apps/api/src/modules/evidence-pack/evidence-pack.controller.ts,CROWN_JEWEL,48,0,0,48,0,0,0,SURVIVING
apps/api/src/modules/evidence-pack/evidence-pack.module.ts,CROWN_JEWEL,10,0,0,10,0,0,0,SURVIVING
apps/api/src/modules/evidence-pack/evidence-pack.service.ts,CROWN_JEWEL,114,0,0,114,0,0,0,SURVIVING
apps/api/src/modules/evidence-pack/evidence-pack.spec.ts,CROWN_JEWEL,72,0,0,72,0,0,0,SURVIVING
apps/api/src/modules/export-trade/export-trade.controller.ts,STANDARD,96,0,96,0,0,0,0,NONE_SURVIVING
apps/api/src/modules/export-trade/export-trade.module.ts,STANDARD,10,0,10,0,0,0,0,NONE_SURVIVING
apps/api/src/modules/export-trade/export-trade.service.ts,STANDARD,170,0,170,0,0,0,0,NONE_SURVIVING
apps/api/src/modules/exports/exports-content-disposition.spec.ts,STANDARD,82,82,0,0,0,0,0,SURVIVING
apps/api/src/modules/exports/exports-failure-visibility.spec.ts,STANDARD,148,148,0,0,0,0,0,SURVIVING
apps/api/src/modules/exports/exports-output-encoding.spec.ts,STANDARD,197,197,0,0,0,0,0,SURVIVING
apps/api/src/modules/exports/exports-tenant-scope.spec.ts,STANDARD,265,265,0,0,0,0,0,SURVIVING
apps/api/src/modules/exports/exports.controller.ts,STANDARD,67,4,63,0,0,0,0,SURVIVING
apps/api/src/modules/exports/exports.module.ts,STANDARD,10,0,10,0,0,0,0,NONE_SURVIVING
apps/api/src/modules/exports/exports.service.ts,STANDARD,430,153,277,0,0,0,0,SURVIVING
apps/api/src/modules/factoring/factoring-tenant-scope.spec.ts,CROWN_JEWEL,202,202,0,0,0,0,0,SURVIVING
apps/api/src/modules/factoring/factoring.controller.ts,CROWN_JEWEL,74,4,70,0,0,0,0,SURVIVING
apps/api/src/modules/factoring/factoring.module.ts,CROWN_JEWEL,12,0,12,0,0,0,0,NONE_SURVIVING
apps/api/src/modules/factoring/factoring.service.ts,CROWN_JEWEL,361,97,264,0,0,0,0,SURVIVING
apps/api/src/modules/gekta/dto/gekta-operator.dto.ts,CROWN_JEWEL,87,87,0,0,0,0,0,SURVIVING
apps/api/src/modules/gekta/dto/gekta.dto.ts,CROWN_JEWEL,198,198,0,0,0,0,0,SURVIVING
apps/api/src/modules/gekta/gekta-access.service.ts,CROWN_JEWEL,234,234,0,0,0,0,0,SURVIVING
apps/api/src/modules/gekta/gekta-access.spec.ts,CROWN_JEWEL,275,275,0,0,0,0,0,SURVIVING
apps/api/src/modules/gekta/gekta-anonymous-admission.controller.spec.ts,CROWN_JEWEL,51,51,0,0,0,0,0,SURVIVING
apps/api/src/modules/gekta/gekta-anonymous-admission.controller.ts,CROWN_JEWEL,63,63,0,0,0,0,0,SURVIVING
apps/api/src/modules/gekta/gekta-anonymous-admission.service.spec.ts,CROWN_JEWEL,48,48,0,0,0,0,0,SURVIVING
apps/api/src/modules/gekta/gekta-anonymous-admission.service.ts,CROWN_JEWEL,48,48,0,0,0,0,0,SURVIVING
apps/api/src/modules/gekta/gekta-body-validation.spec.ts,CROWN_JEWEL,389,389,0,0,0,0,0,SURVIVING
apps/api/src/modules/gekta/gekta-operator.guard.ts,CROWN_JEWEL,142,142,0,0,0,0,0,SURVIVING
apps/api/src/modules/gekta/gekta-operator.service.ts,CROWN_JEWEL,145,145,0,0,0,0,0,SURVIVING
apps/api/src/modules/gekta/gekta-phone.service.ts,CROWN_JEWEL,143,143,0,0,0,0,0,SURVIVING
apps/api/src/modules/gekta/gekta-session.guard.ts,CROWN_JEWEL,60,60,0,0,0,0,0,SURVIVING
apps/api/src/modules/gekta/gekta-session.spec.ts,CROWN_JEWEL,93,93,0,0,0,0,0,SURVIVING
apps/api/src/modules/gekta/gekta-workspace.service.ts,CROWN_JEWEL,225,225,0,0,0,0,0,SURVIVING
apps/api/src/modules/gekta/gekta-workspace.spec.ts,CROWN_JEWEL,140,140,0,0,0,0,0,SURVIVING
apps/api/src/modules/gekta/gekta.contract.ts,CROWN_JEWEL,45,45,0,0,0,0,0,SURVIVING
apps/api/src/modules/gekta/gekta.controller.ts,CROWN_JEWEL,396,396,0,0,0,0,0,SURVIVING
apps/api/src/modules/gekta/gekta.module.spec.ts,CROWN_JEWEL,24,24,0,0,0,0,0,SURVIVING
apps/api/src/modules/gekta/gekta.module.ts,CROWN_JEWEL,44,44,0,0,0,0,0,SURVIVING
apps/api/src/modules/integration-events/durable-outbox.kafka-rejection.spec.ts,STANDARD,68,68,0,0,0,0,0,SURVIVING
apps/api/src/modules/integration-events/durable-outbox.runner.spec.ts,STANDARD,397,397,0,0,0,0,0,SURVIVING
apps/api/src/modules/integration-events/durable-outbox.runner.ts,STANDARD,208,208,0,0,0,0,0,SURVIVING
apps/api/src/modules/integration-events/durable-outbox.worker.ts,STANDARD,532,532,0,0,0,0,0,SURVIVING
apps/api/src/modules/integration-events/industrial-metrics.service.ts,STANDARD,125,125,0,0,0,0,0,SURVIVING
apps/api/src/modules/integration-events/integration-events.controller.ts,STANDARD,79,0,79,0,0,0,0,NONE_SURVIVING
apps/api/src/modules/integration-events/integration-events.module.ts,STANDARD,14,6,8,0,0,0,0,SURVIVING
apps/api/src/modules/integration-events/integration-events.service.ts,STANDARD,94,0,94,0,0,0,0,NONE_SURVIVING
apps/api/src/modules/integrations/edo-webhook.controller.ts,STANDARD,160,2,158,0,0,0,0,SURVIVING
apps/api/src/modules/integrations/integrations.controller.ts,STANDARD,83,0,64,19,0,0,0,SURVIVING
apps/api/src/modules/integrations/integrations.module.ts,STANDARD,15,0,15,0,0,0,0,NONE_SURVIVING
apps/api/src/modules/integrations/integrations.service.spec.ts,STANDARD,154,0,75,79,0,0,0,SURVIVING
apps/api/src/modules/integrations/integrations.service.ts,STANDARD,142,12,116,14,0,0,0,SURVIVING
apps/api/src/modules/inventory/dto/inventory-api.dto.ts,STANDARD,18,18,0,0,0,0,0,SURVIVING
apps/api/src/modules/inventory/inventory.contract.spec.ts,STANDARD,88,88,0,0,0,0,0,SURVIVING
apps/api/src/modules/inventory/inventory.contract.ts,STANDARD,56,56,0,0,0,0,0,SURVIVING
apps/api/src/modules/inventory/inventory.controller.ts,STANDARD,46,46,0,0,0,0,0,SURVIVING
apps/api/src/modules/inventory/inventory.module.ts,STANDARD,7,7,0,0,0,0,0,SURVIVING
apps/api/src/modules/inventory/inventory.repository.ts,STANDARD,51,51,0,0,0,0,0,SURVIVING
apps/api/src/modules/kyc/dto/kyc.dto.spec.ts,CROWN_JEWEL,198,198,0,0,0,0,0,SURVIVING
apps/api/src/modules/kyc/dto/kyc.dto.ts,CROWN_JEWEL,178,178,0,0,0,0,0,SURVIVING
apps/api/src/modules/kyc/kyc.controller.ts,CROWN_JEWEL,63,12,51,0,0,0,0,SURVIVING
apps/api/src/modules/kyc/kyc.module.ts,CROWN_JEWEL,12,0,12,0,0,0,0,NONE_SURVIVING
apps/api/src/modules/kyc/kyc.service.ts,CROWN_JEWEL,246,28,218,0,0,0,0,SURVIVING
apps/api/src/modules/kyc/rkn-incident-xml.spec.ts,CROWN_JEWEL,110,110,0,0,0,0,0,SURVIVING
apps/api/src/modules/labs/authorized-prisma-lab.repository.ts,STANDARD,298,298,0,0,0,0,0,SURVIVING
apps/api/src/modules/labs/dto/collect-sample.dto.ts,STANDARD,11,11,0,0,0,0,0,SURVIVING
apps/api/src/modules/labs/dto/create-sample.dto.ts,STANDARD,28,18,10,0,0,0,0,SURVIVING
apps/api/src/modules/labs/dto/lab-command.dto.ts,STANDARD,27,27,0,0,0,0,0,SURVIVING
apps/api/src/modules/labs/dto/record-custody.dto.ts,STANDARD,20,20,0,0,0,0,0,SURVIVING
apps/api/src/modules/labs/dto/record-test.dto.ts,STANDARD,40,28,12,0,0,0,0,SURVIVING
apps/api/src/modules/labs/dto/request-lab-evidence-upload.dto.ts,STANDARD,80,80,0,0,0,0,0,SURVIVING
apps/api/src/modules/labs/lab-authority.service.ts,STANDARD,756,756,0,0,0,0,0,SURVIVING
apps/api/src/modules/labs/lab-evidence-upload.security.spec.ts,STANDARD,120,120,0,0,0,0,0,SURVIVING
apps/api/src/modules/labs/lab-evidence-upload.service.ts,STANDARD,416,416,0,0,0,0,0,SURVIVING
apps/api/src/modules/labs/lab.repository.ts,STANDARD,155,155,0,0,0,0,0,SURVIVING
apps/api/src/modules/labs/labs-authority-non-bypass.spec.ts,STANDARD,154,154,0,0,0,0,0,SURVIVING
apps/api/src/modules/labs/labs.controller.ts,STANDARD,101,67,34,0,0,0,0,SURVIVING
apps/api/src/modules/labs/labs.module.ts,STANDARD,41,35,6,0,0,0,0,SURVIVING
apps/api/src/modules/labs/labs.service.ts,STANDARD,50,30,18,2,0,0,0,SURVIVING
apps/api/src/modules/labs/prisma-lab.repository.ts,STANDARD,1196,1196,0,0,0,0,0,SURVIVING
apps/api/src/modules/ledger/ledger-v2.service.ts,CROWN_JEWEL,245,84,161,0,0,0,0,SURVIVING
apps/api/src/modules/ledger/ledger.module.ts,CROWN_JEWEL,9,0,9,0,0,0,0,NONE_SURVIVING
apps/api/src/modules/ledger/ledger.service.ts,CROWN_JEWEL,217,0,217,0,0,0,0,NONE_SURVIVING
apps/api/src/modules/logistics/dto/create-shipment.dto.ts,STANDARD,40,0,40,0,0,0,0,NONE_SURVIVING
apps/api/src/modules/logistics/dto/shipment-fact-command.dto.ts,STANDARD,94,94,0,0,0,0,0,SURVIVING
apps/api/src/modules/logistics/dto/transition-shipment.dto.ts,STANDARD,19,0,19,0,0,0,0,NONE_SURVIVING
apps/api/src/modules/logistics/etn.service.ts,STANDARD,43,31,12,0,0,0,0,SURVIVING
apps/api/src/modules/logistics/geofence.service.ts,STANDARD,80,34,46,0,0,0,0,SURVIVING
apps/api/src/modules/logistics/logistics.controller.ts,STANDARD,108,57,51,0,0,0,0,SURVIVING
apps/api/src/modules/logistics/logistics.module.spec.ts,STANDARD,24,24,0,0,0,0,0,SURVIVING
apps/api/src/modules/logistics/logistics.module.ts,STANDARD,21,17,4,0,0,0,0,SURVIVING
apps/api/src/modules/logistics/logistics.service.spec.ts,STANDARD,74,74,0,0,0,0,0,SURVIVING
apps/api/src/modules/logistics/logistics.service.ts,STANDARD,78,42,33,3,0,0,0,SURVIVING
apps/api/src/modules/logistics/prisma-shipment.repository.ts,STANDARD,738,688,0,0,50,0,0,SURVIVING
apps/api/src/modules/logistics/shipment.repository.ts,STANDARD,134,133,0,0,1,0,0,SURVIVING
apps/api/src/modules/lots/dto/create-lot.dto.ts,STANDARD,54,0,54,0,0,0,0,NONE_SURVIVING
apps/api/src/modules/lots/lots.controller.ts,STANDARD,59,9,50,0,0,0,0,SURVIVING
apps/api/src/modules/lots/lots.module.ts,STANDARD,17,2,15,0,0,0,0,SURVIVING
apps/api/src/modules/lots/lots.service.spec.ts,STANDARD,190,0,190,0,0,0,0,NONE_SURVIVING
apps/api/src/modules/lots/lots.service.ts,STANDARD,278,5,273,0,0,0,0,SURVIVING
apps/api/src/modules/marketing/connectors/telegram.publisher.spec.ts,STANDARD,87,87,0,0,0,0,0,SURVIVING
apps/api/src/modules/marketing/connectors/telegram.publisher.ts,STANDARD,77,77,0,0,0,0,0,SURVIVING
apps/api/src/modules/marketing/connectors/vk.publisher.spec.ts,STANDARD,97,97,0,0,0,0,0,SURVIVING
apps/api/src/modules/marketing/connectors/vk.publisher.ts,STANDARD,99,99,0,0,0,0,0,SURVIVING
apps/api/src/modules/marketing/marketing-content-planner.spec.ts,STANDARD,196,196,0,0,0,0,0,SURVIVING
apps/api/src/modules/marketing/marketing-content-planner.ts,STANDARD,307,307,0,0,0,0,0,SURVIVING
apps/api/src/modules/marketing/marketing-durable-outbox.worker.spec.ts,STANDARD,39,39,0,0,0,0,0,SURVIVING
apps/api/src/modules/marketing/marketing-durable-outbox.worker.ts,STANDARD,73,73,0,0,0,0,0,SURVIVING
apps/api/src/modules/marketing/marketing-editorial-core.spec.ts,STANDARD,188,188,0,0,0,0,0,SURVIVING
apps/api/src/modules/marketing/marketing-editorial-core.ts,STANDARD,441,441,0,0,0,0,0,SURVIVING
apps/api/src/modules/marketing/marketing-outbox-dispatch.handler.ts,STANDARD,21,21,0,0,0,0,0,SURVIVING
apps/api/src/modules/marketing/marketing-outbox.contract.spec.ts,STANDARD,72,72,0,0,0,0,0,SURVIVING
apps/api/src/modules/marketing/marketing-outbox.contract.ts,STANDARD,131,131,0,0,0,0,0,SURVIVING
apps/api/src/modules/marketing/marketing-outbox.runner.ts,STANDARD,141,141,0,0,0,0,0,SURVIVING
apps/api/src/modules/marketing/marketing-outbox.service.ts,STANDARD,50,50,0,0,0,0,0,SURVIVING
apps/api/src/modules/marketing/marketing-policy.service.spec.ts,STANDARD,131,131,0,0,0,0,0,SURVIVING
apps/api/src/modules/marketing/marketing-policy.service.ts,STANDARD,139,139,0,0,0,0,0,SURVIVING
apps/api/src/modules/marketing/marketing-publisher.service.ts,STANDARD,63,63,0,0,0,0,0,SURVIVING
apps/api/src/modules/marketing/marketing.module.ts,STANDARD,20,20,0,0,0,0,0,SURVIVING
apps/api/src/modules/marketing/marketing.types.ts,STANDARD,91,91,0,0,0,0,0,SURVIVING
apps/api/src/modules/mfa/mfa.module.ts,CROWN_JEWEL,29,26,3,0,0,0,0,SURVIVING
apps/api/src/modules/ml-client/ml-client.module.ts,STANDARD,8,8,0,0,0,0,0,SURVIVING
apps/api/src/modules/ml-client/ml-client.service.ts,STANDARD,149,149,0,0,0,0,0,SURVIVING
apps/api/src/modules/notifications/notifications.controller.ts,STANDARD,39,0,39,0,0,0,0,NONE_SURVIVING
apps/api/src/modules/notifications/notifications.module.ts,STANDARD,10,0,10,0,0,0,0,NONE_SURVIVING
apps/api/src/modules/notifications/notifications.service.ts,STANDARD,111,0,111,0,0,0,0,NONE_SURVIVING
apps/api/src/modules/organization-capabilities/dto/organization-capability-api.dto.ts,STANDARD,61,61,0,0,0,0,0,SURVIVING
apps/api/src/modules/organization-capabilities/organization-capabilities.controller.ts,STANDARD,136,136,0,0,0,0,0,SURVIVING
apps/api/src/modules/organization-capabilities/organization-capabilities.module.ts,STANDARD,12,12,0,0,0,0,0,SURVIVING
apps/api/src/modules/organization-capabilities/organization-capability-command.contract.ts,STANDARD,121,121,0,0,0,0,0,SURVIVING
apps/api/src/modules/organization-capabilities/organization-capability.registry.spec.ts,STANDARD,97,97,0,0,0,0,0,SURVIVING
apps/api/src/modules/organization-capabilities/organization-capability.registry.ts,STANDARD,52,52,0,0,0,0,0,SURVIVING
apps/api/src/modules/organization-capabilities/organization-capability.repository.ts,STANDARD,533,533,0,0,0,0,0,SURVIVING
apps/api/src/modules/organization-intake/organization-intake.controller.ts,CROWN_JEWEL,36,36,0,0,0,0,0,SURVIVING
apps/api/src/modules/organization-intake/organization-intake.dto.ts,CROWN_JEWEL,90,90,0,0,0,0,0,SURVIVING
apps/api/src/modules/organization-intake/organization-intake.module.ts,CROWN_JEWEL,10,10,0,0,0,0,0,SURVIVING
apps/api/src/modules/organization-intake/organization-intake.service.ts,CROWN_JEWEL,203,203,0,0,0,0,0,SURVIVING
apps/api/src/modules/organizations/organizations.controller.ts,CROWN_JEWEL,40,0,40,0,0,0,0,NONE_SURVIVING
apps/api/src/modules/organizations/organizations.module.ts,CROWN_JEWEL,12,2,10,0,0,0,0,SURVIVING
apps/api/src/modules/organizations/organizations.service.ts,CROWN_JEWEL,108,0,108,0,0,0,0,NONE_SURVIVING
apps/api/src/modules/partner-api/dto/partner-api.dto.spec.ts,STANDARD,145,145,0,0,0,0,0,SURVIVING
apps/api/src/modules/partner-api/dto/partner-api.dto.ts,STANDARD,137,137,0,0,0,0,0,SURVIVING
apps/api/src/modules/partner-api/partner-api-scope-agreement.spec.ts,STANDARD,44,44,0,0,0,0,0,SURVIVING
apps/api/src/modules/partner-api/partner-api.controller.ts,STANDARD,116,17,99,0,0,0,0,SURVIVING
apps/api/src/modules/partner-api/partner-api.module.ts,STANDARD,11,0,11,0,0,0,0,NONE_SURVIVING
apps/api/src/modules/partner-api/partner-api.scopes.ts,STANDARD,24,24,0,0,0,0,0,SURVIVING
apps/api/src/modules/partner-api/partner-api.service.ts,STANDARD,150,15,135,0,0,0,0,SURVIVING
apps/api/src/modules/partner-api/webhook-dispatcher.service.ts,STANDARD,105,14,91,0,0,0,0,SURVIVING
apps/api/src/modules/partner-api/webhook-url-protocol.spec.ts,STANDARD,142,142,0,0,0,0,0,SURVIVING
apps/api/src/modules/railway/railway.controller.ts,STANDARD,77,0,77,0,0,0,0,NONE_SURVIVING
apps/api/src/modules/railway/railway.module.ts,STANDARD,10,0,10,0,0,0,0,NONE_SURVIVING
apps/api/src/modules/railway/railway.service.ts,STANDARD,223,0,223,0,0,0,0,NONE_SURVIVING
apps/api/src/modules/regulatory-integration/dto/fgis-grain-tenant-read.dto.ts,STANDARD,142,142,0,0,0,0,0,SURVIVING
apps/api/src/modules/regulatory-integration/dto/regulatory-integration-control-tower.dto.ts,STANDARD,133,133,0,0,0,0,0,SURVIVING
apps/api/src/modules/regulatory-integration/fgis-grain/fgis-grain-1.0.23.contract.spec.ts,STANDARD,193,193,0,0,0,0,0,SURVIVING
apps/api/src/modules/regulatory-integration/fgis-grain/fgis-grain-1.0.23.contract.ts,STANDARD,355,355,0,0,0,0,0,SURVIVING
apps/api/src/modules/regulatory-integration/fgis-grain/fgis-grain-1.0.23.dispatch.contract.spec.ts,STANDARD,200,200,0,0,0,0,0,SURVIVING
apps/api/src/modules/regulatory-integration/fgis-grain/fgis-grain-1.0.23.dispatch.contract.ts,STANDARD,538,538,0,0,0,0,0,SURVIVING
apps/api/src/modules/regulatory-integration/fgis-grain/fgis-grain-1.0.23.dispatch.fail-closed.ts,STANDARD,78,78,0,0,0,0,0,SURVIVING
apps/api/src/modules/regulatory-integration/fgis-grain/fgis-grain-1.0.23.generated.ts,STANDARD,147,147,0,0,0,0,0,SURVIVING
apps/api/src/modules/regulatory-integration/fgis-grain/fgis-grain-1.0.23.operations.generated.ts,STANDARD,7,7,0,0,0,0,0,SURVIVING
apps/api/src/modules/regulatory-integration/fgis-grain/fgis-grain-1.0.23.signing-policy.generated.ts,STANDARD,130,130,0,0,0,0,0,SURVIVING
apps/api/src/modules/regulatory-integration/fgis-grain/fgis-grain-1.0.23.xml-codec.spec.ts,STANDARD,444,444,0,0,0,0,0,SURVIVING
apps/api/src/modules/regulatory-integration/fgis-grain/fgis-grain-1.0.23.xml-codec.ts,STANDARD,1477,1477,0,0,0,0,0,SURVIVING
apps/api/src/modules/regulatory-integration/fgis-grain/fgis-grain-1.0.23.xml-policy.spec.ts,STANDARD,61,61,0,0,0,0,0,SURVIVING
apps/api/src/modules/regulatory-integration/fgis-grain/fgis-grain-1.0.23.xml-policy.ts,STANDARD,91,91,0,0,0,0,0,SURVIVING
apps/api/src/modules/regulatory-integration/fgis-grain/fgis-grain-ack.contract.spec.ts,STANDARD,109,109,0,0,0,0,0,SURVIVING
apps/api/src/modules/regulatory-integration/fgis-grain/fgis-grain-ack.contract.ts,STANDARD,381,381,0,0,0,0,0,SURVIVING
apps/api/src/modules/regulatory-integration/fgis-grain/fgis-grain-ack.repository.ts,STANDARD,164,164,0,0,0,0,0,SURVIVING
apps/api/src/modules/regulatory-integration/fgis-grain/fgis-grain-contract-catalog.service.ts,STANDARD,38,38,0,0,0,0,0,SURVIVING
apps/api/src/modules/regulatory-integration/fgis-grain/fgis-grain-dispatch.repository.ts,STANDARD,390,390,0,0,0,0,0,SURVIVING
apps/api/src/modules/regulatory-integration/fgis-grain/fgis-grain-exchange-correlation.repository.ts,STANDARD,159,149,0,0,10,0,0,SURVIVING
apps/api/src/modules/regulatory-integration/fgis-grain/fgis-grain-exchange-receipt.repository.ts,STANDARD,181,181,0,0,0,0,0,SURVIVING
apps/api/src/modules/regulatory-integration/fgis-grain/fgis-grain-exchange.contract.ts,STANDARD,266,266,0,0,0,0,0,SURVIVING
apps/api/src/modules/regulatory-integration/fgis-grain/fgis-grain-legacy-quarantine.audit.spec.ts,STANDARD,318,0,318,0,0,0,0,NONE_SURVIVING
apps/api/src/modules/regulatory-integration/fgis-grain/fgis-grain-legacy-quarantine.audit.ts,STANDARD,103,0,103,0,0,0,0,NONE_SURVIVING
apps/api/src/modules/regulatory-integration/fgis-grain/fgis-grain-legacy-quarantine.module.ts,STANDARD,17,0,17,0,0,0,0,NONE_SURVIVING
apps/api/src/modules/regulatory-integration/fgis-grain/fgis-grain-legacy-quarantine.test-double.ts,STANDARD,47,0,47,0,0,0,0,NONE_SURVIVING
apps/api/src/modules/regulatory-integration/fgis-grain/fgis-grain-legacy-quarantine.ts,STANDARD,153,0,153,0,0,0,0,NONE_SURVIVING
apps/api/src/modules/regulatory-integration/fgis-grain/fgis-grain-outbox-dispatch.handler.spec.ts,STANDARD,330,330,0,0,0,0,0,SURVIVING
apps/api/src/modules/regulatory-integration/fgis-grain/fgis-grain-outbox-dispatch.handler.ts,STANDARD,337,337,0,0,0,0,0,SURVIVING
apps/api/src/modules/regulatory-integration/fgis-grain/fgis-grain-provider-attestation.contract.spec.ts,STANDARD,123,123,0,0,0,0,0,SURVIVING
apps/api/src/modules/regulatory-integration/fgis-grain/fgis-grain-provider-attestation.contract.ts,STANDARD,266,266,0,0,0,0,0,SURVIVING
apps/api/src/modules/regulatory-integration/fgis-grain/fgis-grain-provider-attestation.repository.ts,STANDARD,1040,1040,0,0,0,0,0,SURVIVING
apps/api/src/modules/regulatory-integration/fgis-grain/fgis-grain-quarantine-audit-principal.grants.spec.ts,STANDARD,132,0,132,0,0,0,0,NONE_SURVIVING
apps/api/src/modules/regulatory-integration/fgis-grain/fgis-grain-quarantine-audit-principal.inspection.ts,STANDARD,97,0,97,0,0,0,0,NONE_SURVIVING
apps/api/src/modules/regulatory-integration/fgis-grain/fgis-grain-quarantine-audit-principal.spec.ts,STANDARD,170,0,170,0,0,0,0,NONE_SURVIVING
apps/api/src/modules/regulatory-integration/fgis-grain/fgis-grain-quarantine-audit-principal.ts,STANDARD,113,0,113,0,0,0,0,NONE_SURVIVING
apps/api/src/modules/regulatory-integration/fgis-grain/fgis-grain-sdiz-projection.contract.spec.ts,STANDARD,162,162,0,0,0,0,0,SURVIVING
apps/api/src/modules/regulatory-integration/fgis-grain/fgis-grain-sdiz-projection.contract.ts,STANDARD,301,301,0,0,0,0,0,SURVIVING
apps/api/src/modules/regulatory-integration/fgis-grain/fgis-grain-sdiz-projection.repository.ts,STANDARD,896,896,0,0,0,0,0,SURVIVING
apps/api/src/modules/regulatory-integration/fgis-grain/fgis-grain-tenant-read.contract.spec.ts,STANDARD,160,160,0,0,0,0,0,SURVIVING
apps/api/src/modules/regulatory-integration/fgis-grain/fgis-grain-tenant-read.contract.ts,STANDARD,404,404,0,0,0,0,0,SURVIVING
apps/api/src/modules/regulatory-integration/fgis-grain/fgis-grain-tenant-read.controller.spec.ts,STANDARD,133,133,0,0,0,0,0,SURVIVING
apps/api/src/modules/regulatory-integration/fgis-grain/fgis-grain-tenant-read.controller.ts,STANDARD,109,109,0,0,0,0,0,SURVIVING
apps/api/src/modules/regulatory-integration/fgis-grain/fgis-grain-tenant-read.repository.spec.ts,STANDARD,104,104,0,0,0,0,0,SURVIVING
apps/api/src/modules/regulatory-integration/fgis-grain/fgis-grain-tenant-read.repository.ts,STANDARD,916,916,0,0,0,0,0,SURVIVING
apps/api/src/modules/regulatory-integration/fgis-grain/fgis-grain-tenant-read.transport.ts,STANDARD,98,98,0,0,0,0,0,SURVIVING
apps/api/src/modules/regulatory-integration/fgis-grain/fgis-grain-xml-codec.service.ts,STANDARD,32,32,0,0,0,0,0,SURVIVING
apps/api/src/modules/regulatory-integration/regulatory-integration.control-tower.command.service.ts,STANDARD,56,56,0,0,0,0,0,SURVIVING
apps/api/src/modules/regulatory-integration/regulatory-integration.control-tower.controller.ts,STANDARD,288,288,0,0,0,0,0,SURVIVING
apps/api/src/modules/regulatory-integration/regulatory-integration.control-tower.policy.spec.ts,STANDARD,83,83,0,0,0,0,0,SURVIVING
apps/api/src/modules/regulatory-integration/regulatory-integration.control-tower.policy.ts,STANDARD,149,149,0,0,0,0,0,SURVIVING
apps/api/src/modules/regulatory-integration/regulatory-integration.control-tower.postgresql.spec.ts,STANDARD,219,219,0,0,0,0,0,SURVIVING
apps/api/src/modules/regulatory-integration/regulatory-integration.control-tower.redrive.repository.ts,STANDARD,301,301,0,0,0,0,0,SURVIVING
apps/api/src/modules/regulatory-integration/regulatory-integration.control-tower.repository.spec.ts,STANDARD,81,81,0,0,0,0,0,SURVIVING
apps/api/src/modules/regulatory-integration/regulatory-integration.control-tower.repository.ts,STANDARD,484,484,0,0,0,0,0,SURVIVING
apps/api/src/modules/regulatory-integration/regulatory-integration.errors.ts,STANDARD,138,138,0,0,0,0,0,SURVIVING
apps/api/src/modules/regulatory-integration/regulatory-integration.inbox-lifecycle.repository.spec.ts,STANDARD,301,301,0,0,0,0,0,SURVIVING
apps/api/src/modules/regulatory-integration/regulatory-integration.inbox-lifecycle.repository.ts,STANDARD,513,513,0,0,0,0,0,SURVIVING
apps/api/src/modules/regulatory-integration/regulatory-integration.inbox-policy.spec.ts,STANDARD,193,193,0,0,0,0,0,SURVIVING
apps/api/src/modules/regulatory-integration/regulatory-integration.inbox-policy.ts,STANDARD,269,269,0,0,0,0,0,SURVIVING
apps/api/src/modules/regulatory-integration/regulatory-integration.inbox.repository.spec.ts,STANDARD,202,202,0,0,0,0,0,SURVIVING
apps/api/src/modules/regulatory-integration/regulatory-integration.inbox.repository.ts,STANDARD,516,516,0,0,0,0,0,SURVIVING
apps/api/src/modules/regulatory-integration/regulatory-integration.module.ts,STANDARD,73,73,0,0,0,0,0,SURVIVING
apps/api/src/modules/regulatory-integration/regulatory-integration.reconciliation.repository.ts,STANDARD,198,198,0,0,0,0,0,SURVIVING
apps/api/src/modules/regulatory-integration/regulatory-integration.state-machine.spec.ts,STANDARD,51,51,0,0,0,0,0,SURVIVING
apps/api/src/modules/regulatory-integration/regulatory-integration.state-machine.ts,STANDARD,70,70,0,0,0,0,0,SURVIVING
apps/api/src/modules/regulatory-integration/regulatory-integration.types.spec.ts,STANDARD,119,119,0,0,0,0,0,SURVIVING
apps/api/src/modules/regulatory-integration/regulatory-integration.types.ts,STANDARD,156,156,0,0,0,0,0,SURVIVING
apps/api/src/modules/role-eligibility/adapters/accreditation.adapter.ts,STANDARD,23,23,0,0,0,0,0,SURVIVING
apps/api/src/modules/role-eligibility/adapters/cbr-registry.adapter.spec.ts,STANDARD,113,113,0,0,0,0,0,SURVIVING
apps/api/src/modules/role-eligibility/adapters/cbr-registry.adapter.ts,STANDARD,186,186,0,0,0,0,0,SURVIVING
apps/api/src/modules/role-eligibility/adapters/fgis-grain.adapter.ts,STANDARD,24,24,0,0,0,0,0,SURVIVING
apps/api/src/modules/role-eligibility/adapters/fns-egrul-feed.parser.spec.ts,STANDARD,227,227,0,0,0,0,0,SURVIVING
apps/api/src/modules/role-eligibility/adapters/fns-egrul-feed.parser.ts,STANDARD,320,320,0,0,0,0,0,SURVIVING
apps/api/src/modules/role-eligibility/adapters/fns-evidence.adapter.ts,STANDARD,43,43,0,0,0,0,0,SURVIVING
apps/api/src/modules/role-eligibility/adapters/registry-adapter.ts,STANDARD,6,6,0,0,0,0,0,SURVIVING
apps/api/src/modules/role-eligibility/fns-egrul-file-import.service.spec.ts,STANDARD,289,289,0,0,0,0,0,SURVIVING
apps/api/src/modules/role-eligibility/fns-egrul-file-import.service.ts,STANDARD,287,287,0,0,0,0,0,SURVIVING
apps/api/src/modules/role-eligibility/role-eligibility-admission.service.spec.ts,STANDARD,208,208,0,0,0,0,0,SURVIVING
apps/api/src/modules/role-eligibility/role-eligibility-admission.service.ts,STANDARD,166,166,0,0,0,0,0,SURVIVING
apps/api/src/modules/role-eligibility/role-eligibility-contract.spec.ts,STANDARD,76,76,0,0,0,0,0,SURVIVING
apps/api/src/modules/role-eligibility/role-eligibility-enforcement-policy.spec.ts,STANDARD,66,66,0,0,0,0,0,SURVIVING
apps/api/src/modules/role-eligibility/role-eligibility-enforcement-policy.ts,STANDARD,122,122,0,0,0,0,0,SURVIVING
apps/api/src/modules/role-eligibility/role-eligibility-enforcement.repository.ts,STANDARD,119,119,0,0,0,0,0,SURVIVING
apps/api/src/modules/role-eligibility/role-eligibility-enforcement.types.ts,STANDARD,69,69,0,0,0,0,0,SURVIVING
apps/api/src/modules/role-eligibility/role-eligibility-evidence.service.ts,STANDARD,152,152,0,0,0,0,0,SURVIVING
apps/api/src/modules/role-eligibility/role-eligibility-fns-egrul-composition.spec.ts,STANDARD,181,181,0,0,0,0,0,SURVIVING
apps/api/src/modules/role-eligibility/role-eligibility-fns-egrul-import.module.ts,STANDARD,8,8,0,0,0,0,0,SURVIVING
apps/api/src/modules/role-eligibility/role-eligibility-fns-egrul-ingest.repository.ts,STANDARD,329,329,0,0,0,0,0,SURVIVING
apps/api/src/modules/role-eligibility/role-eligibility-format-validation.spec.ts,STANDARD,42,42,0,0,0,0,0,SURVIVING
apps/api/src/modules/role-eligibility/role-eligibility-format-validation.ts,STANDARD,200,200,0,0,0,0,0,SURVIVING
apps/api/src/modules/role-eligibility/role-eligibility-identifiers.spec.ts,STANDARD,108,108,0,0,0,0,0,SURVIVING
apps/api/src/modules/role-eligibility/role-eligibility-metrics.service.ts,STANDARD,124,124,0,0,0,0,0,SURVIVING
apps/api/src/modules/role-eligibility/role-eligibility-policy.spec.ts,STANDARD,110,110,0,0,0,0,0,SURVIVING
apps/api/src/modules/role-eligibility/role-eligibility-policy.ts,STANDARD,266,266,0,0,0,0,0,SURVIVING
apps/api/src/modules/role-eligibility/role-eligibility-registry-sync.service.ts,STANDARD,217,217,0,0,0,0,0,SURVIVING
apps/api/src/modules/role-eligibility/role-eligibility-registry-sync.spec.ts,STANDARD,390,390,0,0,0,0,0,SURVIVING
apps/api/src/modules/role-eligibility/role-eligibility-registry.repository.ts,STANDARD,186,186,0,0,0,0,0,SURVIVING
apps/api/src/modules/role-eligibility/role-eligibility-security.spec.ts,STANDARD,132,132,0,0,0,0,0,SURVIVING
apps/api/src/modules/role-eligibility/role-eligibility-security.ts,STANDARD,358,358,0,0,0,0,0,SURVIVING
apps/api/src/modules/role-eligibility/role-eligibility-source-freshness.spec.ts,STANDARD,39,39,0,0,0,0,0,SURVIVING
apps/api/src/modules/role-eligibility/role-eligibility-source-health.service.ts,STANDARD,74,74,0,0,0,0,0,SURVIVING
apps/api/src/modules/role-eligibility/role-eligibility-specialized-policy.spec.ts,STANDARD,93,93,0,0,0,0,0,SURVIVING
apps/api/src/modules/role-eligibility/role-eligibility-verdict-idempotency.spec.ts,STANDARD,43,43,0,0,0,0,0,SURVIVING
apps/api/src/modules/role-eligibility/role-eligibility-worker.module.ts,STANDARD,34,34,0,0,0,0,0,SURVIVING
apps/api/src/modules/role-eligibility/role-eligibility-worker.repository.ts,STANDARD,139,139,0,0,0,0,0,SURVIVING
apps/api/src/modules/role-eligibility/role-eligibility-worker.service.ts,STANDARD,217,217,0,0,0,0,0,SURVIVING
apps/api/src/modules/role-eligibility/role-eligibility.controller.ts,STANDARD,78,78,0,0,0,0,0,SURVIVING
apps/api/src/modules/role-eligibility/role-eligibility.module.ts,STANDARD,60,60,0,0,0,0,0,SURVIVING
apps/api/src/modules/role-eligibility/role-eligibility.repository.ts,STANDARD,258,258,0,0,0,0,0,SURVIVING
apps/api/src/modules/role-eligibility/role-eligibility.service.spec.ts,STANDARD,107,107,0,0,0,0,0,SURVIVING
apps/api/src/modules/role-eligibility/role-eligibility.service.ts,STANDARD,159,159,0,0,0,0,0,SURVIVING
apps/api/src/modules/role-eligibility/role-eligibility.types.ts,STANDARD,284,284,0,0,0,0,0,SURVIVING
apps/api/src/modules/route-planner/route-planner.controller.ts,STANDARD,86,0,86,0,0,0,0,NONE_SURVIVING
apps/api/src/modules/route-planner/route-planner.module.ts,STANDARD,10,0,10,0,0,0,0,NONE_SURVIVING
apps/api/src/modules/route-planner/route-planner.service.ts,STANDARD,111,0,111,0,0,0,0,NONE_SURVIVING
apps/api/src/modules/runtime-core/money-flow.characterization.spec.ts,STANDARD,163,163,0,0,0,0,0,SURVIVING
apps/api/src/modules/runtime-core/runtime-blocker-resolver.spec.ts,STANDARD,98,98,0,0,0,0,0,SURVIVING
apps/api/src/modules/runtime-core/runtime-blocker-resolver.ts,STANDARD,82,82,0,0,0,0,0,SURVIVING
apps/api/src/modules/runtime-core/runtime-completeness-checker.spec.ts,STANDARD,68,68,0,0,0,0,0,SURVIVING
apps/api/src/modules/runtime-core/runtime-completeness-checker.ts,STANDARD,66,66,0,0,0,0,0,SURVIVING
apps/api/src/modules/runtime-core/runtime-core.module.ts,STANDARD,9,9,0,0,0,0,0,SURVIVING
apps/api/src/modules/runtime-core/runtime-core.service.ts,STANDARD,994,994,0,0,0,0,0,SURVIVING
apps/api/src/modules/runtime-core/runtime-core.spec.ts,STANDARD,142,0,0,142,0,0,0,SURVIVING
apps/api/src/modules/runtime-core/runtime-money-engine.spec.ts,STANDARD,91,91,0,0,0,0,0,SURVIVING
apps/api/src/modules/runtime-core/runtime-money-engine.ts,STANDARD,88,88,0,0,0,0,0,SURVIVING
apps/api/src/modules/runtime-core/runtime-state-machine.spec.ts,STANDARD,62,62,0,0,0,0,0,SURVIVING
apps/api/src/modules/runtime-core/runtime-state-machine.ts,STANDARD,65,65,0,0,0,0,0,SURVIVING
apps/api/src/modules/runtime-core/runtime-timeline-builder.spec.ts,STANDARD,88,88,0,0,0,0,0,SURVIVING
apps/api/src/modules/runtime-core/runtime-timeline-builder.ts,STANDARD,78,78,0,0,0,0,0,SURVIVING
apps/api/src/modules/runtime-persistence/prisma-runtime-persistence.repository.spec.ts,STANDARD,252,252,0,0,0,0,0,SURVIVING
apps/api/src/modules/runtime-persistence/prisma-runtime-persistence.repository.ts,STANDARD,279,279,0,0,0,0,0,SURVIVING
apps/api/src/modules/runtime-persistence/runtime-persistence-command.service.spec.ts,STANDARD,227,226,1,0,0,0,0,SURVIVING
apps/api/src/modules/runtime-persistence/runtime-persistence-command.service.ts,STANDARD,124,124,0,0,0,0,0,SURVIVING
apps/api/src/modules/runtime-persistence/runtime-persistence-repository.factory.ts,STANDARD,24,24,0,0,0,0,0,SURVIVING
apps/api/src/modules/runtime-persistence/runtime-persistence-repository.spec.ts,STANDARD,64,64,0,0,0,0,0,SURVIVING
apps/api/src/modules/runtime-persistence/runtime-persistence.module.ts,STANDARD,26,26,0,0,0,0,0,SURVIVING
apps/api/src/modules/runtime-persistence/runtime-persistence.repository.ts,STANDARD,102,102,0,0,0,0,0,SURVIVING
apps/api/src/modules/runtime-persistence/runtime-persistence.service.spec.ts,STANDARD,166,166,0,0,0,0,0,SURVIVING
apps/api/src/modules/runtime-persistence/runtime-persistence.service.ts,STANDARD,34,34,0,0,0,0,0,SURVIVING
apps/api/src/modules/runtime-snapshot/runtime-snapshot.controller.ts,STANDARD,80,80,0,0,0,0,0,SURVIVING
apps/api/src/modules/runtime-snapshot/runtime-snapshot.module.ts,STANDARD,7,7,0,0,0,0,0,SURVIVING
apps/api/src/modules/saga/deal-saga-persist-visibility.spec.ts,STANDARD,98,98,0,0,0,0,0,SURVIVING
apps/api/src/modules/saga/deal-saga.service.ts,STANDARD,267,51,216,0,0,0,0,SURVIVING
apps/api/src/modules/saga/dto/saga-reason.dto.ts,STANDARD,18,18,0,0,0,0,0,SURVIVING
apps/api/src/modules/saga/fgis-step.service.spec.ts,STANDARD,122,0,122,0,0,0,0,NONE_SURVIVING
apps/api/src/modules/saga/fgis-step.service.ts,STANDARD,148,0,148,0,0,0,0,NONE_SURVIVING
apps/api/src/modules/saga/saga.controller.ts,STANDARD,108,3,105,0,0,0,0,SURVIVING
apps/api/src/modules/saga/saga.module.ts,STANDARD,13,0,13,0,0,0,0,NONE_SURVIVING
apps/api/src/modules/search/search.controller.ts,STANDARD,30,30,0,0,0,0,0,SURVIVING
apps/api/src/modules/search/search.module.ts,STANDARD,23,23,0,0,0,0,0,SURVIVING
apps/api/src/modules/search/search.service.ts,STANDARD,166,166,0,0,0,0,0,SURVIVING
apps/api/src/modules/security/security-e2e.spec.ts,STANDARD,261,93,168,0,0,0,0,SURVIVING
apps/api/src/modules/service-marketplace/dto/service-marketplace-api.dto.ts,STANDARD,128,128,0,0,0,0,0,SURVIVING
apps/api/src/modules/service-marketplace/service-marketplace.contract.spec.ts,STANDARD,183,183,0,0,0,0,0,SURVIVING
apps/api/src/modules/service-marketplace/service-marketplace.contract.ts,STANDARD,293,293,0,0,0,0,0,SURVIVING
apps/api/src/modules/service-marketplace/service-marketplace.controller.ts,STANDARD,124,124,0,0,0,0,0,SURVIVING
apps/api/src/modules/service-marketplace/service-marketplace.module.ts,STANDARD,12,12,0,0,0,0,0,SURVIVING
apps/api/src/modules/service-marketplace/service-marketplace.repository.ts,STANDARD,634,634,0,0,0,0,0,SURVIVING
apps/api/src/modules/service-providers/dto/integration-binding-api.dto.ts,STANDARD,93,93,0,0,0,0,0,SURVIVING
apps/api/src/modules/service-providers/dto/provider-registry-api.dto.ts,STANDARD,97,97,0,0,0,0,0,SURVIVING
apps/api/src/modules/service-providers/integration-binding.contract.spec.ts,STANDARD,182,182,0,0,0,0,0,SURVIVING
apps/api/src/modules/service-providers/integration-binding.contract.ts,STANDARD,179,179,0,0,0,0,0,SURVIVING
apps/api/src/modules/service-providers/integration-binding.repository.ts,STANDARD,629,629,0,0,0,0,0,SURVIVING
apps/api/src/modules/service-providers/integration-bindings.controller.ts,STANDARD,116,116,0,0,0,0,0,SURVIVING
apps/api/src/modules/service-providers/provider-registry.contract.spec.ts,STANDARD,102,102,0,0,0,0,0,SURVIVING
apps/api/src/modules/service-providers/provider-registry.contract.ts,STANDARD,253,253,0,0,0,0,0,SURVIVING
apps/api/src/modules/service-providers/provider-registry.repository.ts,STANDARD,919,919,0,0,0,0,0,SURVIVING
apps/api/src/modules/service-providers/service-providers.controller.ts,STANDARD,328,254,74,0,0,0,0,SURVIVING
apps/api/src/modules/service-providers/service-providers.module.ts,STANDARD,15,8,7,0,0,0,0,SURVIVING
apps/api/src/modules/service-providers/service-providers.service.ts,STANDARD,89,58,31,0,0,0,0,SURVIVING
apps/api/src/modules/settlement-engine/bank-key-registry.service.ts,CROWN_JEWEL,133,133,0,0,0,0,0,SURVIVING
apps/api/src/modules/settlement-engine/dto/revoke-bank-key.dto.ts,CROWN_JEWEL,17,17,0,0,0,0,0,SURVIVING
apps/api/src/modules/settlement-engine/settlement-access.service.ts,CROWN_JEWEL,103,103,0,0,0,0,0,SURVIVING
apps/api/src/modules/settlement-engine/settlement-aware-deal-command.service.ts,CROWN_JEWEL,114,114,0,0,0,0,0,SURVIVING
apps/api/src/modules/settlement-engine/settlement-calculation.characterization.spec.ts,CROWN_JEWEL,106,106,0,0,0,0,0,SURVIVING
apps/api/src/modules/settlement-engine/settlement-calculation.ts,CROWN_JEWEL,143,59,84,0,0,0,0,SURVIVING
apps/api/src/modules/settlement-engine/settlement-engine.controller.ts,CROWN_JEWEL,391,337,30,24,0,0,0,SURVIVING
apps/api/src/modules/settlement-engine/settlement-engine.module.ts,CROWN_JEWEL,32,29,3,0,0,0,0,SURVIVING
apps/api/src/modules/settlement-engine/settlement-engine.service.spec.ts,CROWN_JEWEL,182,158,0,24,0,0,0,SURVIVING
apps/api/src/modules/settlement-engine/settlement-engine.service.ts,CROWN_JEWEL,245,209,22,14,0,0,0,SURVIVING
apps/api/src/modules/settlement-engine/settlement-financial-mfa.guard.spec.ts,CROWN_JEWEL,45,45,0,0,0,0,0,SURVIVING
apps/api/src/modules/settlement-engine/settlement-financial-mfa.guard.ts,CROWN_JEWEL,44,44,0,0,0,0,0,SURVIVING
apps/api/src/modules/settlement-engine/settlement-postgresql-authority.spec.ts,CROWN_JEWEL,88,88,0,0,0,0,0,SURVIVING
apps/api/src/modules/settlement-engine/settlement-postgresql.repository.ts,CROWN_JEWEL,2138,2138,0,0,0,0,0,SURVIVING
apps/api/src/modules/settlement-engine/settlement-terms-input-validation.spec.ts,CROWN_JEWEL,67,67,0,0,0,0,0,SURVIVING
apps/api/src/modules/staff-access/registration-cancellation.controller.ts,CROWN_JEWEL,56,56,0,0,0,0,0,SURVIVING
apps/api/src/modules/staff-access/registration-decision-session-boundary.spec.ts,CROWN_JEWEL,100,100,0,0,0,0,0,SURVIVING
apps/api/src/modules/staff-access/staff-access-modes.decorator.ts,CROWN_JEWEL,7,7,0,0,0,0,0,SURVIVING
apps/api/src/modules/staff-access/staff-access-request.service.ts,CROWN_JEWEL,119,119,0,0,0,0,0,SURVIVING
apps/api/src/modules/staff-access/staff-access.controller.ts,CROWN_JEWEL,397,397,0,0,0,0,0,SURVIVING
apps/api/src/modules/staff-access/staff-access.dto.ts,CROWN_JEWEL,169,169,0,0,0,0,0,SURVIVING
apps/api/src/modules/staff-access/staff-access.guard.ts,CROWN_JEWEL,77,77,0,0,0,0,0,SURVIVING
apps/api/src/modules/staff-access/staff-access.module.ts,CROWN_JEWEL,64,64,0,0,0,0,0,SURVIVING
apps/api/src/modules/staff-access/staff-access.repository.spec.ts,CROWN_JEWEL,53,53,0,0,0,0,0,SURVIVING
apps/api/src/modules/staff-access/staff-access.repository.ts,CROWN_JEWEL,566,566,0,0,0,0,0,SURVIVING
apps/api/src/modules/staff-access/staff-access.service.ts,CROWN_JEWEL,811,801,9,0,1,0,0,SURVIVING
apps/api/src/modules/staff-access/staff-access.types.ts,CROWN_JEWEL,292,272,9,0,11,0,0,SURVIVING
apps/api/src/modules/staff-access/staff-assignment.service.ts,CROWN_JEWEL,225,225,0,0,0,0,0,SURVIVING
apps/api/src/modules/staff-access/staff-audit-writer.service.ts,CROWN_JEWEL,70,65,0,0,5,0,0,SURVIVING
apps/api/src/modules/staff-access/staff-audit.service.ts,CROWN_JEWEL,201,201,0,0,0,0,0,SURVIVING
apps/api/src/modules/staff-access/staff-authority-prisma.service.ts,CROWN_JEWEL,234,234,0,0,0,0,0,SURVIVING
apps/api/src/modules/staff-access/staff-capabilities.controller.ts,CROWN_JEWEL,19,19,0,0,0,0,0,SURVIVING
apps/api/src/modules/staff-access/staff-capabilities.service.ts,CROWN_JEWEL,297,297,0,0,0,0,0,SURVIVING
apps/api/src/modules/staff-access/staff-delegated-access.guard.ts,CROWN_JEWEL,48,48,0,0,0,0,0,SURVIVING
apps/api/src/modules/staff-access/staff-emergency.service.ts,CROWN_JEWEL,147,147,0,0,0,0,0,SURVIVING
apps/api/src/modules/staff-access/staff-endpoint-policy.spec.ts,CROWN_JEWEL,230,230,0,0,0,0,0,SURVIVING
apps/api/src/modules/staff-access/staff-endpoint-policy.ts,CROWN_JEWEL,134,134,0,0,0,0,0,SURVIVING
apps/api/src/modules/staff-access/staff-permissions.decorator.ts,CROWN_JEWEL,7,7,0,0,0,0,0,SURVIVING
apps/api/src/modules/staff-access/staff-projection.service.spec.ts,CROWN_JEWEL,60,60,0,0,0,0,0,SURVIVING
apps/api/src/modules/staff-access/staff-projection.service.ts,CROWN_JEWEL,121,121,0,0,0,0,0,SURVIVING
apps/api/src/modules/staff-access/staff-runtime-access.repository.ts,CROWN_JEWEL,45,45,0,0,0,0,0,SURVIVING
apps/api/src/modules/staff-access/staff-support.dto.ts,CROWN_JEWEL,75,75,0,0,0,0,0,SURVIVING
apps/api/src/modules/staff-access/staff-support.service.ts,CROWN_JEWEL,448,444,0,0,4,0,0,SURVIVING
apps/api/src/modules/staff-access/staff-workspace-audit.interceptor.ts,CROWN_JEWEL,66,66,0,0,0,0,0,SURVIVING
apps/api/src/modules/staff-access/staff-workspace.controller.ts,CROWN_JEWEL,321,304,0,0,17,0,0,SURVIVING
apps/api/src/modules/staff-access/staff-workspace.service.ts,CROWN_JEWEL,367,288,0,0,79,0,0,SURVIVING
apps/api/src/modules/storage/download-disposition.spec.ts,STANDARD,180,180,0,0,0,0,0,SURVIVING
apps/api/src/modules/storage/object-storage.adapter.spec.ts,STANDARD,52,52,0,0,0,0,0,SURVIVING
apps/api/src/modules/storage/object-storage.adapter.ts,STANDARD,385,385,0,0,0,0,0,SURVIVING
apps/api/src/modules/storage/production-object-storage.factory.spec.ts,STANDARD,52,52,0,0,0,0,0,SURVIVING
apps/api/src/modules/storage/production-object-storage.factory.ts,STANDARD,45,45,0,0,0,0,0,SURVIVING
apps/api/src/modules/storage/storage-finalization.repository.ts,STANDARD,117,117,0,0,0,0,0,SURVIVING
apps/api/src/modules/storage/storage.controller.ts,STANDARD,107,62,45,0,0,0,0,SURVIVING
apps/api/src/modules/storage/storage.module.ts,STANDARD,24,17,7,0,0,0,0,SURVIVING
apps/api/src/modules/storage/storage.service.ts,STANDARD,459,419,40,0,0,0,0,SURVIVING
apps/api/src/modules/support/dto/support.dto.spec.ts,STANDARD,101,101,0,0,0,0,0,SURVIVING
apps/api/src/modules/support/dto/support.dto.ts,STANDARD,96,96,0,0,0,0,0,SURVIVING
apps/api/src/modules/support/queue-priority-order.spec.ts,STANDARD,77,77,0,0,0,0,0,SURVIVING
apps/api/src/modules/support/support-password-reset.spec.ts,STANDARD,211,211,0,0,0,0,0,SURVIVING
apps/api/src/modules/support/support.controller.ts,STANDARD,92,13,79,0,0,0,0,SURVIVING
apps/api/src/modules/support/support.module.ts,STANDARD,13,2,11,0,0,0,0,SURVIVING
apps/api/src/modules/support/support.priorities.ts,STANDARD,18,18,0,0,0,0,0,SURVIVING
apps/api/src/modules/support/support.service.ts,STANDARD,333,122,211,0,0,0,0,SURVIVING
apps/api/src/modules/tai-tools/README.md,CROWN_JEWEL,38,27,11,0,0,0,0,SURVIVING
apps/api/src/modules/tai-tools/tai-tool-assertion.guard.ts,CROWN_JEWEL,40,40,0,0,0,0,0,SURVIVING
apps/api/src/modules/tai-tools/tai-tool-assertion.spec.ts,CROWN_JEWEL,107,107,0,0,0,0,0,SURVIVING
apps/api/src/modules/tai-tools/tai-tool-assertion.ts,CROWN_JEWEL,273,266,7,0,0,0,0,SURVIVING
apps/api/src/modules/tai-tools/tai-tools.controller.ts,CROWN_JEWEL,62,62,0,0,0,0,0,SURVIVING
apps/api/src/modules/tai-tools/tai-tools.module.ts,CROWN_JEWEL,13,13,0,0,0,0,0,SURVIVING
apps/api/src/modules/tai-tools/tai-tools.service.spec.ts,CROWN_JEWEL,412,246,166,0,0,0,0,SURVIVING
apps/api/src/modules/tai-tools/tai-tools.service.ts,CROWN_JEWEL,334,152,182,0,0,0,0,SURVIVING
apps/api/src/outbox-worker.module.ts,STANDARD,71,71,0,0,0,0,0,SURVIVING
apps/api/src/outbox-worker.ts,STANDARD,171,171,0,0,0,0,0,SURVIVING
apps/api/src/platform-v7/audit-read-model/audit-read-model.ts,STANDARD,187,187,0,0,0,0,0,SURVIVING
apps/api/src/platform-v7/audit-read-model/index.ts,STANDARD,1,1,0,0,0,0,0,SURVIVING
apps/api/src/platform-v7/canonical-data/canonical-data.ts,STANDARD,157,157,0,0,0,0,0,SURVIVING
apps/api/src/platform-v7/canonical-data/index.ts,STANDARD,1,1,0,0,0,0,0,SURVIVING
apps/api/src/platform-v7/ledger-invariants/index.ts,STANDARD,1,1,0,0,0,0,0,SURVIVING
apps/api/src/platform-v7/ledger-invariants/ledger-invariants.ts,STANDARD,190,190,0,0,0,0,0,SURVIVING
apps/api/src/platform-v7/ledger-source/index.ts,STANDARD,1,1,0,0,0,0,0,SURVIVING
apps/api/src/platform-v7/ledger-source/ledger-source.ts,STANDARD,167,167,0,0,0,0,0,SURVIVING
apps/api/src/platform-v7/money-integer/index.ts,STANDARD,1,1,0,0,0,0,0,SURVIVING
apps/api/src/platform-v7/money-integer/money-integer.ts,STANDARD,56,56,0,0,0,0,0,SURVIVING
apps/api/src/platform-v7/object-scope/index.ts,STANDARD,1,1,0,0,0,0,0,SURVIVING
apps/api/src/platform-v7/object-scope/object-scope.ts,STANDARD,50,50,0,0,0,0,0,SURVIVING
apps/api/src/platform-v7/rbac/index.ts,STANDARD,1,1,0,0,0,0,0,SURVIVING
apps/api/src/platform-v7/rbac/permissions.ts,STANDARD,142,142,0,0,0,0,0,SURVIVING
apps/api/src/platform-v7/route-scope/index.ts,STANDARD,1,1,0,0,0,0,0,SURVIVING
apps/api/src/platform-v7/route-scope/route-scope.ts,STANDARD,103,103,0,0,0,0,0,SURVIVING
apps/api/src/platform-v7/tenant-scope/index.ts,STANDARD,1,1,0,0,0,0,0,SURVIVING
apps/api/src/platform-v7/tenant-scope/tenant-scope.ts,STANDARD,47,47,0,0,0,0,0,SURVIVING
apps/api/src/role-eligibility-worker.ts,STANDARD,150,150,0,0,0,0,0,SURVIVING
apps/api/src/sentry.ts,STANDARD,121,121,0,0,0,0,0,SURVIVING
apps/api/src/shared/chat-contact-policy.ts,STANDARD,90,0,90,0,0,0,0,NONE_SURVIVING
apps/api/src/shared/integration-mode.ts,STANDARD,16,0,16,0,0,0,0,NONE_SURVIVING
apps/api/src/shared/integration-signature.ts,STANDARD,15,0,15,0,0,0,0,NONE_SURVIVING
apps/api/src/shared/provider-health.shared.ts,STANDARD,58,0,58,0,0,0,0,NONE_SURVIVING
apps/api/src/shared/runtime-auction-origin.ts,STANDARD,245,0,245,0,0,0,0,NONE_SURVIVING
apps/api/src/shared/runtime-command-processor.ts,STANDARD,135,0,135,0,0,0,0,NONE_SURVIVING
apps/api/src/telemetry-config.spec.ts,STANDARD,57,57,0,0,0,0,0,SURVIVING
apps/api/src/telemetry-config.ts,STANDARD,49,49,0,0,0,0,0,SURVIVING
apps/api/src/tracing.ts,STANDARD,66,66,0,0,0,0,0,SURVIVING
apps/api/test/auth/jest.config.json,STANDARD,12,12,0,0,0,0,0,SURVIVING
apps/api/test/auth/mfa-backup-code-one-time.e2e-spec.ts,STANDARD,201,201,0,0,0,0,0,SURVIVING
apps/api/test/auth/mfa-recovery.e2e-spec.ts,STANDARD,297,297,0,0,0,0,0,SURVIVING
apps/api/test/auth/persistent-auth.e2e-spec.ts,STANDARD,1026,649,182,0,195,0,0,SURVIVING
apps/api/test/e2e-deal-cycle.spec.ts,STANDARD,160,0,160,0,0,0,0,NONE_SURVIVING
apps/api/test/industrial/auction-atomic-execution.e2e-spec.ts,STANDARD,525,500,25,0,0,0,0,SURVIVING
apps/api/test/industrial/auction-idempotency-race.e2e-spec.ts,STANDARD,110,110,0,0,0,0,0,SURVIVING
apps/api/test/industrial/auction-inventory-authority.e2e-spec.ts,STANDARD,455,455,0,0,0,0,0,SURVIVING
apps/api/test/industrial/commercial-rules-authority.e2e-spec.ts,STANDARD,444,444,0,0,0,0,0,SURVIVING
apps/api/test/industrial/commodity-profile-registry-invariants.sql,STANDARD,243,243,0,0,0,0,0,SURVIVING
apps/api/test/industrial/deal-command-no-fake-live.e2e-spec.ts,STANDARD,300,300,0,0,0,0,0,SURVIVING
apps/api/test/industrial/deal-postgresql-authority.e2e-spec.ts,STANDARD,355,355,0,0,0,0,0,SURVIVING
apps/api/test/industrial/deal-registry-postgresql.e2e-spec.ts,STANDARD,201,201,0,0,0,0,0,SURVIVING
apps/api/test/industrial/disputes-party-initiator.e2e-spec.ts,STANDARD,180,180,0,0,0,0,0,SURVIVING
apps/api/test/industrial/disputes-postgresql-authority.e2e-spec.ts,STANDARD,528,528,0,0,0,0,0,SURVIVING
apps/api/test/industrial/document-postgresql-authority.e2e-spec.ts,STANDARD,256,256,0,0,0,0,0,SURVIVING
apps/api/test/industrial/durable-outbox.e2e-spec.ts,STANDARD,592,592,0,0,0,0,0,SURVIVING
apps/api/test/industrial/fgis-grain-ack.e2e-spec.ts,STANDARD,505,505,0,0,0,0,0,SURVIVING
apps/api/test/industrial/fgis-grain-dispatch.e2e-spec.ts,STANDARD,227,227,0,0,0,0,0,SURVIVING
apps/api/test/industrial/fgis-grain-exchange.e2e-spec.ts,STANDARD,525,502,0,0,23,0,0,SURVIVING
apps/api/test/industrial/fgis-grain-provider-attestation.e2e-spec.ts,STANDARD,365,365,0,0,0,0,0,SURVIVING
apps/api/test/industrial/fgis-grain-sdiz-projection.e2e-spec.ts,STANDARD,773,773,0,0,0,0,0,SURVIVING
apps/api/test/industrial/fgis-grain-tenant-read.e2e-spec.ts,STANDARD,2681,2681,0,0,0,0,0,SURVIVING
apps/api/test/industrial/harness.ts,STANDARD,913,909,0,0,4,0,0,SURVIVING
apps/api/test/industrial/industrial-core.e2e-spec.ts,STANDARD,275,275,0,0,0,0,0,SURVIVING
apps/api/test/industrial/integration-binding-authority.e2e-spec.ts,STANDARD,388,388,0,0,0,0,0,SURVIVING
apps/api/test/industrial/inventory-reservation-authority.e2e-spec.ts,STANDARD,271,271,0,0,0,0,0,SURVIVING
apps/api/test/industrial/jest.config.json,STANDARD,12,12,0,0,0,0,0,SURVIVING
apps/api/test/industrial/labs-actor-authority.e2e-spec.ts,STANDARD,190,190,0,0,0,0,0,SURVIVING
apps/api/test/industrial/labs-postgresql-authority.e2e-spec.ts,STANDARD,603,603,0,0,0,0,0,SURVIVING
apps/api/test/industrial/load-proof.e2e-spec.ts,STANDARD,216,216,0,0,0,0,0,SURVIVING
apps/api/test/industrial/money-reconciliation.e2e-spec.ts,STANDARD,286,286,0,0,0,0,0,SURVIVING
apps/api/test/industrial/observability.e2e-spec.ts,STANDARD,168,168,0,0,0,0,0,SURVIVING
apps/api/test/industrial/organization-capability-authority.e2e-spec.ts,STANDARD,260,260,0,0,0,0,0,SURVIVING
apps/api/test/industrial/organization-intake-postgresql.e2e-spec.ts,STANDARD,265,265,0,0,0,0,0,SURVIVING
apps/api/test/industrial/outbox-worker-process.e2e-spec.ts,STANDARD,350,350,0,0,0,0,0,SURVIVING
apps/api/test/industrial/provider-registry-authority.e2e-spec.ts,STANDARD,340,340,0,0,0,0,0,SURVIVING
apps/api/test/industrial/regulatory-integration-inbox.e2e-spec.ts,STANDARD,485,485,0,0,0,0,0,SURVIVING
apps/api/test/industrial/service-marketplace-authority.e2e-spec.ts,STANDARD,574,574,0,0,0,0,0,SURVIVING
apps/api/test/industrial/settlement-confirmed-counter-guard.e2e-spec.ts,STANDARD,132,132,0,0,0,0,0,SURVIVING
apps/api/test/industrial/settlement-harness.ts,STANDARD,45,45,0,0,0,0,0,SURVIVING
apps/api/test/industrial/settlement-participant-scope.e2e-spec.ts,STANDARD,69,69,0,0,0,0,0,SURVIVING
apps/api/test/industrial/settlement-postgresql-authority.e2e-spec.ts,STANDARD,479,479,0,0,0,0,0,SURVIVING
apps/api/test/one-deal/deal-privileged-insert-denied.e2e-spec.ts,STANDARD,61,61,0,0,0,0,0,SURVIVING
apps/api/test/one-deal/distributed-rate-limit.e2e-spec.ts,STANDARD,178,178,0,0,0,0,0,SURVIVING
apps/api/test/one-deal/document-postgresql-authority.e2e-spec.ts,STANDARD,323,323,0,0,0,0,0,SURVIVING
apps/api/test/one-deal/durable-storage.e2e-spec.ts,STANDARD,274,274,0,0,0,0,0,SURVIVING
apps/api/test/one-deal/harness-contract.e2e-spec.ts,STANDARD,35,35,0,0,0,0,0,SURVIVING
apps/api/test/one-deal/industrial-one-deal.e2e-spec.ts,STANDARD,507,507,0,0,0,0,0,SURVIVING
apps/api/test/one-deal/jest.config.json,STANDARD,12,12,0,0,0,0,0,SURVIVING
apps/api/test/one-deal/persistent-actor-identities.ts,STANDARD,25,0,25,0,0,0,0,NONE_SURVIVING
apps/api/test/one-deal/persistent-auth-actors.ts,STANDARD,257,256,1,0,0,0,0,SURVIVING
apps/api/test/one-deal/postgresql-deal-authority.e2e-spec.ts,STANDARD,350,350,0,0,0,0,0,SURVIVING
apps/api/test/one-deal/recovery-matrix.e2e-spec.ts,STANDARD,184,184,0,0,0,0,0,SURVIVING
apps/api/test/one-deal/restored-database-acceptance.ts,STANDARD,356,356,0,0,0,0,0,SURVIVING
apps/api/test/one-deal/runtime-principal-startup-proof.ts,STANDARD,110,110,0,0,0,0,0,SURVIVING
apps/api/test/one-deal/seed.ts,STANDARD,314,306,2,0,6,0,0,SURVIVING
apps/api/test/platform-v7/audit-read-model/audit-read-model.test.ts,STANDARD,110,110,0,0,0,0,0,SURVIVING
apps/api/test/platform-v7/canonical-data/canonical-data.spec.ts,STANDARD,101,101,0,0,0,0,0,SURVIVING
apps/api/test/platform-v7/ledger-invariants/ledger-invariants.test.ts,STANDARD,120,120,0,0,0,0,0,SURVIVING
apps/api/test/platform-v7/ledger-source/ledger-source.test.ts,STANDARD,101,101,0,0,0,0,0,SURVIVING
apps/api/test/platform-v7/money-integer/money-integer.test.ts,STANDARD,60,60,0,0,0,0,0,SURVIVING
apps/api/test/platform-v7/object-scope/object-scope.spec.ts,STANDARD,68,68,0,0,0,0,0,SURVIVING
apps/api/test/platform-v7/rbac/permissions.spec.ts,STANDARD,40,40,0,0,0,0,0,SURVIVING
apps/api/test/platform-v7/route-scope/route-scope.spec.ts,STANDARD,159,159,0,0,0,0,0,SURVIVING
apps/api/test/platform-v7/tenant-scope/tenant-scope.spec.ts,STANDARD,58,58,0,0,0,0,0,SURVIVING
apps/api/test/staff-access/jest.e2e.config.json,STANDARD,13,13,0,0,0,0,0,SURVIVING
apps/api/test/staff-access/postgresql-staff-access.e2e-spec.ts,STANDARD,372,372,0,0,0,0,0,SURVIVING
apps/api/test/staff-access/postgresql-staff-audit-chain.e2e-spec.ts,STANDARD,76,76,0,0,0,0,0,SURVIVING
apps/api/test/staff-access/setup-env.js,STANDARD,10,10,0,0,0,0,0,SURVIVING
apps/api/test/staff-access/staff-access-policy.spec.ts,STANDARD,263,263,0,0,0,0,0,SURVIVING
apps/api/test/staff-access/staff-access-request-projection.spec.ts,STANDARD,84,84,0,0,0,0,0,SURVIVING
apps/api/test/staff-access/staff-access-request.service.spec.ts,STANDARD,101,101,0,0,0,0,0,SURVIVING
apps/api/test/staff-access/staff-access.guard.spec.ts,STANDARD,110,110,0,0,0,0,0,SURVIVING
apps/api/test/staff-access/staff-audit-writer.service.spec.ts,STANDARD,72,12,0,0,60,0,0,SURVIVING
apps/api/test/staff-access/staff-capabilities.contract.spec.ts,STANDARD,266,266,0,0,0,0,0,SURVIVING
apps/api/test/staff-access/staff-delegated-access.guard.spec.ts,STANDARD,95,95,0,0,0,0,0,SURVIVING
apps/api/test/staff-access/staff-policy-deal-scope.spec.ts,STANDARD,71,71,0,0,0,0,0,SURVIVING
apps/api/test/staff-access/staff-session-scope.spec.ts,STANDARD,185,185,0,0,0,0,0,SURVIVING
apps/api/test/staff-access/staff-standing-authority.spec.ts,STANDARD,98,98,0,0,0,0,0,SURVIVING
apps/api/test/staff-access/staff-support-persistence-contract.spec.ts,STANDARD,27,27,0,0,0,0,0,SURVIVING
apps/api/test/staff-access/staff-support.service.spec.ts,STANDARD,142,142,0,0,0,0,0,SURVIVING
apps/api/test/staff-access/staff-workspace.service.spec.ts,STANDARD,181,115,0,0,66,0,0,SURVIVING
apps/api/tests/load/k6-load-test.js,STANDARD,259,0,259,0,0,0,0,NONE_SURVIVING
apps/api/tests/load/scenario-07-load-test.ts,STANDARD,136,136,0,0,0,0,0,SURVIVING
apps/api/tsconfig.json,STANDARD,11,0,11,0,0,0,0,NONE_SURVIVING
apps/api/tsconfig.marketing-outbox-worker.json,STANDARD,19,19,0,0,0,0,0,SURVIVING
apps/api/tsconfig.outbox-worker.json,STANDARD,19,19,0,0,0,0,0,SURVIVING
apps/landing/.gitignore,STANDARD,5,5,0,0,0,0,0,SURVIVING
apps/landing/app/api/pilot-request/route.ts,STANDARD,129,129,0,0,0,0,0,SURVIVING
apps/landing/app/brand-logo.css,STANDARD,66,66,0,0,0,0,0,SURVIVING
apps/landing/app/components/AgroScenarios.tsx,STANDARD,29,29,0,0,0,0,0,SURVIVING
apps/landing/app/components/CTA.tsx,STANDARD,91,91,0,0,0,0,0,SURVIVING
apps/landing/app/components/Features.tsx,STANDARD,118,118,0,0,0,0,0,SURVIVING
apps/landing/app/components/Footer.tsx,STANDARD,70,70,0,0,0,0,0,SURVIVING
apps/landing/app/components/FortyEightHourResult.tsx,STANDARD,29,29,0,0,0,0,0,SURVIVING
apps/landing/app/components/HeaderLogo.tsx,STANDARD,18,18,0,0,0,0,0,SURVIVING
apps/landing/app/components/Hero.tsx,STANDARD,147,147,0,0,0,0,0,SURVIVING
apps/landing/app/components/HowItWorks.tsx,STANDARD,107,107,0,0,0,0,0,SURVIVING
apps/landing/app/components/Integrations.tsx,STANDARD,65,65,0,0,0,0,0,SURVIVING
apps/landing/app/components/LandingHero.tsx,STANDARD,86,86,0,0,0,0,0,SURVIVING
apps/landing/app/components/LandingTrustBlocks.tsx,STANDARD,39,39,0,0,0,0,0,SURVIVING
apps/landing/app/components/LossMap.tsx,STANDARD,36,36,0,0,0,0,0,SURVIVING
apps/landing/app/components/Nav.tsx,STANDARD,103,103,0,0,0,0,0,SURVIVING
apps/landing/app/components/NotAnotherTool.tsx,STANDARD,31,31,0,0,0,0,0,SURVIVING
apps/landing/app/components/PilotLeadForm.module.css,STANDARD,1,1,0,0,0,0,0,SURVIVING
apps/landing/app/components/PilotLeadForm.tsx,STANDARD,82,82,0,0,0,0,0,SURVIVING
apps/landing/app/components/PilotSingleDeal.tsx,STANDARD,33,33,0,0,0,0,0,SURVIVING
apps/landing/app/components/PremiumMockups.tsx,STANDARD,55,55,0,0,0,0,0,SURVIVING
apps/landing/app/components/Problem.tsx,STANDARD,69,69,0,0,0,0,0,SURVIVING
apps/landing/app/components/RoleEntry.tsx,STANDARD,33,33,0,0,0,0,0,SURVIVING
apps/landing/app/components/Roles.tsx,STANDARD,82,82,0,0,0,0,0,SURVIVING
apps/landing/app/components/SampleLossCard.tsx,STANDARD,35,35,0,0,0,0,0,SURVIVING
apps/landing/app/components/Stats.tsx,STANDARD,32,32,0,0,0,0,0,SURVIVING
apps/landing/app/components/StickyCTA.tsx,STANDARD,33,33,0,0,0,0,0,SURVIVING
apps/landing/app/components/Trust.tsx,STANDARD,105,105,0,0,0,0,0,SURVIVING
apps/landing/app/globals.css,STANDARD,544,544,0,0,0,0,0,SURVIVING
apps/landing/app/layout.tsx,STANDARD,27,27,0,0,0,0,0,SURVIVING
apps/landing/app/mobile-safe.css,STANDARD,156,156,0,0,0,0,0,SURVIVING
apps/landing/app/page.tsx,STANDARD,132,132,0,0,0,0,0,SURVIVING
apps/landing/app/worldclass-polish.css,STANDARD,1,1,0,0,0,0,0,SURVIVING
apps/landing/next-env.d.ts,STANDARD,5,5,0,0,0,0,0,SURVIVING
apps/landing/next.config.js,STANDARD,8,8,0,0,0,0,0,SURVIVING
apps/landing/package.json,STANDARD,25,25,0,0,0,0,0,SURVIVING
apps/landing/postcss.config.js,STANDARD,6,6,0,0,0,0,0,SURVIVING
apps/landing/tailwind.config.ts,STANDARD,49,49,0,0,0,0,0,SURVIVING
apps/landing/tsconfig.json,STANDARD,21,21,0,0,0,0,0,SURVIVING
apps/ml/main.py,STANDARD,28,28,0,0,0,0,0,SURVIVING
apps/ml/routers/fraud.py,STANDARD,206,206,0,0,0,0,0,SURVIVING
apps/ml/routers/health.py,STANDARD,33,33,0,0,0,0,0,SURVIVING
apps/ml/routers/price.py,STANDARD,195,195,0,0,0,0,0,SURVIVING
apps/ml/routers/scoring.py,STANDARD,190,190,0,0,0,0,0,SURVIVING
apps/ml/training/train_fraud_model.py,STANDARD,100,100,0,0,0,0,0,SURVIVING
apps/ml/training/train_price_model.py,STANDARD,105,105,0,0,0,0,0,SURVIVING
apps/ml/training/train_scoring_model.py,STANDARD,101,101,0,0,0,0,0,SURVIVING
apps/packages/integration-sdk/src/registry.ts,STANDARD,1,1,0,0,0,0,0,SURVIVING
apps/tai/README.md,STANDARD,104,104,0,0,0,0,0,SURVIVING
apps/tai/ROADMAP.md,STANDARD,82,82,0,0,0,0,0,SURVIVING
apps/tai/TAI_AGRO_OS_MASTER_SPECIFICATION_v4.0.md,STANDARD,184,184,0,0,0,0,0,SURVIVING
apps/tai/TAI_AGRO_OS_V4_IMPLEMENTATION_AUDIT.md,STANDARD,69,69,0,0,0,0,0,SURVIVING
apps/tai/TAI_ALWAYS_ON_CORE_STAGE1.md,STANDARD,75,75,0,0,0,0,0,SURVIVING
apps/tai/TAI_REG_RU_DEPLOY.md,STANDARD,31,31,0,0,0,0,0,SURVIVING
apps/tai/TAI_REG_RU_PREFLIGHT.md,STANDARD,32,32,0,0,0,0,0,SURVIVING
apps/tai/TAI_RUNTIME_IMAGE_AUTHORITY.md,STANDARD,76,76,0,0,0,0,0,SURVIVING
apps/tai/evidence/ap-09-exact-main.json,STANDARD,65,65,0,0,0,0,0,SURVIVING
apps/tai/governance/current-industrial-gap-report.json,STANDARD,462,15,447,0,0,0,0,SURVIVING
apps/tai/governance/gateway-exact-main-acceptance.v1.json,STANDARD,321,288,33,0,0,0,0,SURVIVING
apps/tai/governance/industrial-acceptance-backlog.v1.json,STANDARD,745,100,645,0,0,0,0,SURVIVING
apps/tai/governance/scopes/ap-13b2a-2828.json,STANDARD,46,46,0,0,0,0,0,SURVIVING
apps/tai/governance/scopes/ap-13b2b-2832.json,STANDARD,36,36,0,0,0,0,0,SURVIVING
apps/tai/governance/scopes/ap-13b2b-acceptance-handoff-2832.json,STANDARD,35,35,0,0,0,0,0,SURVIVING
apps/tai/governance/scopes/ap-13b2b-build-acceptance-2832.json,STANDARD,32,32,0,0,0,0,0,SURVIVING
apps/tai/governance/scopes/ap-13b3-model-host-preflight-2835.json,STANDARD,32,32,0,0,0,0,0,SURVIVING
apps/tai/governance/scopes/ap-13b3-model-host-probe-2835.json,STANDARD,34,34,0,0,0,0,0,SURVIVING
apps/tai/governance/scopes/ap-13b3-source-acquisition-2835.json,STANDARD,44,44,0,0,0,0,0,SURVIVING
apps/tai/governance/scopes/ap-13b3-source-acquisition-acceptance-2835.json,STANDARD,33,33,0,0,0,0,0,SURVIVING
apps/tai/governance/scopes/ap-13b3-source-acquisition-workflow-fix-2835.json,STANDARD,31,31,0,0,0,0,0,SURVIVING
apps/tai/governance/scopes/ap-13b3a-2836.json,STANDARD,53,50,0,0,3,0,0,SURVIVING
apps/tai/governance/scopes/ap-13b3b-2843.json,STANDARD,36,36,0,0,0,0,0,SURVIVING
apps/tai/governance/scopes/ap-13b3c-human-legal-intake-2877.json,STANDARD,53,53,0,0,0,0,0,SURVIVING
apps/tai/governance/scopes/ap-13b3d-governed-conversion-2932.json,STANDARD,46,46,0,0,0,0,0,SURVIVING
apps/tai/governance/scopes/ap-13b3d2-conversion-diagnostics-2932.json,STANDARD,34,34,0,0,0,0,0,SURVIVING
apps/tai/governance/scopes/ap-13b3d3-conversion-progress-2932.json,STANDARD,36,36,0,0,0,0,0,SURVIVING
apps/tai/governance/scopes/ap-13b3d4-release-run-pagination-3324.json,STANDARD,37,37,0,0,0,0,0,SURVIVING
apps/tai/governance/scopes/ap-13b3e-model-bundle-nonselfref-2944.json,STANDARD,29,29,0,0,0,0,0,SURVIVING
apps/tai/governance/scopes/ap-13b3e1-storage-preflight-2953.json,STANDARD,38,38,0,0,0,0,0,SURVIVING
apps/tai/governance/scopes/ap-13b3f-s3-preflight-2954.json,STANDARD,32,32,0,0,0,0,0,SURVIVING
apps/tai/governance/scopes/ap-13b3g-selectel-s3-provisioning-2958.json,STANDARD,36,36,0,0,0,0,0,SURVIVING
apps/tai/governance/scopes/ap-13b3h-bundle-finalization-2961.json,STANDARD,41,41,0,0,0,0,0,SURVIVING
apps/tai/governance/scopes/ap-13b3h2-finalization-retarget-2961.json,STANDARD,36,36,0,0,0,0,0,SURVIVING
apps/tai/governance/scopes/ap-13b3i-reg-ru-s3-compatibility-2954.json,STANDARD,42,42,0,0,0,0,0,SURVIVING
apps/tai/governance/scopes/ap-13b3j-reg-ru-s3-probe-v2-2954.json,STANDARD,41,41,0,0,0,0,0,SURVIVING
apps/tai/governance/scopes/ap-13b3k-reg-ru-location-semantics-2954.json,STANDARD,37,37,0,0,0,0,0,SURVIVING
apps/tai/governance/scopes/ap-13b3l-reg-ru-explicit-finalizer-deny-2954.json,STANDARD,40,40,0,0,0,0,0,SURVIVING
apps/tai/governance/scopes/ap-13b3m-reg-cloud-action-catalog-2954.json,STANDARD,36,36,0,0,0,0,0,SURVIVING
apps/tai/governance/scopes/ap-13c0-benchmark-prerequisites-2974.json,STANDARD,29,29,0,0,0,0,0,SURVIVING
apps/tai/governance/scopes/ap-13c1a-cpu-benchmark-authority-2977.json,STANDARD,36,36,0,0,0,0,0,SURVIVING
apps/tai/governance/scopes/ap-13c1a1-exact-main-probe-2982.json,STANDARD,31,31,0,0,0,0,0,SURVIVING
apps/tai/governance/scopes/ap-13c1b-exact-main-workflow-fix-2981.json,STANDARD,27,27,0,0,0,0,0,SURVIVING
apps/tai/governance/scopes/ap-13c1c-raw-runtime-evidence-2987.json,STANDARD,48,48,0,0,0,0,0,SURVIVING
apps/tai/governance/scopes/ap-13c1c0-run-plan-2991.json,STANDARD,39,39,0,0,0,0,0,SURVIVING
apps/tai/governance/scopes/ap-13c1d-quality-scoring-2993.json,STANDARD,42,42,0,0,0,0,0,SURVIVING
apps/tai/governance/scopes/ap-13c1f-control-package-checksum-hotfix.json,STANDARD,24,0,24,0,0,0,0,NONE_SURVIVING
apps/tai/governance/scopes/ap-13c1f-conversion-authority-digest-fix.json,STANDARD,30,0,30,0,0,0,0,NONE_SURVIVING
apps/tai/governance/scopes/ap-13c1f-qwen-preview-runtime-3003.json,STANDARD,38,38,0,0,0,0,0,SURVIVING
apps/tai/governance/scopes/ap-13c1g-public-role-qwen-3365.json,STANDARD,51,51,0,0,0,0,0,SURVIVING
apps/tai/governance/scopes/ap-13cd-benchmark-admission-2862.json,STANDARD,41,41,0,0,0,0,0,SURVIVING
apps/tai/governance/scopes/ap-14c2-review-packet-2973.json,STANDARD,31,31,0,0,0,0,0,SURVIVING
apps/tai/governance/scopes/ap-14c3-review-submission-intake-2986.json,STANDARD,43,43,0,0,0,0,0,SURVIVING
apps/tai/governance/scopes/ap-15a-2823.json,STANDARD,40,40,0,0,0,0,0,SURVIVING
apps/tai/governance/scopes/ap-17-gateway-a2-server-boundary.json,STANDARD,35,35,0,0,0,0,0,SURVIVING
apps/tai/governance/scopes/ap-17-gateway-b-streaming-ui.json,STANDARD,31,31,0,0,0,0,0,SURVIVING
apps/tai/governance/scopes/ap-17-gateway-c-private-contour.json,STANDARD,32,32,0,0,0,0,0,SURVIVING
apps/tai/governance/scopes/ap-17-gateway-exact-main-acceptance.json,STANDARD,52,31,21,0,0,0,0,SURVIVING
apps/tai/governance/scopes/ap-17-gateway-ui-3004.json,STANDARD,41,41,0,0,0,0,0,SURVIVING
apps/tai/governance/scopes/ap-18-register-read-tools.json,STANDARD,35,35,0,0,0,0,0,SURVIVING
apps/tai/governance/scopes/ap-18b-integration-status-read.json,STANDARD,41,41,0,0,0,0,0,SURVIVING
apps/tai/governance/scopes/ap-19a-model-capacity-gate-3317.json,STANDARD,38,38,0,0,0,0,0,SURVIVING
apps/tai/governance/scopes/industrial-acceptance-backlog-2726.json,STANDARD,48,0,48,0,0,0,0,NONE_SURVIVING
apps/tai/governance/tai-agro-os-v4-capability-matrix.v1.json,STANDARD,163,163,0,0,0,0,0,SURVIVING
apps/tai/governance/tai-production-operational-manifest.json,STANDARD,252,33,219,0,0,0,0,SURVIVING
apps/tai/knowledge-sources/AP-14D-DIAGNOSTIC-CODES.v1.json,STANDARD,24,24,0,0,0,0,0,SURVIVING
apps/tai/knowledge-sources/AP-14D-NEXT-LIVE-RUN.md,STANDARD,21,21,0,0,0,0,0,SURVIVING
apps/tai/knowledge-sources/AP-14D-REMEDIATION-BASELINE.json,STANDARD,37,37,0,0,0,0,0,SURVIVING
apps/tai/knowledge-sources/AP-14D-SOURCE-AUTHORITY.v1.json,STANDARD,55,55,0,0,0,0,0,SURVIVING
apps/tai/knowledge-sources/AP-14D-SOURCE-DIAGNOSTICS.md,STANDARD,19,19,0,0,0,0,0,SURVIVING
apps/tai/knowledge-sources/AP-14F0-KNOWLEDGE-AUTHORITY.schema.v1.json,STANDARD,350,350,0,0,0,0,0,SURVIVING
apps/tai/knowledge-sources/AP-14F0-KNOWLEDGE-AUTHORITY.v1.json,STANDARD,340,340,0,0,0,0,0,SURVIVING
apps/tai/knowledge-sources/AP-14F0-PROVENANCE.schema.v1.json,STANDARD,320,320,0,0,0,0,0,SURVIVING
apps/tai/knowledge-sources/AP-14F0-QUARANTINE.schema.v1.json,STANDARD,170,170,0,0,0,0,0,SURVIVING
apps/tai/knowledge-sources/AP-14F1B-SOURCE-ADMISSION.schema.v1.json,STANDARD,741,741,0,0,0,0,0,SURVIVING
apps/tai/knowledge-sources/AP-14F1B-SOURCE-ADMISSION.v1.json,STANDARD,871,871,0,0,0,0,0,SURVIVING
apps/tai/knowledge-sources/AP-14F1C-ROSSTAT-7708234640-VSHP2016254.v1.json,STANDARD,152,152,0,0,0,0,0,SURVIVING
apps/tai/knowledge-sources/README.md,STANDARD,107,107,0,0,0,0,0,SURVIVING
apps/tai/knowledge-sources/official-sources.v1.json,STANDARD,151,151,0,0,0,0,0,SURVIVING
apps/tai/model-artifacts/README.md,STANDARD,193,192,0,0,1,0,0,SURVIVING
apps/tai/model-artifacts/benchmark-prerequisite-authority.v1.json,STANDARD,106,106,0,0,0,0,0,SURVIVING
apps/tai/model-artifacts/benchmark-prerequisite-baseline.v1.json,STANDARD,73,73,0,0,0,0,0,SURVIVING
apps/tai/model-artifacts/benchmark-prerequisite-runbook.v1.md,STANDARD,78,78,0,0,0,0,0,SURVIVING
apps/tai/model-artifacts/candidates.v1.json,STANDARD,81,81,0,0,0,0,0,SURVIVING
apps/tai/model-artifacts/cpu-benchmark-execution-authority.v1.json,STANDARD,152,152,0,0,0,0,0,SURVIVING
apps/tai/model-artifacts/cpu-benchmark-execution-runbook.v1.md,STANDARD,95,95,0,0,0,0,0,SURVIVING
apps/tai/model-artifacts/cpu-benchmark-run-plan-authority.v1.json,STANDARD,75,75,0,0,0,0,0,SURVIVING
apps/tai/model-artifacts/cpu-benchmark-run-plan-runbook.v1.md,STANDARD,73,73,0,0,0,0,0,SURVIVING
apps/tai/model-artifacts/cpu-benchmark-run-plan.pending.json,STANDARD,16,16,0,0,0,0,0,SURVIVING
apps/tai/model-artifacts/cpu-benchmark-run-plan.schema.v1.json,STANDARD,343,343,0,0,0,0,0,SURVIVING
apps/tai/model-artifacts/cpu-runtime-evidence-authority.v1.json,STANDARD,154,154,0,0,0,0,0,SURVIVING
apps/tai/model-artifacts/cpu-runtime-evidence-runbook.v1.md,STANDARD,122,122,0,0,0,0,0,SURVIVING
apps/tai/model-artifacts/cpu-runtime-evidence.pending.json,STANDARD,20,20,0,0,0,0,0,SURVIVING
apps/tai/model-artifacts/cpu-runtime-evidence.schema.v1.json,STANDARD,63,63,0,0,0,0,0,SURVIVING
apps/tai/model-artifacts/exact-main-probe.v1.sh,STANDARD,78,78,0,0,0,0,0,SURVIVING
apps/tai/model-artifacts/expert-review-packet-runbook.v1.md,STANDARD,100,100,0,0,0,0,0,SURVIVING
apps/tai/model-artifacts/expert-review-packet.mjs,STANDARD,366,366,0,0,0,0,0,SURVIVING
apps/tai/model-artifacts/expert-review-submission-intake-runbook.v1.md,STANDARD,97,97,0,0,0,0,0,SURVIVING
apps/tai/model-artifacts/expert-review-submission-intake.mjs,STANDARD,796,796,0,0,0,0,0,SURVIVING
apps/tai/model-artifacts/legal-reviews/mistral-7b-instruct-v0.3.review-attestation.v1.json,STANDARD,24,24,0,0,0,0,0,SURVIVING
apps/tai/model-artifacts/legal-reviews/mistral-7b-instruct-v0.3.review-record.v1.json,STANDARD,20,20,0,0,0,0,0,SURVIVING
apps/tai/model-artifacts/legal-reviews/qwen3-8b.review-attestation.v1.json,STANDARD,24,24,0,0,0,0,0,SURVIVING
apps/tai/model-artifacts/legal-reviews/qwen3-8b.review-record.v1.json,STANDARD,20,20,0,0,0,0,0,SURVIVING
apps/tai/model-artifacts/llama-cpp-build-acceptance.v1.json,STANDARD,242,242,0,0,0,0,0,SURVIVING
apps/tai/model-artifacts/llama-cpp-build-artifact-locator.accepted.v1.json,STANDARD,73,73,0,0,0,0,0,SURVIVING
apps/tai/model-artifacts/llama-cpp-build-baseline.v1.json,STANDARD,18,18,0,0,0,0,0,SURVIVING
apps/tai/model-artifacts/llama-cpp-build-evidence.schema.v1.json,STANDARD,232,232,0,0,0,0,0,SURVIVING
apps/tai/model-artifacts/llama-cpp-source-build-runbook.md,STANDARD,228,228,0,0,0,0,0,SURVIVING
apps/tai/model-artifacts/llama-cpp-toolchain-authority.v1.json,STANDARD,81,81,0,0,0,0,0,SURVIVING
apps/tai/model-artifacts/local-model-artifact-bundle.schema.v2.json,STANDARD,383,343,0,0,40,0,0,SURVIVING
apps/tai/model-artifacts/mistral-7b-instruct-v0.3.benchmark.v2.pending.json,STANDARD,19,19,0,0,0,0,0,SURVIVING
apps/tai/model-artifacts/mistral-7b-instruct-v0.3.bundle.v2.pending.json,STANDARD,15,15,0,0,0,0,0,SURVIVING
apps/tai/model-artifacts/model-admission-decision.schema.v2.json,STANDARD,29,29,0,0,0,0,0,SURVIVING
apps/tai/model-artifacts/model-benchmark-admission-authority.v2.json,STANDARD,106,106,0,0,0,0,0,SURVIVING
apps/tai/model-artifacts/model-benchmark-admission-runbook.v2.md,STANDARD,108,108,0,0,0,0,0,SURVIVING
apps/tai/model-artifacts/model-benchmark-evidence.schema.v2.json,STANDARD,62,62,0,0,0,0,0,SURVIVING
apps/tai/model-artifacts/model-bundle-acquisition-runbook.v2.md,STANDARD,165,165,0,0,0,0,0,SURVIVING
apps/tai/model-artifacts/model-bundle-authority.v2.json,STANDARD,278,278,0,0,0,0,0,SURVIVING
apps/tai/model-artifacts/model-bundle-finalization-authority.v1.json,STANDARD,109,109,0,0,0,0,0,SURVIVING
apps/tai/model-artifacts/model-bundle-finalization-driver.v1.sh,STANDARD,443,443,0,0,0,0,0,SURVIVING
apps/tai/model-artifacts/model-bundle-finalization-remote.v1.sh,STANDARD,293,293,0,0,0,0,0,SURVIVING
apps/tai/model-artifacts/model-bundle-finalization-runbook.v1.md,STANDARD,100,100,0,0,0,0,0,SURVIVING
apps/tai/model-artifacts/model-bundle-s3-preflight-requirements.v1.json,STANDARD,50,50,0,0,0,0,0,SURVIVING
apps/tai/model-artifacts/model-bundle-storage-authority.v1.json,STANDARD,44,44,0,0,0,0,0,SURVIVING
apps/tai/model-artifacts/model-conversion-artifacts.v1.sh,STANDARD,95,95,0,0,0,0,0,SURVIVING
apps/tai/model-artifacts/model-conversion-authority.v1.json,STANDARD,177,177,0,0,0,0,0,SURVIVING
apps/tai/model-artifacts/model-conversion-driver.v1.sh,STANDARD,469,468,0,0,1,0,0,SURVIVING
apps/tai/model-artifacts/model-conversion-orchestrator-master.v1.sh,STANDARD,6,6,0,0,0,0,0,SURVIVING
apps/tai/model-artifacts/model-conversion-prerequisites.v1.sh,STANDARD,183,183,0,0,0,0,0,SURVIVING
apps/tai/model-artifacts/model-conversion-transport.v1.sh,STANDARD,117,117,0,0,0,0,0,SURVIVING
apps/tai/model-artifacts/model-host-preflight-requirements.v1.json,STANDARD,62,62,0,0,0,0,0,SURVIVING
apps/tai/model-artifacts/model-legal-review-attestation.schema.v1.json,STANDARD,139,139,0,0,0,0,0,SURVIVING
apps/tai/model-artifacts/model-legal-review-authority.v1.json,STANDARD,83,83,0,0,0,0,0,SURVIVING
apps/tai/model-artifacts/model-legal-review-record.schema.v1.json,STANDARD,84,84,0,0,0,0,0,SURVIVING
apps/tai/model-artifacts/model-legal-review-runbook.v1.md,STANDARD,128,128,0,0,0,0,0,SURVIVING
apps/tai/model-artifacts/model-source-acquisition-acceptance.v1.json,STANDARD,126,126,0,0,0,0,0,SURVIVING
apps/tai/model-artifacts/model-source-acquisition-driver.v1.sh,STANDARD,237,237,0,0,0,0,0,SURVIVING
apps/tai/model-artifacts/model_bundle_finalization_remote.py,STANDARD,729,729,0,0,0,0,0,SURVIVING
apps/tai/model-artifacts/quality-scoring-authority.v1.json,STANDARD,76,76,0,0,0,0,0,SURVIVING
apps/tai/model-artifacts/quality-scoring-evidence.schema.v1.json,STANDARD,82,82,0,0,0,0,0,SURVIVING
apps/tai/model-artifacts/quality-scoring-runbook.v1.md,STANDARD,133,133,0,0,0,0,0,SURVIVING
apps/tai/model-artifacts/quality-scoring.pending.json,STANDARD,17,17,0,0,0,0,0,SURVIVING
apps/tai/model-artifacts/qwen-preview-runtime-authority.v1.json,STANDARD,88,85,3,0,0,0,0,SURVIVING
apps/tai/model-artifacts/qwen-preview-runtime-driver.v1.sh,STANDARD,153,107,46,0,0,0,0,SURVIVING
apps/tai/model-artifacts/qwen-preview-runtime-remote.v1.sh,STANDARD,801,769,32,0,0,0,0,SURVIVING
apps/tai/model-artifacts/qwen-preview-runtime-runbook.v1.md,STANDARD,113,88,25,0,0,0,0,SURVIVING
apps/tai/model-artifacts/qwen-preview-runtime.pending.json,STANDARD,19,19,0,0,0,0,0,SURVIVING
apps/tai/model-artifacts/qwen-preview-runtime.schema.v1.json,STANDARD,161,161,0,0,0,0,0,SURVIVING
apps/tai/model-artifacts/qwen3-8b.benchmark.v2.pending.json,STANDARD,19,19,0,0,0,0,0,SURVIVING
apps/tai/model-artifacts/qwen3-8b.bundle.v2.pending.json,STANDARD,15,15,0,0,0,0,0,SURVIVING
apps/tai/model-artifacts/reg-ru-s3-compatibility-authority.v1.json,STANDARD,170,170,0,0,0,0,0,SURVIVING
apps/tai/model-artifacts/reg-ru-s3-compatibility-authority.v2.json,STANDARD,177,177,0,0,0,0,0,SURVIVING
apps/tai/model-artifacts/reg-ru-s3-compatibility-authority.v3.json,STANDARD,241,241,0,0,0,0,0,SURVIVING
apps/tai/model-artifacts/reg-ru-s3-compatibility-probe.v1.sh,STANDARD,398,398,0,0,0,0,0,SURVIVING
apps/tai/model-artifacts/reg-ru-s3-compatibility-probe.v2.sh,STANDARD,142,142,0,0,0,0,0,SURVIVING
apps/tai/model-artifacts/reg-ru-s3-compatibility-probe.v3.sh,STANDARD,142,142,0,0,0,0,0,SURVIVING
apps/tai/model-artifacts/reg-ru-s3-compatibility-runbook.v1.md,STANDARD,86,86,0,0,0,0,0,SURVIVING
apps/tai/model-artifacts/reg-ru-s3-compatibility-runbook.v2.md,STANDARD,138,138,0,0,0,0,0,SURVIVING
apps/tai/model-artifacts/reg-ru-s3-compatibility-runbook.v3.md,STANDARD,123,123,0,0,0,0,0,SURVIVING
apps/tai/model-artifacts/selectel-s3-provisioning-authority.v1.json,STANDARD,77,77,0,0,0,0,0,SURVIVING
apps/tai/model-artifacts/selectel-s3-provisioning-runbook.v1.md,STANDARD,109,109,0,0,0,0,0,SURVIVING
apps/tai/pyproject.toml,STANDARD,49,49,0,0,0,0,0,SURVIVING
apps/tai/release-source-manifest.json,STANDARD,20,20,0,0,0,0,0,SURVIVING
apps/tai/tai/__init__.py,CROWN_JEWEL,1,1,0,0,0,0,0,SURVIVING
apps/tai/tai/agent_runtime.py,CROWN_JEWEL,880,863,0,0,17,0,0,SURVIVING
apps/tai/tai/agro_calculators.py,CROWN_JEWEL,237,237,0,0,0,0,0,SURVIVING
apps/tai/tai/agro_ontology.py,CROWN_JEWEL,189,189,0,0,0,0,0,SURVIVING
apps/tai/tai/always_on_core.py,CROWN_JEWEL,650,644,0,0,6,0,0,SURVIVING
apps/tai/tai/api_contracts.py,CROWN_JEWEL,128,128,0,0,0,0,0,SURVIVING
apps/tai/tai/benchmark_prerequisite_matrix.py,CROWN_JEWEL,447,447,0,0,0,0,0,SURVIVING
apps/tai/tai/benchmark_prerequisite_matrix_cli.py,CROWN_JEWEL,54,54,0,0,0,0,0,SURVIVING
apps/tai/tai/bootstrap_authority.py,CROWN_JEWEL,188,188,0,0,0,0,0,SURVIVING
apps/tai/tai/context_assembly.py,CROWN_JEWEL,273,273,0,0,0,0,0,SURVIVING
apps/tai/tai/contracts.py,CROWN_JEWEL,99,99,0,0,0,0,0,SURVIVING
apps/tai/tai/cpu_benchmark_execution.py,CROWN_JEWEL,992,992,0,0,0,0,0,SURVIVING
apps/tai/tai/cpu_benchmark_execution_cli.py,CROWN_JEWEL,78,78,0,0,0,0,0,SURVIVING
apps/tai/tai/cpu_benchmark_run_plan.py,CROWN_JEWEL,1145,1145,0,0,0,0,0,SURVIVING
apps/tai/tai/cpu_benchmark_run_plan_cli.py,CROWN_JEWEL,91,91,0,0,0,0,0,SURVIVING
apps/tai/tai/cpu_runtime_bundles.py,CROWN_JEWEL,119,119,0,0,0,0,0,SURVIVING
apps/tai/tai/cpu_runtime_contract.py,CROWN_JEWEL,334,334,0,0,0,0,0,SURVIVING
apps/tai/tai/cpu_runtime_evidence.py,CROWN_JEWEL,398,398,0,0,0,0,0,SURVIVING
apps/tai/tai/cpu_runtime_evidence_cli.py,CROWN_JEWEL,82,82,0,0,0,0,0,SURVIVING
apps/tai/tai/cpu_runtime_files.py,CROWN_JEWEL,215,215,0,0,0,0,0,SURVIVING
apps/tai/tai/cpu_runtime_measurements.py,CROWN_JEWEL,20,20,0,0,0,0,0,SURVIVING
apps/tai/tai/cpu_runtime_observations.py,CROWN_JEWEL,406,406,0,0,0,0,0,SURVIVING
apps/tai/tai/cpu_runtime_profiles.py,CROWN_JEWEL,294,294,0,0,0,0,0,SURVIVING
apps/tai/tai/cpu_runtime_resilience.py,CROWN_JEWEL,198,198,0,0,0,0,0,SURVIVING
apps/tai/tai/cpu_runtime_semantics.py,CROWN_JEWEL,273,273,0,0,0,0,0,SURVIVING
apps/tai/tai/evaluation.py,CROWN_JEWEL,571,554,0,0,17,0,0,SURVIVING
apps/tai/tai/expert.py,CROWN_JEWEL,56,56,0,0,0,0,0,SURVIVING
apps/tai/tai/gateway_acceptance.py,CROWN_JEWEL,706,643,63,0,0,0,0,SURVIVING
apps/tai/tai/gateway_acceptance_cli.py,CROWN_JEWEL,70,70,0,0,0,0,0,SURVIVING
apps/tai/tai/git_oid.py,CROWN_JEWEL,17,4,0,0,13,0,0,SURVIVING
apps/tai/tai/hybrid_retrieval.py,CROWN_JEWEL,547,547,0,0,0,0,0,SURVIVING
apps/tai/tai/idempotent_materializer.py,CROWN_JEWEL,65,65,0,0,0,0,0,SURVIVING
apps/tai/tai/identity_assertion.py,CROWN_JEWEL,283,283,0,0,0,0,0,SURVIVING
apps/tai/tai/industrial_gap_report.py,CROWN_JEWEL,723,138,585,0,0,0,0,SURVIVING
apps/tai/tai/industrial_gap_report_cli.py,CROWN_JEWEL,110,0,110,0,0,0,0,NONE_SURVIVING
apps/tai/tai/ingestion.py,CROWN_JEWEL,150,150,0,0,0,0,0,SURVIVING
apps/tai/tai/knowledge.py,CROWN_JEWEL,115,115,0,0,0,0,0,SURVIVING
apps/tai/tai/knowledge_chunking.py,CROWN_JEWEL,167,167,0,0,0,0,0,SURVIVING
apps/tai/tai/live_source_evidence.py,CROWN_JEWEL,750,750,0,0,0,0,0,SURVIVING
apps/tai/tai/live_source_evidence_cli.py,CROWN_JEWEL,394,394,0,0,0,0,0,SURVIVING
apps/tai/tai/llama_toolchain.py,CROWN_JEWEL,60,60,0,0,0,0,0,SURVIVING
apps/tai/tai/llama_toolchain_collect.py,CROWN_JEWEL,284,280,0,0,4,0,0,SURVIVING
apps/tai/tai/llama_toolchain_continuity.py,CROWN_JEWEL,165,165,0,0,0,0,0,SURVIVING
apps/tai/tai/llama_toolchain_continuity_cli.py,CROWN_JEWEL,37,37,0,0,0,0,0,SURVIVING
apps/tai/tai/llama_toolchain_contract.py,CROWN_JEWEL,464,456,0,0,8,0,0,SURVIVING
apps/tai/tai/llama_toolchain_types.py,CROWN_JEWEL,437,437,0,0,0,0,0,SURVIVING
apps/tai/tai/llama_toolchain_verify.py,CROWN_JEWEL,351,329,0,0,22,0,0,SURVIVING
apps/tai/tai/loader_checkpoint.py,CROWN_JEWEL,116,116,0,0,0,0,0,SURVIVING
apps/tai/tai/loader_metrics.py,CROWN_JEWEL,101,101,0,0,0,0,0,SURVIVING
apps/tai/tai/loader_recovery.py,CROWN_JEWEL,109,109,0,0,0,0,0,SURVIVING
apps/tai/tai/loader_runtime.py,CROWN_JEWEL,35,35,0,0,0,0,0,SURVIVING
apps/tai/tai/loader_state.py,CROWN_JEWEL,292,292,0,0,0,0,0,SURVIVING
apps/tai/tai/loader_worker.py,CROWN_JEWEL,255,255,0,0,0,0,0,SURVIVING
apps/tai/tai/local_model_invoker.py,CROWN_JEWEL,280,280,0,0,0,0,0,SURVIVING
apps/tai/tai/main.py,CROWN_JEWEL,509,509,0,0,0,0,0,SURVIVING
apps/tai/tai/managed_loader.py,CROWN_JEWEL,204,204,0,0,0,0,0,SURVIVING
apps/tai/tai/materialized_knowledge.py,CROWN_JEWEL,144,144,0,0,0,0,0,SURVIVING
apps/tai/tai/migrations/0001_loader_state.sql,CROWN_JEWEL,51,51,0,0,0,0,0,SURVIVING
apps/tai/tai/migrations/0002_materialization_claims.sql,CROWN_JEWEL,11,11,0,0,0,0,0,SURVIVING
apps/tai/tai/migrations/0003_loader_recovery.sql,CROWN_JEWEL,21,21,0,0,0,0,0,SURVIVING
apps/tai/tai/migrations/0004_loader_checkpoints.sql,CROWN_JEWEL,17,17,0,0,0,0,0,SURVIVING
apps/tai/tai/migrations/0005_retrieval_index.sql,CROWN_JEWEL,75,75,0,0,0,0,0,SURVIVING
apps/tai/tai/migrations/0006_rag_trace.sql,CROWN_JEWEL,31,31,0,0,0,0,0,SURVIVING
apps/tai/tai/migrations/0007_local_model_runtime.sql,CROWN_JEWEL,71,71,0,0,0,0,0,SURVIVING
apps/tai/tai/migrations/0008_agent_tool_runtime.sql,CROWN_JEWEL,53,53,0,0,0,0,0,SURVIVING
apps/tai/tai/migrations/0009_evaluation_authority.sql,CROWN_JEWEL,52,52,0,0,0,0,0,SURVIVING
apps/tai/tai/migrations/0010_operational_authority.sql,CROWN_JEWEL,130,123,0,0,7,0,0,SURVIVING
apps/tai/tai/migrations/0010_orchestration_runtime.sql,CROWN_JEWEL,80,80,0,0,0,0,0,SURVIVING
apps/tai/tai/migrations/0011_release_attestation.sql,CROWN_JEWEL,63,63,0,0,0,0,0,SURVIVING
apps/tai/tai/migrations/0012_git_object_id_contract.sql,CROWN_JEWEL,67,0,0,0,67,0,0,NONE_SURVIVING
apps/tai/tai/migrations/0013_production_composition.sql,CROWN_JEWEL,64,64,0,0,0,0,0,SURVIVING
apps/tai/tai/migrations/0014_governed_tool_planner.sql,CROWN_JEWEL,63,63,0,0,0,0,0,SURVIVING
apps/tai/tai/migrations/0015_model_admission_authority.sql,CROWN_JEWEL,151,151,0,0,0,0,0,SURVIVING
apps/tai/tai/migrations/0016_official_source_coverage.sql,CROWN_JEWEL,74,74,0,0,0,0,0,SURVIVING
apps/tai/tai/migrations/0017_official_source_run_evidence.sql,CROWN_JEWEL,62,62,0,0,0,0,0,SURVIVING
apps/tai/tai/migrations/0018_confirmation_denial_audit.sql,CROWN_JEWEL,49,49,0,0,0,0,0,SURVIVING
apps/tai/tai/migrations/0019_public_official_corpus.sql,CROWN_JEWEL,346,346,0,0,0,0,0,SURVIVING
apps/tai/tai/migrations/0020_public_official_corpus_audit_authority.sql,CROWN_JEWEL,40,40,0,0,0,0,0,SURVIVING
apps/tai/tai/migrations/0021_public_official_acquisition_authority.sql,CROWN_JEWEL,604,604,0,0,0,0,0,SURVIVING
apps/tai/tai/migrations/0021_retrieval_activation_serialization.sql,CROWN_JEWEL,44,44,0,0,0,0,0,SURVIVING
apps/tai/tai/migrations/0022_runtime_role_grant_reconciliation.sql,CROWN_JEWEL,186,186,0,0,0,0,0,SURVIVING
apps/tai/tai/migrations/manifest.json,CROWN_JEWEL,101,44,0,0,57,0,0,SURVIVING
apps/tai/tai/model_admission.py,CROWN_JEWEL,524,524,0,0,0,0,0,SURVIVING
apps/tai/tai/model_artifact_registry.py,CROWN_JEWEL,531,510,0,0,21,0,0,SURVIVING
apps/tai/tai/model_artifact_registry_cli.py,CROWN_JEWEL,226,226,0,0,0,0,0,SURVIVING
apps/tai/tai/model_benchmark_admission_v2.py,CROWN_JEWEL,2004,0,0,0,2004,0,0,NONE_SURVIVING
apps/tai/tai/model_benchmark_admission_v2_cli.py,CROWN_JEWEL,87,87,0,0,0,0,0,SURVIVING
apps/tai/tai/model_bundle_external_storage.py,CROWN_JEWEL,634,634,0,0,0,0,0,SURVIVING
apps/tai/tai/model_bundle_external_storage_cli.py,CROWN_JEWEL,42,42,0,0,0,0,0,SURVIVING
apps/tai/tai/model_bundle_s3_preflight.py,CROWN_JEWEL,333,333,0,0,0,0,0,SURVIVING
apps/tai/tai/model_bundle_s3_preflight_cli.py,CROWN_JEWEL,44,44,0,0,0,0,0,SURVIVING
apps/tai/tai/model_bundle_storage.py,CROWN_JEWEL,424,424,0,0,0,0,0,SURVIVING
apps/tai/tai/model_bundle_storage_cli.py,CROWN_JEWEL,36,36,0,0,0,0,0,SURVIVING
apps/tai/tai/model_bundle_v2.py,CROWN_JEWEL,76,76,0,0,0,0,0,SURVIVING
apps/tai/tai/model_bundle_v2_common.py,CROWN_JEWEL,216,207,0,0,9,0,0,SURVIVING
apps/tai/tai/model_bundle_v2_parse.py,CROWN_JEWEL,446,405,0,0,41,0,0,SURVIVING
apps/tai/tai/model_bundle_v2_serialize.py,CROWN_JEWEL,220,209,0,0,11,0,0,SURVIVING
apps/tai/tai/model_bundle_v2_types.py,CROWN_JEWEL,481,443,0,0,38,0,0,SURVIVING
apps/tai/tai/model_bundle_v2_verify.py,CROWN_JEWEL,592,433,0,0,159,0,0,SURVIVING
apps/tai/tai/model_legal_review.py,CROWN_JEWEL,112,112,0,0,0,0,0,SURVIVING
apps/tai/tai/model_legal_review_authority.py,CROWN_JEWEL,168,168,0,0,0,0,0,SURVIVING
apps/tai/tai/model_legal_review_authority_parse.py,CROWN_JEWEL,258,258,0,0,0,0,0,SURVIVING
apps/tai/tai/model_legal_review_cli.py,CROWN_JEWEL,108,108,0,0,0,0,0,SURVIVING
apps/tai/tai/model_legal_review_evidence.py,CROWN_JEWEL,119,119,0,0,0,0,0,SURVIVING
apps/tai/tai/model_legal_review_evidence_parse.py,CROWN_JEWEL,134,134,0,0,0,0,0,SURVIVING
apps/tai/tai/model_legal_review_source.py,CROWN_JEWEL,86,86,0,0,0,0,0,SURVIVING
apps/tai/tai/model_legal_review_verify.py,CROWN_JEWEL,220,220,0,0,0,0,0,SURVIVING
apps/tai/tai/model_runtime.py,CROWN_JEWEL,517,517,0,0,0,0,0,SURVIVING
apps/tai/tai/model_source_acquisition.py,CROWN_JEWEL,539,539,0,0,0,0,0,SURVIVING
apps/tai/tai/model_source_acquisition_cli.py,CROWN_JEWEL,157,157,0,0,0,0,0,SURVIVING
apps/tai/tai/official_source_diagnostics.py,CROWN_JEWEL,343,343,0,0,0,0,0,SURVIVING
apps/tai/tai/official_source_fetcher.py,CROWN_JEWEL,588,588,0,0,0,0,0,SURVIVING
apps/tai/tai/official_source_metadata.py,CROWN_JEWEL,428,428,0,0,0,0,0,SURVIVING
apps/tai/tai/official_source_observation.py,CROWN_JEWEL,480,480,0,0,0,0,0,SURVIVING
apps/tai/tai/operations.py,CROWN_JEWEL,719,628,0,0,91,0,0,SURVIVING
apps/tai/tai/orchestration.py,CROWN_JEWEL,1045,1045,0,0,0,0,0,SURVIVING
apps/tai/tai/persistent_ingestion.py,CROWN_JEWEL,114,114,0,0,0,0,0,SURVIVING
apps/tai/tai/platform_tools.py,CROWN_JEWEL,359,343,16,0,0,0,0,SURVIVING
apps/tai/tai/policy.py,CROWN_JEWEL,167,167,0,0,0,0,0,SURVIVING
apps/tai/tai/postgres_agent_runtime.py,CROWN_JEWEL,183,183,0,0,0,0,0,SURVIVING
apps/tai/tai/postgres_connection.py,CROWN_JEWEL,48,48,0,0,0,0,0,SURVIVING
apps/tai/tai/postgres_evaluation.py,CROWN_JEWEL,161,161,0,0,0,0,0,SURVIVING
apps/tai/tai/postgres_loader_state.py,CROWN_JEWEL,245,245,0,0,0,0,0,SURVIVING
apps/tai/tai/postgres_materialization_claims.py,CROWN_JEWEL,68,68,0,0,0,0,0,SURVIVING
apps/tai/tai/postgres_model_admission.py,CROWN_JEWEL,400,400,0,0,0,0,0,SURVIVING
apps/tai/tai/postgres_model_runtime.py,CROWN_JEWEL,251,251,0,0,0,0,0,SURVIVING
apps/tai/tai/postgres_official_source_observation.py,CROWN_JEWEL,244,244,0,0,0,0,0,SURVIVING
apps/tai/tai/postgres_operations.py,CROWN_JEWEL,326,326,0,0,0,0,0,SURVIVING
apps/tai/tai/postgres_orchestration.py,CROWN_JEWEL,466,466,0,0,0,0,0,SURVIVING
apps/tai/tai/postgres_orchestration_observability.py,CROWN_JEWEL,207,207,0,0,0,0,0,SURVIVING
apps/tai/tai/postgres_prepared_action_heartbeat.py,CROWN_JEWEL,207,207,0,0,0,0,0,SURVIVING
apps/tai/tai/postgres_public_official_corpus.py,CROWN_JEWEL,682,682,0,0,0,0,0,SURVIVING
apps/tai/tai/postgres_rag_audit.py,CROWN_JEWEL,133,133,0,0,0,0,0,SURVIVING
apps/tai/tai/postgres_release_acceptance.py,CROWN_JEWEL,164,164,0,0,0,0,0,SURVIVING
apps/tai/tai/postgres_retrieval_index.py,CROWN_JEWEL,202,202,0,0,0,0,0,SURVIVING
apps/tai/tai/postgres_source_coverage.py,CROWN_JEWEL,215,215,0,0,0,0,0,SURVIVING
apps/tai/tai/postgres_tool_planner.py,CROWN_JEWEL,141,141,0,0,0,0,0,SURVIVING
apps/tai/tai/production_authenticated_runtime.py,CROWN_JEWEL,158,158,0,0,0,0,0,SURVIVING
apps/tai/tai/production_entrypoint.py,CROWN_JEWEL,124,124,0,0,0,0,0,SURVIVING
apps/tai/tai/production_model_supervisor.py,CROWN_JEWEL,101,101,0,0,0,0,0,SURVIVING
apps/tai/tai/production_platform_tools.py,CROWN_JEWEL,107,107,0,0,0,0,0,SURVIVING
apps/tai/tai/production_preflight.py,CROWN_JEWEL,405,405,0,0,0,0,0,SURVIVING
apps/tai/tai/production_runtime.py,CROWN_JEWEL,501,501,0,0,0,0,0,SURVIVING
apps/tai/tai/public_corpus_retrieval_sync.py,CROWN_JEWEL,579,579,0,0,0,0,0,SURVIVING
apps/tai/tai/public_official_acquisition.py,CROWN_JEWEL,716,716,0,0,0,0,0,SURVIVING
apps/tai/tai/public_official_corpus.py,CROWN_JEWEL,396,396,0,0,0,0,0,SURVIVING
apps/tai/tai/quality_scoring.py,CROWN_JEWEL,222,222,0,0,0,0,0,SURVIVING
apps/tai/tai/quality_scoring_annotations.py,CROWN_JEWEL,182,182,0,0,0,0,0,SURVIVING
apps/tai/tai/quality_scoring_cli.py,CROWN_JEWEL,99,99,0,0,0,0,0,SURVIVING
apps/tai/tai/quality_scoring_contract.py,CROWN_JEWEL,276,276,0,0,0,0,0,SURVIVING
apps/tai/tai/quality_scoring_inputs.py,CROWN_JEWEL,580,580,0,0,0,0,0,SURVIVING
apps/tai/tai/qwen_preview_runtime.py,CROWN_JEWEL,643,633,10,0,0,0,0,SURVIVING
apps/tai/tai/qwen_preview_runtime_cli.py,CROWN_JEWEL,83,83,0,0,0,0,0,SURVIVING
apps/tai/tai/rag_pipeline.py,CROWN_JEWEL,298,298,0,0,0,0,0,SURVIVING
apps/tai/tai/read_tool_contracts.py,CROWN_JEWEL,245,56,189,0,0,0,0,SURVIVING
apps/tai/tai/recovery.py,CROWN_JEWEL,64,64,0,0,0,0,0,SURVIVING
apps/tai/tai/reg_ru_s3_compatibility.py,CROWN_JEWEL,706,706,0,0,0,0,0,SURVIVING
apps/tai/tai/reg_ru_s3_compatibility_cli.py,CROWN_JEWEL,130,130,0,0,0,0,0,SURVIVING
apps/tai/tai/reg_ru_s3_compatibility_v2.py,CROWN_JEWEL,1794,1794,0,0,0,0,0,SURVIVING
apps/tai/tai/reg_ru_s3_compatibility_v2_reg_ru.py,CROWN_JEWEL,65,65,0,0,0,0,0,SURVIVING
apps/tai/tai/reg_ru_s3_compatibility_v3.py,CROWN_JEWEL,193,193,0,0,0,0,0,SURVIVING
apps/tai/tai/release_acceptance.py,CROWN_JEWEL,511,504,0,0,7,0,0,SURVIVING
apps/tai/tai/release_acceptance_cli.py,CROWN_JEWEL,353,310,0,0,43,0,0,SURVIVING
apps/tai/tai/release_evaluation_suite.py,CROWN_JEWEL,384,383,0,0,1,0,0,SURVIVING
apps/tai/tai/restricted_model_authority.py,CROWN_JEWEL,153,153,0,0,0,0,0,SURVIVING
apps/tai/tai/retrieval_benchmark.py,CROWN_JEWEL,484,484,0,0,0,0,0,SURVIVING
apps/tai/tai/retrieval_index.py,CROWN_JEWEL,221,221,0,0,0,0,0,SURVIVING
apps/tai/tai/retrieval_service.py,CROWN_JEWEL,111,111,0,0,0,0,0,SURVIVING
apps/tai/tai/rosstat_vshp2016254.py,CROWN_JEWEL,557,557,0,0,0,0,0,SURVIVING
apps/tai/tai/secure_model_transport.py,CROWN_JEWEL,111,111,0,0,0,0,0,SURVIVING
apps/tai/tai/semantic_retrieval.py,CROWN_JEWEL,381,381,0,0,0,0,0,SURVIVING
apps/tai/tai/source_coverage.py,CROWN_JEWEL,579,579,0,0,0,0,0,SURVIVING
apps/tai/tai/source_coverage_cli.py,CROWN_JEWEL,93,93,0,0,0,0,0,SURVIVING
apps/tai/tai/source_governance.py,CROWN_JEWEL,170,170,0,0,0,0,0,SURVIVING
apps/tai/tai/source_health.py,CROWN_JEWEL,822,822,0,0,0,0,0,SURVIVING
apps/tai/tai/tool_planner.py,CROWN_JEWEL,498,484,14,0,0,0,0,SURVIVING
apps/tai/tai/trust/russian_trusted_root_ca.pem,CROWN_JEWEL,33,33,0,0,0,0,0,SURVIVING
apps/tai/tai/trust/russian_trusted_sub_ca_2024.pem,CROWN_JEWEL,39,39,0,0,0,0,0,SURVIVING
apps/tai/tests/conftest.py,STANDARD,190,190,0,0,0,0,0,SURVIVING
apps/tai/tests/cpu_benchmark_run_plan_fixtures.py,STANDARD,464,464,0,0,0,0,0,SURVIVING
apps/tai/tests/expert-review-packet.test.mjs,STANDARD,291,291,0,0,0,0,0,SURVIVING
apps/tai/tests/expert-review-submission-intake.test.mjs,STANDARD,331,331,0,0,0,0,0,SURVIVING
apps/tai/tests/expert-review-submission-packet-authority.test.mjs,STANDARD,101,101,0,0,0,0,0,SURVIVING
apps/tai/tests/model_bundle_v2_support.py,STANDARD,336,258,0,0,78,0,0,SURVIVING
apps/tai/tests/quality_scoring_fixtures.py,STANDARD,349,349,0,0,0,0,0,SURVIVING
apps/tai/tests/qwen_preview_runtime_fixtures.py,STANDARD,113,113,0,0,0,0,0,SURVIVING
apps/tai/tests/test_agent_runtime.py,STANDARD,649,647,0,0,2,0,0,SURVIVING
apps/tai/tests/test_agent_runtime_edges.py,STANDARD,288,286,0,0,2,0,0,SURVIVING
apps/tai/tests/test_agro_calculators_v4.py,STANDARD,89,89,0,0,0,0,0,SURVIVING
apps/tai/tests/test_agro_ontology_v4.py,STANDARD,32,32,0,0,0,0,0,SURVIVING
apps/tai/tests/test_always_on_core.py,STANDARD,643,643,0,0,0,0,0,SURVIVING
apps/tai/tests/test_ap13b2a_scope.py,STANDARD,45,21,0,0,24,0,0,SURVIVING
apps/tai/tests/test_ap13b3a_scope.py,STANDARD,56,50,0,0,6,0,0,SURVIVING
apps/tai/tests/test_ap14d_next_live_run_contract.py,STANDARD,18,18,0,0,0,0,0,SURVIVING
apps/tai/tests/test_ap14d_remediation_baseline.py,STANDARD,34,34,0,0,0,0,0,SURVIVING
apps/tai/tests/test_ap14d_source_authority.py,STANDARD,63,63,0,0,0,0,0,SURVIVING
apps/tai/tests/test_ap15a_scope.py,STANDARD,41,41,0,0,0,0,0,SURVIVING
apps/tai/tests/test_api_orchestration.py,STANDARD,460,460,0,0,0,0,0,SURVIVING
apps/tai/tests/test_benchmark_prerequisite_matrix.py,STANDARD,161,161,0,0,0,0,0,SURVIVING
apps/tai/tests/test_context_assembly.py,STANDARD,187,187,0,0,0,0,0,SURVIVING
apps/tai/tests/test_cpu_benchmark_exact_main_probe.py,STANDARD,196,196,0,0,0,0,0,SURVIVING
apps/tai/tests/test_cpu_benchmark_execution.py,STANDARD,252,252,0,0,0,0,0,SURVIVING
apps/tai/tests/test_cpu_benchmark_execution_cli.py,STANDARD,359,359,0,0,0,0,0,SURVIVING
apps/tai/tests/test_cpu_benchmark_execution_workflow.py,STANDARD,259,259,0,0,0,0,0,SURVIVING
apps/tai/tests/test_cpu_benchmark_run_plan.py,STANDARD,343,343,0,0,0,0,0,SURVIVING
apps/tai/tests/test_cpu_benchmark_run_plan_cli.py,STANDARD,86,86,0,0,0,0,0,SURVIVING
apps/tai/tests/test_cpu_benchmark_run_plan_workflow.py,STANDARD,55,55,0,0,0,0,0,SURVIVING
apps/tai/tests/test_cpu_runtime_evidence.py,STANDARD,691,691,0,0,0,0,0,SURVIVING
apps/tai/tests/test_cpu_runtime_evidence_cli.py,STANDARD,90,90,0,0,0,0,0,SURVIVING
apps/tai/tests/test_evaluation.py,STANDARD,395,395,0,0,0,0,0,SURVIVING
apps/tai/tests/test_gateway_acceptance.py,STANDARD,337,290,47,0,0,0,0,SURVIVING
apps/tai/tests/test_git_oid_contract.py,STANDARD,157,0,0,0,157,0,0,NONE_SURVIVING
apps/tai/tests/test_gitleaks_release_authority.py,STANDARD,70,66,4,0,0,0,0,SURVIVING
apps/tai/tests/test_hybrid_retrieval.py,STANDARD,227,227,0,0,0,0,0,SURVIVING
apps/tai/tests/test_idempotent_materializer.py,STANDARD,93,93,0,0,0,0,0,SURVIVING
apps/tai/tests/test_identity_assertion.py,STANDARD,175,175,0,0,0,0,0,SURVIVING
apps/tai/tests/test_industrial_gap_report.py,STANDARD,785,318,467,0,0,0,0,SURVIVING
apps/tai/tests/test_informational_only_boundary.py,STANDARD,463,463,0,0,0,0,0,SURVIVING
apps/tai/tests/test_ingestion.py,STANDARD,144,144,0,0,0,0,0,SURVIVING
apps/tai/tests/test_knowledge_chunking.py,STANDARD,103,103,0,0,0,0,0,SURVIVING
apps/tai/tests/test_live_source_cli_uses_diagnostics.py,STANDARD,8,8,0,0,0,0,0,SURVIVING
apps/tai/tests/test_live_source_evidence.py,STANDARD,376,376,0,0,0,0,0,SURVIVING
apps/tai/tests/test_live_source_evidence_cli.py,STANDARD,339,339,0,0,0,0,0,SURVIVING
apps/tai/tests/test_live_source_evidence_workflow.py,STANDARD,80,80,0,0,0,0,0,SURVIVING
apps/tai/tests/test_llama_toolchain.py,STANDARD,493,493,0,0,0,0,0,SURVIVING
apps/tai/tests/test_llama_toolchain_acceptance_handoff_workflow.py,STANDARD,190,190,0,0,0,0,0,SURVIVING
apps/tai/tests/test_llama_toolchain_build_acceptance.py,STANDARD,176,176,0,0,0,0,0,SURVIVING
apps/tai/tests/test_llama_toolchain_build_workflow.py,STANDARD,196,196,0,0,0,0,0,SURVIVING
apps/tai/tests/test_llama_toolchain_continuity.py,STANDARD,201,201,0,0,0,0,0,SURVIVING
apps/tai/tests/test_llama_toolchain_contracts.py,STANDARD,578,557,0,0,21,0,0,SURVIVING
apps/tai/tests/test_loader_checkpoint.py,STANDARD,138,138,0,0,0,0,0,SURVIVING
apps/tai/tests/test_loader_failure_budget.py,STANDARD,208,208,0,0,0,0,0,SURVIVING
apps/tai/tests/test_loader_metrics.py,STANDARD,116,116,0,0,0,0,0,SURVIVING
apps/tai/tests/test_loader_recovery.py,STANDARD,121,121,0,0,0,0,0,SURVIVING
apps/tai/tests/test_loader_runtime.py,STANDARD,59,59,0,0,0,0,0,SURVIVING
apps/tai/tests/test_loader_state.py,STANDARD,189,189,0,0,0,0,0,SURVIVING
apps/tai/tests/test_loader_worker.py,STANDARD,247,247,0,0,0,0,0,SURVIVING
apps/tai/tests/test_loader_worker_resilience.py,STANDARD,133,133,0,0,0,0,0,SURVIVING
apps/tai/tests/test_local_model_invoker.py,STANDARD,478,478,0,0,0,0,0,SURVIVING
apps/tai/tests/test_main_readiness.py,STANDARD,96,96,0,0,0,0,0,SURVIVING
apps/tai/tests/test_managed_loader.py,STANDARD,223,223,0,0,0,0,0,SURVIVING
apps/tai/tests/test_materialized_knowledge.py,STANDARD,119,119,0,0,0,0,0,SURVIVING
apps/tai/tests/test_migration_manifest.py,STANDARD,117,33,0,0,84,0,0,SURVIVING
apps/tai/tests/test_mintrans_metadata_remediation.py,STANDARD,116,116,0,0,0,0,0,SURVIVING
apps/tai/tests/test_model_admission.py,STANDARD,414,414,0,0,0,0,0,SURVIVING
apps/tai/tests/test_model_artifact_registry.py,STANDARD,337,276,0,0,61,0,0,SURVIVING
apps/tai/tests/test_model_benchmark_admission_v2.py,STANDARD,1399,0,0,0,1399,0,0,NONE_SURVIVING
apps/tai/tests/test_model_bundle_external_storage.py,STANDARD,253,253,0,0,0,0,0,SURVIVING
apps/tai/tests/test_model_bundle_finalization_workflow.py,STANDARD,295,295,0,0,0,0,0,SURVIVING
apps/tai/tests/test_model_bundle_s3_preflight.py,STANDARD,414,414,0,0,0,0,0,SURVIVING
apps/tai/tests/test_model_bundle_storage_contract.py,STANDARD,271,271,0,0,0,0,0,SURVIVING
apps/tai/tests/test_model_bundle_storage_preflight.py,STANDARD,176,176,0,0,0,0,0,SURVIVING
apps/tai/tests/test_model_bundle_v2_adversarial.py,STANDARD,428,337,0,0,91,0,0,SURVIVING
apps/tai/tests/test_model_bundle_v2_contract.py,STANDARD,340,340,0,0,0,0,0,SURVIVING
apps/tai/tests/test_model_cli_entrypoints.py,STANDARD,126,126,0,0,0,0,0,SURVIVING
apps/tai/tests/test_model_conversion_diagnostics_workflow.py,STANDARD,167,167,0,0,0,0,0,SURVIVING
apps/tai/tests/test_model_conversion_progress_workflow.py,STANDARD,170,170,0,0,0,0,0,SURVIVING
apps/tai/tests/test_model_conversion_workflow.py,STANDARD,256,254,0,0,2,0,0,SURVIVING
apps/tai/tests/test_model_host_capacity_probe_workflow.py,STANDARD,200,200,0,0,0,0,0,SURVIVING
apps/tai/tests/test_model_host_preflight_workflow.py,STANDARD,326,326,0,0,0,0,0,SURVIVING
apps/tai/tests/test_model_legal_review.py,STANDARD,213,213,0,0,0,0,0,SURVIVING
apps/tai/tests/test_model_legal_review_workflow.py,STANDARD,167,167,0,0,0,0,0,SURVIVING
apps/tai/tests/test_model_runtime.py,STANDARD,510,510,0,0,0,0,0,SURVIVING
apps/tai/tests/test_model_source_acquisition.py,STANDARD,269,269,0,0,0,0,0,SURVIVING
apps/tai/tests/test_model_source_acquisition_acceptance.py,STANDARD,229,229,0,0,0,0,0,SURVIVING
apps/tai/tests/test_model_source_acquisition_driver.py,STANDARD,268,268,0,0,0,0,0,SURVIVING
apps/tai/tests/test_model_source_acquisition_workflow.py,STANDARD,149,149,0,0,0,0,0,SURVIVING
apps/tai/tests/test_model_source_acquisition_workflow_runtime_context.py,STANDARD,134,134,0,0,0,0,0,SURVIVING
apps/tai/tests/test_official_source_address_failover.py,STANDARD,311,311,0,0,0,0,0,SURVIVING
apps/tai/tests/test_official_source_diagnostic_registry.py,STANDARD,28,28,0,0,0,0,0,SURVIVING
apps/tai/tests/test_official_source_diagnostics.py,STANDARD,209,209,0,0,0,0,0,SURVIVING
apps/tai/tests/test_official_source_diagnostics_body_limits.py,STANDARD,55,55,0,0,0,0,0,SURVIVING
apps/tai/tests/test_official_source_diagnostics_content.py,STANDARD,51,51,0,0,0,0,0,SURVIVING
apps/tai/tests/test_official_source_diagnostics_dns_policy.py,STANDARD,29,29,0,0,0,0,0,SURVIVING
apps/tai/tests/test_official_source_diagnostics_dns_retry.py,STANDARD,29,29,0,0,0,0,0,SURVIVING
apps/tai/tests/test_official_source_diagnostics_headers.py,STANDARD,47,47,0,0,0,0,0,SURVIVING
apps/tai/tests/test_official_source_diagnostics_http.py,STANDARD,54,54,0,0,0,0,0,SURVIVING
apps/tai/tests/test_official_source_diagnostics_no_legacy_code.py,STANDARD,14,14,0,0,0,0,0,SURVIVING
apps/tai/tests/test_official_source_diagnostics_order.py,STANDARD,42,42,0,0,0,0,0,SURVIVING
apps/tai/tests/test_official_source_diagnostics_policy.py,STANDARD,21,21,0,0,0,0,0,SURVIVING
apps/tai/tests/test_official_source_diagnostics_privacy.py,STANDARD,47,47,0,0,0,0,0,SURVIVING
apps/tai/tests/test_official_source_diagnostics_redirect.py,STANDARD,68,68,0,0,0,0,0,SURVIVING
apps/tai/tests/test_official_source_diagnostics_registry_alignment.py,STANDARD,31,31,0,0,0,0,0,SURVIVING
apps/tai/tests/test_official_source_diagnostics_retryability.py,STANDARD,20,20,0,0,0,0,0,SURVIVING
apps/tai/tests/test_official_source_diagnostics_success.py,STANDARD,52,52,0,0,0,0,0,SURVIVING
apps/tai/tests/test_official_source_diagnostics_timeout.py,STANDARD,40,40,0,0,0,0,0,SURVIVING
apps/tai/tests/test_official_source_diagnostics_tls.py,STANDARD,42,42,0,0,0,0,0,SURVIVING
apps/tai/tests/test_official_source_diagnostics_unknown.py,STANDARD,41,41,0,0,0,0,0,SURVIVING
apps/tai/tests/test_official_source_fetcher.py,STANDARD,507,507,0,0,0,0,0,SURVIVING
apps/tai/tests/test_official_source_metadata_adapters.py,STANDARD,383,383,0,0,0,0,0,SURVIVING
apps/tai/tests/test_official_source_observation_worker.py,STANDARD,310,310,0,0,0,0,0,SURVIVING
apps/tai/tests/test_official_source_transport_diagnostics.py,STANDARD,120,120,0,0,0,0,0,SURVIVING
apps/tai/tests/test_operations.py,STANDARD,463,407,0,0,56,0,0,SURVIVING
apps/tai/tests/test_operations_release_fencing.py,STANDARD,117,117,0,0,0,0,0,SURVIVING
apps/tai/tests/test_orchestration.py,STANDARD,497,497,0,0,0,0,0,SURVIVING
apps/tai/tests/test_persistent_ingestion.py,STANDARD,97,97,0,0,0,0,0,SURVIVING
apps/tai/tests/test_platform_expert.py,STANDARD,91,91,0,0,0,0,0,SURVIVING
apps/tai/tests/test_platform_tools.py,STANDARD,169,160,9,0,0,0,0,SURVIVING
apps/tai/tests/test_policy.py,STANDARD,82,82,0,0,0,0,0,SURVIVING
apps/tai/tests/test_postgres_agent_runtime.py,STANDARD,205,205,0,0,0,0,0,SURVIVING
apps/tai/tests/test_postgres_evaluation.py,STANDARD,200,200,0,0,0,0,0,SURVIVING
apps/tai/tests/test_postgres_loader_state.py,STANDARD,179,179,0,0,0,0,0,SURVIVING
apps/tai/tests/test_postgres_materialization_claims.py,STANDARD,127,127,0,0,0,0,0,SURVIVING
apps/tai/tests/test_postgres_model_admission.py,STANDARD,251,251,0,0,0,0,0,SURVIVING
apps/tai/tests/test_postgres_model_runtime.py,STANDARD,279,279,0,0,0,0,0,SURVIVING
apps/tai/tests/test_postgres_official_source_observation.py,STANDARD,341,341,0,0,0,0,0,SURVIVING
apps/tai/tests/test_postgres_operations.py,STANDARD,320,314,0,0,6,0,0,SURVIVING
apps/tai/tests/test_postgres_orchestration.py,STANDARD,581,581,0,0,0,0,0,SURVIVING
apps/tai/tests/test_postgres_orchestration_observability.py,STANDARD,141,141,0,0,0,0,0,SURVIVING
apps/tai/tests/test_postgres_prepared_action_heartbeat.py,STANDARD,319,319,0,0,0,0,0,SURVIVING
apps/tai/tests/test_postgres_prepared_action_heartbeat_startup.py,STANDARD,99,99,0,0,0,0,0,SURVIVING
apps/tai/tests/test_postgres_public_official_corpus.py,STANDARD,507,507,0,0,0,0,0,SURVIVING
apps/tai/tests/test_postgres_rag_audit.py,STANDARD,144,144,0,0,0,0,0,SURVIVING
apps/tai/tests/test_postgres_release_acceptance.py,STANDARD,271,271,0,0,0,0,0,SURVIVING
apps/tai/tests/test_postgres_source_coverage.py,STANDARD,278,278,0,0,0,0,0,SURVIVING
apps/tai/tests/test_postgres_tool_planner.py,STANDARD,170,170,0,0,0,0,0,SURVIVING
apps/tai/tests/test_production_authenticated_runtime.py,STANDARD,81,81,0,0,0,0,0,SURVIVING
apps/tai/tests/test_production_bootstrap_authority.py,STANDARD,125,125,0,0,0,0,0,SURVIVING
apps/tai/tests/test_production_entrypoint.py,STANDARD,59,59,0,0,0,0,0,SURVIVING
apps/tai/tests/test_production_model_supervisor.py,STANDARD,155,155,0,0,0,0,0,SURVIVING
apps/tai/tests/test_production_platform_tools.py,STANDARD,107,107,0,0,0,0,0,SURVIVING
apps/tai/tests/test_production_preflight.py,STANDARD,307,307,0,0,0,0,0,SURVIVING
apps/tai/tests/test_production_runtime.py,STANDARD,255,255,0,0,0,0,0,SURVIVING
apps/tai/tests/test_public_corpus_retrieval_sync.py,STANDARD,272,272,0,0,0,0,0,SURVIVING
apps/tai/tests/test_public_corpus_retrieval_sync_database.py,STANDARD,400,400,0,0,0,0,0,SURVIVING
apps/tai/tests/test_public_official_acquisition.py,STANDARD,419,419,0,0,0,0,0,SURVIVING
apps/tai/tests/test_public_official_corpus.py,STANDARD,198,198,0,0,0,0,0,SURVIVING
apps/tai/tests/test_quality_scoring_authority.py,STANDARD,381,377,0,0,4,0,0,SURVIVING
apps/tai/tests/test_quality_scoring_cli.py,STANDARD,436,436,0,0,0,0,0,SURVIVING
apps/tai/tests/test_qwen_preview_control_package_checksum.py,STANDARD,139,0,139,0,0,0,0,NONE_SURVIVING
apps/tai/tests/test_qwen_preview_conversion_authority_digests.py,STANDARD,204,0,204,0,0,0,0,NONE_SURVIVING
apps/tai/tests/test_qwen_preview_runtime.py,STANDARD,205,201,4,0,0,0,0,SURVIVING
apps/tai/tests/test_qwen_preview_runtime_cli.py,STANDARD,93,93,0,0,0,0,0,SURVIVING
apps/tai/tests/test_qwen_preview_runtime_workflow.py,STANDARD,273,228,45,0,0,0,0,SURVIVING
apps/tai/tests/test_rag_pipeline.py,STANDARD,242,242,0,0,0,0,0,SURVIVING
apps/tai/tests/test_read_tool_contracts.py,STANDARD,239,42,197,0,0,0,0,SURVIVING
apps/tai/tests/test_recovery.py,STANDARD,108,108,0,0,0,0,0,SURVIVING
apps/tai/tests/test_reg_ru_s3_compatibility.py,STANDARD,235,235,0,0,0,0,0,SURVIVING
apps/tai/tests/test_reg_ru_s3_compatibility_v2.py,STANDARD,477,477,0,0,0,0,0,SURVIVING
apps/tai/tests/test_reg_ru_s3_compatibility_v2_edges.py,STANDARD,963,963,0,0,0,0,0,SURVIVING
apps/tai/tests/test_reg_ru_s3_compatibility_v2_reg_ru.py,STANDARD,122,122,0,0,0,0,0,SURVIVING
apps/tai/tests/test_reg_ru_s3_compatibility_v2_threshold.py,STANDARD,191,191,0,0,0,0,0,SURVIVING
apps/tai/tests/test_reg_ru_s3_compatibility_v3.py,STANDARD,216,216,0,0,0,0,0,SURVIVING
apps/tai/tests/test_release_acceptance.py,STANDARD,247,247,0,0,0,0,0,SURVIVING
apps/tai/tests/test_release_acceptance_cli.py,STANDARD,273,253,0,0,20,0,0,SURVIVING
apps/tai/tests/test_release_acceptance_push_authority.py,STANDARD,120,120,0,0,0,0,0,SURVIVING
apps/tai/tests/test_release_evaluation_suite.py,STANDARD,72,72,0,0,0,0,0,SURVIVING
apps/tai/tests/test_release_run_lookup_contract.py,STANDARD,512,512,0,0,0,0,0,SURVIVING
apps/tai/tests/test_release_workflow_triggers.py,STANDARD,72,72,0,0,0,0,0,SURVIVING
apps/tai/tests/test_restricted_model_authority.py,STANDARD,176,176,0,0,0,0,0,SURVIVING
apps/tai/tests/test_retrieval_benchmark.py,STANDARD,229,229,0,0,0,0,0,SURVIVING
apps/tai/tests/test_retrieval_index.py,STANDARD,142,142,0,0,0,0,0,SURVIVING
apps/tai/tests/test_retrieval_service.py,STANDARD,135,135,0,0,0,0,0,SURVIVING
apps/tai/tests/test_rosstat_tls_trust.py,STANDARD,141,141,0,0,0,0,0,SURVIVING
apps/tai/tests/test_rosstat_vshp2016254.py,STANDARD,341,341,0,0,0,0,0,SURVIVING
apps/tai/tests/test_secure_model_transport.py,STANDARD,182,182,0,0,0,0,0,SURVIVING
apps/tai/tests/test_selectel_s3_provisioning.py,STANDARD,152,152,0,0,0,0,0,SURVIVING
apps/tai/tests/test_semantic_retrieval.py,STANDARD,244,244,0,0,0,0,0,SURVIVING
apps/tai/tests/test_source_coverage.py,STANDARD,479,479,0,0,0,0,0,SURVIVING
apps/tai/tests/test_source_governance.py,STANDARD,105,105,0,0,0,0,0,SURVIVING
apps/tai/tests/test_source_health.py,STANDARD,507,507,0,0,0,0,0,SURVIVING
apps/tai/tests/test_tool_planner.py,STANDARD,295,295,0,0,0,0,0,SURVIVING
apps/web/.canonical-rebuild-ai-page,STANDARD,3,3,0,0,0,0,0,SURVIVING
apps/web/.env.example,STANDARD,22,22,0,0,0,0,0,SURVIVING
apps/web/.gitignore,STANDARD,3,0,3,0,0,0,0,NONE_SURVIVING
apps/web/.lighthouserc.platform-v7.json,STANDARD,29,29,0,0,0,0,0,SURVIVING
apps/web/.release-triggers/qwen-3372-6.txt,STANDARD,3,3,0,0,0,0,0,SURVIVING
apps/web/AGENTS.md,STANDARD,13,13,0,0,0,0,0,SURVIVING
apps/web/app/api/agro-chat/route.ts,STANDARD,830,716,114,0,0,0,0,SURVIVING
apps/web/app/api/auth/demo/instant/[role]/route.ts,STANDARD,101,99,0,0,2,0,0,SURVIVING
apps/web/app/api/auth/demo/role/[role]/route.ts,STANDARD,78,76,0,0,2,0,0,SURVIVING
apps/web/app/api/auth/demo/route.ts,STANDARD,49,49,0,0,0,0,0,SURVIVING
apps/web/app/api/auth/forgot-password/route.ts,STANDARD,110,110,0,0,0,0,0,SURVIVING
apps/web/app/api/auth/login/route.ts,STANDARD,262,250,12,0,0,0,0,SURVIVING
apps/web/app/api/auth/logout/route.ts,STANDARD,94,91,3,0,0,0,0,SURVIVING
apps/web/app/api/auth/me/route.ts,STANDARD,69,59,10,0,0,0,0,SURVIVING
apps/web/app/api/auth/membership-select/route.ts,STANDARD,146,146,0,0,0,0,0,SURVIVING
apps/web/app/api/auth/mfa-login/cancel/route.ts,STANDARD,27,27,0,0,0,0,0,SURVIVING
apps/web/app/api/auth/mfa-login/route.ts,STANDARD,134,133,0,0,1,0,0,SURVIVING
apps/web/app/api/auth/mfa-recovery/confirm/route.ts,STANDARD,114,114,0,0,0,0,0,SURVIVING
apps/web/app/api/auth/mfa-step-up/start/route.ts,STANDARD,84,84,0,0,0,0,0,SURVIVING
apps/web/app/api/auth/mfa-step-up/verify/route.ts,STANDARD,87,87,0,0,0,0,0,SURVIVING
apps/web/app/api/auth/organization-invitations/[invitationId]/resend/route.ts,STANDARD,88,88,0,0,0,0,0,SURVIVING
apps/web/app/api/auth/organization-invitations/accept/route.ts,STANDARD,96,96,0,0,0,0,0,SURVIVING
apps/web/app/api/auth/organization-invitations/route.ts,STANDARD,141,141,0,0,0,0,0,SURVIVING
apps/web/app/api/auth/organization-join-requests/[applicationId]/decision/route.ts,STANDARD,110,110,0,0,0,0,0,SURVIVING
apps/web/app/api/auth/organization-memberships/[membershipId]/mfa-recovery/route.ts,STANDARD,138,138,0,0,0,0,0,SURVIVING
apps/web/app/api/auth/platform-v7-cabinet-login/route.ts,STANDARD,1,1,0,0,0,0,0,SURVIVING
apps/web/app/api/auth/platform-v7-password-recovery/route.ts,STANDARD,21,21,0,0,0,0,0,SURVIVING
apps/web/app/api/auth/refresh/route.ts,STANDARD,93,82,10,0,1,0,0,SURVIVING
apps/web/app/api/auth/register/route.ts,STANDARD,241,230,9,0,2,0,0,SURVIVING
apps/web/app/api/auth/registration/additional-information/route.ts,STANDARD,57,57,0,0,0,0,0,SURVIVING
apps/web/app/api/auth/registration/resend/route.ts,STANDARD,94,94,0,0,0,0,0,SURVIVING
apps/web/app/api/auth/registration/status/route.ts,STANDARD,55,55,0,0,0,0,0,SURVIVING
apps/web/app/api/auth/registration/verify/route.ts,STANDARD,115,115,0,0,0,0,0,SURVIVING
apps/web/app/api/auth/reset-password/route.ts,STANDARD,132,132,0,0,0,0,0,SURVIVING
apps/web/app/api/business-reputation/export/route.ts,STANDARD,16,0,15,0,1,0,0,NONE_SURVIVING
apps/web/app/api/commercial/analytics/alerts/route.ts,STANDARD,11,0,11,0,0,0,0,NONE_SURVIVING
apps/web/app/api/commercial/companies/[id]/route.ts,STANDARD,12,0,10,0,2,0,0,NONE_SURVIVING
apps/web/app/api/commercial/companies/route.ts,STANDARD,11,0,11,0,0,0,0,NONE_SURVIVING
apps/web/app/api/commercial/dispatch/[id]/route.ts,STANDARD,12,0,10,0,2,0,0,NONE_SURVIVING
apps/web/app/api/commercial/dispatch/route.ts,STANDARD,11,0,11,0,0,0,0,NONE_SURVIVING
apps/web/app/api/commercial/expansion-read-model/route.ts,STANDARD,6,0,6,0,0,0,0,NONE_SURVIVING
apps/web/app/api/commercial/expansion.txt,STANDARD,1,0,1,0,0,0,0,NONE_SURVIVING
apps/web/app/api/commercial/expansion/route.full.ts,STANDARD,6,0,6,0,0,0,0,NONE_SURVIVING
apps/web/app/api/commercial/expansion/route.ts,STANDARD,6,0,6,0,0,0,0,NONE_SURVIVING
apps/web/app/api/commercial/field-kits/route.ts,STANDARD,11,0,11,0,0,0,0,NONE_SURVIVING
apps/web/app/api/commercial/finance/applications/[id]/route.ts,STANDARD,12,0,10,0,2,0,0,NONE_SURVIVING
apps/web/app/api/commercial/finance/applications/[id]/waterfall/[stepId]/route.ts,STANDARD,12,0,10,0,2,0,0,NONE_SURVIVING
apps/web/app/api/commercial/finance/applications/route.ts,STANDARD,11,0,11,0,0,0,0,NONE_SURVIVING
apps/web/app/api/commercial/insurance/route.ts,STANDARD,11,0,11,0,0,0,0,NONE_SURVIVING
apps/web/app/api/commercial/knowledge/recommend/route.ts,STANDARD,11,0,11,0,0,0,0,NONE_SURVIVING
apps/web/app/api/commercial/knowledge/route.ts,STANDARD,11,0,11,0,0,0,0,NONE_SURVIVING
apps/web/app/api/commercial/market/route.ts,STANDARD,11,0,11,0,0,0,0,NONE_SURVIVING
apps/web/app/api/commercial/provider-assignments/[id]/route.ts,STANDARD,12,0,10,0,2,0,0,NONE_SURVIVING
apps/web/app/api/commercial/provider-assignments/route.ts,STANDARD,11,0,11,0,0,0,0,NONE_SURVIVING
apps/web/app/api/commercial/queue/[id]/route.ts,STANDARD,12,0,10,0,2,0,0,NONE_SURVIVING
apps/web/app/api/commercial/queue/route.ts,STANDARD,11,0,11,0,0,0,0,NONE_SURVIVING
apps/web/app/api/commercial/survey/route.ts,STANDARD,11,0,11,0,0,0,0,NONE_SURVIVING
apps/web/app/api/documents/[id]/access/route.ts,STANDARD,13,1,10,0,2,0,0,SURVIVING
apps/web/app/api/documents/[id]/content/route.ts,STANDARD,11,1,8,0,2,0,0,SURVIVING
apps/web/app/api/documents/[id]/route.ts,STANDARD,13,1,10,0,2,0,0,SURVIVING
apps/web/app/api/gekta/account/[...path]/route.ts,CROWN_JEWEL,15,15,0,0,0,0,0,SURVIVING
apps/web/app/api/gekta/auth/email/verify/route.ts,CROWN_JEWEL,139,139,0,0,0,0,0,SURVIVING
apps/web/app/api/gekta/auth/login/route.ts,CROWN_JEWEL,98,98,0,0,0,0,0,SURVIVING
apps/web/app/api/gekta/auth/logout/route.ts,CROWN_JEWEL,48,48,0,0,0,0,0,SURVIVING
apps/web/app/api/gekta/auth/mfa/route.ts,CROWN_JEWEL,155,155,0,0,0,0,0,SURVIVING
apps/web/app/api/gekta/auth/refresh/route.ts,CROWN_JEWEL,56,56,0,0,0,0,0,SURVIVING
apps/web/app/api/gekta/auth/register/resend/route.ts,CROWN_JEWEL,92,92,0,0,0,0,0,SURVIVING
apps/web/app/api/gekta/auth/register/route.ts,CROWN_JEWEL,168,168,0,0,0,0,0,SURVIVING
apps/web/app/api/gekta/entitlement/route.ts,CROWN_JEWEL,112,2,110,0,0,0,0,SURVIVING
apps/web/app/api/gekta/operator/[...path]/route.ts,CROWN_JEWEL,13,13,0,0,0,0,0,SURVIVING
apps/web/app/api/health/ready/route.ts,STANDARD,25,25,0,0,0,0,0,SURVIVING
apps/web/app/api/labs/complete/route.ts,STANDARD,20,17,3,0,0,0,0,SURVIVING
apps/web/app/api/labs/flag-quality-dispute/route.ts,STANDARD,20,17,3,0,0,0,0,SURVIVING
apps/web/app/api/lots/route.ts,STANDARD,113,0,112,0,1,0,0,NONE_SURVIVING
apps/web/app/api/marketing/telegram/webhook/route.ts,STANDARD,143,143,0,0,0,0,0,SURVIVING
apps/web/app/api/offline-sync/route.ts,STANDARD,13,0,13,0,0,0,0,NONE_SURVIVING
apps/web/app/api/platform-status/route.ts,STANDARD,51,0,0,50,1,0,0,SURVIVING
apps/web/app/api/platform-v7/accounting/[[...path]]/route.ts,STANDARD,151,0,151,0,0,0,0,NONE_SURVIVING
apps/web/app/api/platform-v7/actions/route.ts,STANDARD,25,25,0,0,0,0,0,SURVIVING
apps/web/app/api/platform-v7/cabinet-lock-login/route.ts,STANDARD,199,198,0,0,1,0,0,SURVIVING
apps/web/app/api/platform-v7/cabinet-session/route.ts,STANDARD,113,112,0,0,1,0,0,SURVIVING
apps/web/app/api/platform-v7/commodity-profiles/[[...path]]/route.ts,STANDARD,100,100,0,0,0,0,0,SURVIVING
apps/web/app/api/platform-v7/gov-id/callback/route.ts,STANDARD,23,23,0,0,0,0,0,SURVIVING
apps/web/app/api/platform-v7/gov-id/start/route.ts,STANDARD,23,23,0,0,0,0,0,SURVIVING
apps/web/app/api/platform-v7/inquiries/route.ts,STANDARD,309,309,0,0,0,0,0,SURVIVING
apps/web/app/api/platform-v7/integrations/[[...path]]/route.ts,STANDARD,88,88,0,0,0,0,0,SURVIVING
apps/web/app/api/platform-v7/leads/route.ts,STANDARD,357,357,0,0,0,0,0,SURVIVING
apps/web/app/api/platform-v7/organization-connect/route.ts,STANDARD,189,189,0,0,0,0,0,SURVIVING
apps/web/app/api/proxy/[...path]/route.ts,STANDARD,496,371,114,0,11,0,0,SURVIVING
apps/web/app/api/public-platform-assistant/attachments/route.ts,STANDARD,388,386,0,0,2,0,0,SURVIVING
apps/web/app/api/public-platform-assistant/route.ts,STANDARD,523,509,14,0,0,0,0,SURVIVING
apps/web/app/api/realtime/route.ts,STANDARD,55,0,54,0,1,0,0,NONE_SURVIVING
apps/web/app/api/restricted-public-platform-assistant/route.ts,STANDARD,548,455,77,0,16,0,0,SURVIVING
apps/web/app/api/runtime-auth-helpers.ts,STANDARD,15,3,12,0,0,0,0,SURVIVING
apps/web/app/api/runtime-command/[commandId]/route.ts,STANDARD,13,1,10,0,2,0,0,SURVIVING
apps/web/app/api/runtime-command/route.ts,STANDARD,24,2,22,0,0,0,0,SURVIVING
apps/web/app/api/runtime-deal/[dealId]/operational-view/route.ts,STANDARD,13,1,10,0,2,0,0,SURVIVING
apps/web/app/api/runtime-feed/route.ts,STANDARD,14,1,13,0,0,0,0,SURVIVING
apps/web/app/api/runtime-history/route.ts,STANDARD,16,1,15,0,0,0,0,SURVIVING
apps/web/app/api/runtime-me-feed/route.ts,STANDARD,14,1,13,0,0,0,0,SURVIVING
apps/web/app/api/runtime-me-object/[type]/[id]/route.ts,STANDARD,15,1,12,0,2,0,0,SURVIVING
apps/web/app/api/runtime-me-role/route.ts,STANDARD,14,1,13,0,0,0,0,SURVIVING
apps/web/app/api/runtime-me-snapshot/route.ts,STANDARD,14,1,13,0,0,0,0,SURVIVING
apps/web/app/api/runtime-me-stream/route.ts,STANDARD,29,5,24,0,0,0,0,SURVIVING
apps/web/app/api/runtime-object/[type]/[id]/route.ts,STANDARD,13,1,10,0,2,0,0,SURVIVING
apps/web/app/api/runtime-outbox-dead/route.ts,STANDARD,14,0,13,0,1,0,0,NONE_SURVIVING
apps/web/app/api/runtime-outbox-retry/route.ts,STANDARD,24,2,22,0,0,0,0,SURVIVING
apps/web/app/api/runtime-outbox/process/route.ts,STANDARD,24,2,22,0,0,0,0,SURVIVING
apps/web/app/api/runtime-outbox/route.ts,STANDARD,14,0,13,0,1,0,0,NONE_SURVIVING
apps/web/app/api/runtime-reset/route.ts,STANDARD,20,1,19,0,0,0,0,SURVIVING
apps/web/app/api/runtime-role/[roleId]/route.ts,STANDARD,13,1,10,0,2,0,0,SURVIVING
apps/web/app/api/runtime-scenario/[id]/run/route.ts,STANDARD,19,0,16,0,3,0,0,NONE_SURVIVING
apps/web/app/api/runtime-simulate/route.ts,STANDARD,24,2,22,0,0,0,0,SURVIVING
apps/web/app/api/runtime-snapshot/route.ts,STANDARD,14,0,13,0,1,0,0,NONE_SURVIVING
apps/web/app/api/runtime-stream/route.ts,STANDARD,29,5,24,0,0,0,0,SURVIVING
apps/web/app/api/settlement-engine/deal/[dealId]/confirm/route.ts,STANDARD,33,29,3,0,1,0,0,SURVIVING
apps/web/app/api/settlement-engine/deal/[dealId]/release/route.ts,STANDARD,35,31,3,0,1,0,0,SURVIVING
apps/web/app/api/sim/bank-callback/route.ts,STANDARD,21,21,0,0,0,0,0,SURVIVING
apps/web/app/api/staff/[...path]/route.ts,STANDARD,506,499,0,0,7,0,0,SURVIVING
apps/web/app/api/staff/capabilities/me/route.ts,STANDARD,81,81,0,0,0,0,0,SURVIVING
apps/web/app/api/staff/commodity-profile-registry/[[...path]]/route.ts,STANDARD,96,96,0,0,0,0,0,SURVIVING
apps/web/app/api/staff/commodity-profiles/[profileId]/commands/[actionId]/route.ts,STANDARD,117,117,0,0,0,0,0,SURVIVING
apps/web/app/api/staff/integration-control-tower/[[...path]]/route.ts,STANDARD,92,92,0,0,0,0,0,SURVIVING
apps/web/app/api/staff/integrations/[adapterCode]/commands/reconcile/route.ts,STANDARD,20,20,0,0,0,0,0,SURVIVING
apps/web/app/api/staff/integrations/_command-proxy.ts,STANDARD,89,89,0,0,0,0,0,SURVIVING
apps/web/app/api/staff/integrations/inbox/[entryId]/commands/redrive/route.ts,STANDARD,20,20,0,0,0,0,0,SURVIVING
apps/web/app/api/staff/registration/applications/[applicationId]/cancel/route.ts,STANDARD,131,131,0,0,0,0,0,SURVIVING
apps/web/app/api/staff/workspaces/[...path]/route.ts,STANDARD,163,162,0,0,1,0,0,SURVIVING
apps/web/app/apple-icon.tsx,STANDARD,56,56,0,0,0,0,0,SURVIVING
apps/web/app/assistant/page.tsx,STANDARD,126,0,125,0,1,0,0,NONE_SURVIVING
apps/web/app/auth/me/route.ts,STANDARD,67,67,0,0,0,0,0,SURVIVING
apps/web/app/error.tsx,STANDARD,53,0,53,0,0,0,0,NONE_SURVIVING
apps/web/app/gekta/[slug]/page.tsx,PROTECTED_PRODUCT_UI,26,26,0,0,0,0,0,SURVIVING
apps/web/app/gekta/apple-icon.tsx,PROTECTED_PRODUCT_UI,5,5,0,0,0,0,0,SURVIVING
apps/web/app/gekta/console/page.tsx,PROTECTED_PRODUCT_UI,19,19,0,0,0,0,0,SURVIVING
apps/web/app/gekta/en/opengraph-image.tsx,PROTECTED_PRODUCT_UI,5,5,0,0,0,0,0,SURVIVING
apps/web/app/gekta/en/page.tsx,PROTECTED_PRODUCT_UI,9,9,0,0,0,0,0,SURVIVING
apps/web/app/gekta/en/security/page.tsx,PROTECTED_PRODUCT_UI,13,13,0,0,0,0,0,SURVIVING
apps/web/app/gekta/en/support/page.tsx,PROTECTED_PRODUCT_UI,13,13,0,0,0,0,0,SURVIVING
apps/web/app/gekta/icon.tsx,PROTECTED_PRODUCT_UI,5,5,0,0,0,0,0,SURVIVING
apps/web/app/gekta/manifest.webmanifest/route.ts,PROTECTED_PRODUCT_UI,5,5,0,0,0,0,0,SURVIVING
apps/web/app/gekta/opengraph-image.tsx,PROTECTED_PRODUCT_UI,5,5,0,0,0,0,0,SURVIVING
apps/web/app/gekta/page.tsx,PROTECTED_PRODUCT_UI,9,9,0,0,0,0,0,SURVIVING
apps/web/app/gekta/register/page.tsx,PROTECTED_PRODUCT_UI,20,20,0,0,0,0,0,SURVIVING
apps/web/app/gekta/security/page.tsx,PROTECTED_PRODUCT_UI,13,13,0,0,0,0,0,SURVIVING
apps/web/app/gekta/support/page.tsx,PROTECTED_PRODUCT_UI,13,13,0,0,0,0,0,SURVIVING
apps/web/app/gekta/zh/opengraph-image.tsx,PROTECTED_PRODUCT_UI,5,5,0,0,0,0,0,SURVIVING
apps/web/app/gekta/zh/page.tsx,PROTECTED_PRODUCT_UI,9,9,0,0,0,0,0,SURVIVING
apps/web/app/gekta/zh/security/page.tsx,PROTECTED_PRODUCT_UI,13,13,0,0,0,0,0,SURVIVING
apps/web/app/gekta/zh/support/page.tsx,PROTECTED_PRODUCT_UI,13,13,0,0,0,0,0,SURVIVING
apps/web/app/globals.css,STANDARD,171,134,37,0,0,0,0,SURVIVING
apps/web/app/icon.tsx,STANDARD,57,57,0,0,0,0,0,SURVIVING
apps/web/app/layout.tsx,STANDARD,221,196,21,0,4,0,0,SURVIVING
apps/web/app/legal/[slug]/page.tsx,STANDARD,70,0,70,0,0,0,0,NONE_SURVIVING
apps/web/app/login/layout.tsx,STANDARD,5,4,1,0,0,0,0,SURVIVING
apps/web/app/login/page.tsx,STANDARD,70,52,12,0,6,0,0,SURVIVING
apps/web/app/lots/page.tsx,STANDARD,5,5,0,0,0,0,0,SURVIVING
apps/web/app/manifest.ts,STANDARD,31,31,0,0,0,0,0,SURVIVING
apps/web/app/opengraph-image.tsx,STANDARD,45,45,0,0,0,0,0,SURVIVING
apps/web/app/page.tsx,STANDARD,5,5,0,0,0,0,0,SURVIVING
apps/web/app/pc-public-entry/platform-v7/forgot-password/page.tsx,STANDARD,16,16,0,0,0,0,0,SURVIVING
apps/web/app/pc-public-entry/platform-v7/home-approved-contact-dock.css,STANDARD,5,5,0,0,0,0,0,SURVIVING
apps/web/app/pc-public-entry/platform-v7/layout.tsx,STANDARD,22,22,0,0,0,0,0,SURVIVING
apps/web/app/pc-public-entry/platform-v7/login/page.tsx,STANDARD,22,22,0,0,0,0,0,SURVIVING
apps/web/app/pc-public-entry/platform-v7/page.tsx,STANDARD,122,122,0,0,0,0,0,SURVIVING
apps/web/app/pc-public-entry/platform-v7/public-entry-contact-dock-mount.css,STANDARD,8,8,0,0,0,0,0,SURVIVING
apps/web/app/pc-public-entry/sw-recovery/route.ts,STANDARD,58,58,0,0,0,0,0,SURVIVING
apps/web/app/platform-v7/PresentationDownload.module.css,STANDARD,68,68,0,0,0,0,0,SURVIVING
apps/web/app/platform-v7/_components/SeoLandingPage.tsx,STANDARD,93,93,0,0,0,0,0,SURVIVING
apps/web/app/platform-v7/_styles/fixed-header-contract.css,STANDARD,177,177,0,0,0,0,0,SURVIVING
apps/web/app/platform-v7/_styles/public-header-accessibility.css,STANDARD,35,35,0,0,0,0,0,SURVIVING
apps/web/app/platform-v7/_styles/public-supporting-shell.css,STANDARD,28,28,0,0,0,0,0,SURVIVING
apps/web/app/platform-v7/about/page.tsx,STANDARD,289,289,0,0,0,0,0,SURVIVING
apps/web/app/platform-v7/access/page.tsx,STANDARD,5,5,0,0,0,0,0,SURVIVING
apps/web/app/platform-v7/accounting/AccountingTaskBoardClient.tsx,STANDARD,266,0,266,0,0,0,0,NONE_SURVIVING
apps/web/app/platform-v7/accounting/accounting.module.css,STANDARD,161,0,161,0,0,0,0,NONE_SURVIVING
apps/web/app/platform-v7/accounting/page.tsx,STANDARD,35,0,35,0,0,0,0,NONE_SURVIVING
apps/web/app/platform-v7/actions/deal-workspace-runtime-intent-actions.ts,STANDARD,339,339,0,0,0,0,0,SURVIVING
apps/web/app/platform-v7/actions/runtime-actions.ts,STANDARD,181,181,0,0,0,0,0,SURVIVING
apps/web/app/platform-v7/admin/page.tsx,STANDARD,12,10,2,0,0,0,0,SURVIVING
apps/web/app/platform-v7/ai-in-action/page.tsx,STANDARD,150,150,0,0,0,0,0,SURVIVING
apps/web/app/platform-v7/ai/page.tsx,STANDARD,9,9,0,0,0,0,0,SURVIVING
apps/web/app/platform-v7/ai/template.tsx,STANDARD,52,52,0,0,0,0,0,SURVIVING
apps/web/app/platform-v7/analytics/page.tsx,STANDARD,5,5,0,0,0,0,0,SURVIVING
apps/web/app/platform-v7/anti-bypass/grain/page.tsx,STANDARD,5,5,0,0,0,0,0,SURVIVING
apps/web/app/platform-v7/anti-bypass/page.tsx,STANDARD,5,5,0,0,0,0,0,SURVIVING
apps/web/app/platform-v7/api-docs/page.tsx,STANDARD,161,161,0,0,0,0,0,SURVIVING
apps/web/app/platform-v7/arbitrator/grain/page.tsx,STANDARD,5,5,0,0,0,0,0,SURVIVING
apps/web/app/platform-v7/arbitrator/loading.tsx,STANDARD,7,7,0,0,0,0,0,SURVIVING
apps/web/app/platform-v7/arbitrator/page.tsx,STANDARD,114,99,0,15,0,0,0,SURVIVING
apps/web/app/platform-v7/assistant/page.tsx,STANDARD,83,83,0,0,0,0,0,SURVIVING
apps/web/app/platform-v7/auction/admission/page.tsx,STANDARD,26,20,0,0,6,0,0,SURVIVING
apps/web/app/platform-v7/auction/bids/page.tsx,STANDARD,26,20,0,0,6,0,0,SURVIVING
apps/web/app/platform-v7/auction/deal-basis/page.tsx,STANDARD,26,20,0,0,6,0,0,SURVIVING
apps/web/app/platform-v7/auction/import/page.tsx,STANDARD,26,20,0,0,6,0,0,SURVIVING
apps/web/app/platform-v7/auction/page.tsx,STANDARD,26,20,0,0,6,0,0,SURVIVING
apps/web/app/platform-v7/auctions/[id]/page.tsx,STANDARD,6,4,0,0,2,0,0,SURVIVING
apps/web/app/platform-v7/audit-log/page.tsx,STANDARD,267,253,0,14,0,0,0,SURVIVING
apps/web/app/platform-v7/auth/page.tsx,STANDARD,5,5,0,0,0,0,0,SURVIVING
apps/web/app/platform-v7/bank/clean/page.tsx,STANDARD,10,10,0,0,0,0,0,SURVIVING
apps/web/app/platform-v7/bank/escrow/page.tsx,STANDARD,28,26,0,0,2,0,0,SURVIVING
apps/web/app/platform-v7/bank/events/[id]/page.tsx,STANDARD,6,6,0,0,0,0,0,SURVIVING
apps/web/app/platform-v7/bank/events/page.tsx,STANDARD,6,6,0,0,0,0,0,SURVIVING
apps/web/app/platform-v7/bank/factoring/page.tsx,STANDARD,193,193,0,0,0,0,0,SURVIVING
apps/web/app/platform-v7/bank/grain/page.tsx,STANDARD,5,5,0,0,0,0,0,SURVIVING
apps/web/app/platform-v7/bank/layout.tsx,STANDARD,25,25,0,0,0,0,0,SURVIVING
apps/web/app/platform-v7/bank/page.tsx,STANDARD,250,226,1,23,0,0,0,SURVIVING
apps/web/app/platform-v7/bank/payment-basis/page.tsx,STANDARD,28,26,0,0,2,0,0,SURVIVING
apps/web/app/platform-v7/bank/release-safety/page.tsx,STANDARD,243,241,0,0,2,0,0,SURVIVING
apps/web/app/platform-v7/batches/[batchId]/page.tsx,STANDARD,5,5,0,0,0,0,0,SURVIVING
apps/web/app/platform-v7/batches/create/page.tsx,STANDARD,5,5,0,0,0,0,0,SURVIVING
apps/web/app/platform-v7/batches/new/page.tsx,STANDARD,5,5,0,0,0,0,0,SURVIVING
apps/web/app/platform-v7/batches/page.tsx,STANDARD,5,5,0,0,0,0,0,SURVIVING
apps/web/app/platform-v7/batches/view/page.tsx,STANDARD,5,5,0,0,0,0,0,SURVIVING
apps/web/app/platform-v7/buyer-lot/page.tsx,STANDARD,12,12,0,0,0,0,0,SURVIVING
apps/web/app/platform-v7/buyer/deals/page.tsx,STANDARD,13,13,0,0,0,0,0,SURVIVING
apps/web/app/platform-v7/buyer/financing/page.tsx,STANDARD,308,308,0,0,0,0,0,SURVIVING
apps/web/app/platform-v7/buyer/layout.tsx,STANDARD,11,11,0,0,0,0,0,SURVIVING
apps/web/app/platform-v7/buyer/lots/page.tsx,STANDARD,12,12,0,0,0,0,0,SURVIVING
apps/web/app/platform-v7/buyer/matches/page.tsx,STANDARD,13,13,0,0,0,0,0,SURVIVING
apps/web/app/platform-v7/buyer/offers/page.tsx,STANDARD,13,13,0,0,0,0,0,SURVIVING
apps/web/app/platform-v7/buyer/page.tsx,STANDARD,221,209,0,12,0,0,0,SURVIVING
apps/web/app/platform-v7/buyer/reputation/page.tsx,STANDARD,228,228,0,0,0,0,0,SURVIVING
apps/web/app/platform-v7/buyer/rfq/[rfqId]/page.tsx,STANDARD,6,6,0,0,0,0,0,SURVIVING
apps/web/app/platform-v7/buyer/rfq/create/page.tsx,STANDARD,6,6,0,0,0,0,0,SURVIVING
apps/web/app/platform-v7/buyer/rfq/detail/page.tsx,STANDARD,6,6,0,0,0,0,0,SURVIVING
apps/web/app/platform-v7/buyer/rfq/new/page.tsx,STANDARD,6,6,0,0,0,0,0,SURVIVING
apps/web/app/platform-v7/buyer/rfq/page.tsx,STANDARD,228,228,0,0,0,0,0,SURVIVING
apps/web/app/platform-v7/commodity-profiles/[profileId]/page.tsx,STANDARD,42,42,0,0,0,0,0,SURVIVING
apps/web/app/platform-v7/commodity-profiles/commodity-profiles.module.css,STANDARD,14,14,0,0,0,0,0,SURVIVING
apps/web/app/platform-v7/commodity-profiles/page.tsx,STANDARD,36,36,0,0,0,0,0,SURVIVING
apps/web/app/platform-v7/companies/[inn]/page.tsx,STANDARD,6,4,0,0,2,0,0,SURVIVING
apps/web/app/platform-v7/companies/page.tsx,STANDARD,5,5,0,0,0,0,0,SURVIVING
apps/web/app/platform-v7/compliance/grain/page.tsx,STANDARD,5,5,0,0,0,0,0,SURVIVING
apps/web/app/platform-v7/compliance/loading.tsx,STANDARD,7,7,0,0,0,0,0,SURVIVING
apps/web/app/platform-v7/compliance/page.tsx,STANDARD,91,89,2,0,0,0,0,SURVIVING
apps/web/app/platform-v7/connectors/page.tsx,STANDARD,314,313,0,1,0,0,0,SURVIVING
apps/web/app/platform-v7/contact/ContactClient.tsx,STANDARD,229,229,0,0,0,0,0,SURVIVING
apps/web/app/platform-v7/contact/layout.tsx,STANDARD,13,13,0,0,0,0,0,SURVIVING
apps/web/app/platform-v7/contact/page.tsx,STANDARD,86,84,0,0,2,0,0,SURVIVING
apps/web/app/platform-v7/contact/template.tsx,STANDARD,6,6,0,0,0,0,0,SURVIVING
apps/web/app/platform-v7/control-tower/anti-bypass/page.tsx,STANDARD,12,12,0,0,0,0,0,SURVIVING
apps/web/app/platform-v7/control-tower/bypass-risk/page.tsx,STANDARD,12,12,0,0,0,0,0,SURVIVING
apps/web/app/platform-v7/control-tower/canonical-reconciliation/page.tsx,STANDARD,12,12,0,0,0,0,0,SURVIVING
apps/web/app/platform-v7/control-tower/grain/page.tsx,STANDARD,5,5,0,0,0,0,0,SURVIVING
apps/web/app/platform-v7/control-tower/hotlist/page.tsx,STANDARD,12,12,0,0,0,0,0,SURVIVING
apps/web/app/platform-v7/control-tower/page.tsx,STANDARD,32,31,0,0,1,0,0,SURVIVING
apps/web/app/platform-v7/counterparties/[counterpartyId]/page.tsx,STANDARD,6,4,0,0,2,0,0,SURVIVING
apps/web/app/platform-v7/counterparty/[inn]/page.tsx,STANDARD,6,4,0,0,2,0,0,SURVIVING
apps/web/app/platform-v7/data-room/grain/page.tsx,STANDARD,5,5,0,0,0,0,0,SURVIVING
apps/web/app/platform-v7/data-room/page.tsx,STANDARD,5,5,0,0,0,0,0,SURVIVING
apps/web/app/platform-v7/deal-acceptance/page.tsx,STANDARD,418,412,0,0,6,0,0,SURVIVING
apps/web/app/platform-v7/deal-documents-basis/page.tsx,STANDARD,355,349,0,0,6,0,0,SURVIVING
apps/web/app/platform-v7/deal-drafts/[draftId]/page.tsx,STANDARD,5,5,0,0,0,0,0,SURVIVING
apps/web/app/platform-v7/deal-flow/page.tsx,STANDARD,119,117,2,0,0,0,0,SURVIVING
apps/web/app/platform-v7/deal-logistics/page.tsx,STANDARD,317,311,0,0,6,0,0,SURVIVING
apps/web/app/platform-v7/deals/[id]/accounting/DealAccountingClient.tsx,STANDARD,131,0,131,0,0,0,0,NONE_SURVIVING
apps/web/app/platform-v7/deals/[id]/accounting/page.tsx,STANDARD,42,0,42,0,0,0,0,NONE_SURVIVING
apps/web/app/platform-v7/deals/[id]/audit/page.tsx,STANDARD,100,40,0,58,2,0,0,SURVIVING
apps/web/app/platform-v7/deals/[id]/clean/page.tsx,STANDARD,308,304,0,2,2,0,0,SURVIVING
apps/web/app/platform-v7/deals/[id]/disputes/page.tsx,STANDARD,11,9,0,0,2,0,0,SURVIVING
apps/web/app/platform-v7/deals/[id]/documents/page.tsx,STANDARD,222,222,0,0,0,0,0,SURVIVING
apps/web/app/platform-v7/deals/[id]/evidence-pack/page.tsx,STANDARD,47,30,0,15,2,0,0,SURVIVING
apps/web/app/platform-v7/deals/[id]/execution/page.tsx,STANDARD,19,19,0,0,0,0,0,SURVIVING
apps/web/app/platform-v7/deals/[id]/logistics/page.tsx,STANDARD,11,9,0,0,2,0,0,SURVIVING
apps/web/app/platform-v7/deals/[id]/money/page.tsx,STANDARD,17,15,0,0,2,0,0,SURVIVING
apps/web/app/platform-v7/deals/[id]/page.tsx,STANDARD,6,4,0,0,2,0,0,SURVIVING
apps/web/app/platform-v7/deals/[id]/quality/page.tsx,STANDARD,11,9,0,0,2,0,0,SURVIVING
apps/web/app/platform-v7/deals/[id]/review/page.tsx,STANDARD,142,136,0,3,3,0,0,SURVIVING
apps/web/app/platform-v7/deals/[id]/transport-documents/page.tsx,STANDARD,193,191,0,0,2,0,0,SURVIVING
apps/web/app/platform-v7/deals/[id]/transport-documents/simulation/page.tsx,STANDARD,131,129,0,0,2,0,0,SURVIVING
apps/web/app/platform-v7/deals/compare/page.tsx,STANDARD,79,76,0,1,2,0,0,SURVIVING
apps/web/app/platform-v7/deals/deals.module.css,STANDARD,51,51,0,0,0,0,0,SURVIVING
apps/web/app/platform-v7/deals/grain-quality/page.tsx,STANDARD,5,5,0,0,0,0,0,SURVIVING
apps/web/app/platform-v7/deals/grain-release/page.tsx,STANDARD,11,11,0,0,0,0,0,SURVIVING
apps/web/app/platform-v7/deals/grain-sdiz/page.tsx,STANDARD,5,5,0,0,0,0,0,SURVIVING
apps/web/app/platform-v7/deals/grain-weight/page.tsx,STANDARD,5,5,0,0,0,0,0,SURVIVING
apps/web/app/platform-v7/deals/loading.tsx,STANDARD,16,16,0,0,0,0,0,SURVIVING
apps/web/app/platform-v7/deals/page.tsx,STANDARD,46,45,1,0,0,0,0,SURVIVING
apps/web/app/platform-v7/demo/DemoCleanClient.tsx,STANDARD,94,85,9,0,0,0,0,SURVIVING
apps/web/app/platform-v7/demo/ai/page.tsx,STANDARD,130,130,0,0,0,0,0,SURVIVING
apps/web/app/platform-v7/demo/deals/[id]/page.tsx,STANDARD,11,9,0,0,2,0,0,SURVIVING
apps/web/app/platform-v7/demo/execution-flow/page.tsx,STANDARD,5,5,0,0,0,0,0,SURVIVING
apps/web/app/platform-v7/demo/grain-execution/page.tsx,STANDARD,5,5,0,0,0,0,0,SURVIVING
apps/web/app/platform-v7/demo/layout.tsx,STANDARD,10,10,0,0,0,0,0,SURVIVING
apps/web/app/platform-v7/demo/page.tsx,STANDARD,12,12,0,0,0,0,0,SURVIVING
apps/web/app/platform-v7/demo/run/page.tsx,STANDARD,34,34,0,0,0,0,0,SURVIVING
apps/web/app/platform-v7/deploy-check/page.tsx,STANDARD,5,5,0,0,0,0,0,SURVIVING
apps/web/app/platform-v7/dispute/[id]/page.tsx,STANDARD,7,5,0,0,2,0,0,SURVIVING
apps/web/app/platform-v7/disputes/[id]/hold/page.tsx,STANDARD,6,4,0,0,2,0,0,SURVIVING
apps/web/app/platform-v7/disputes/[id]/page.tsx,STANDARD,6,4,0,0,2,0,0,SURVIVING
apps/web/app/platform-v7/disputes/loading.tsx,STANDARD,16,16,0,0,0,0,0,SURVIVING
apps/web/app/platform-v7/disputes/page.tsx,STANDARD,397,390,2,5,0,0,0,SURVIVING
apps/web/app/platform-v7/docs/DocsCleanClient.tsx,STANDARD,23,6,17,0,0,0,0,SURVIVING
apps/web/app/platform-v7/docs/page.tsx,STANDARD,72,72,0,0,0,0,0,SURVIVING
apps/web/app/platform-v7/docs/template.tsx,STANDARD,6,6,0,0,0,0,0,SURVIVING
apps/web/app/platform-v7/documents/grain/page.tsx,STANDARD,5,5,0,0,0,0,0,SURVIVING
apps/web/app/platform-v7/documents/page.tsx,STANDARD,220,220,0,0,0,0,0,SURVIVING
apps/web/app/platform-v7/domain-core/page.tsx,STANDARD,6,6,0,0,0,0,0,SURVIVING
apps/web/app/platform-v7/driver/field/page.tsx,STANDARD,180,41,0,16,123,0,0,SURVIVING
apps/web/app/platform-v7/driver/grain/page.tsx,STANDARD,5,5,0,0,0,0,0,SURVIVING
apps/web/app/platform-v7/driver/layout.tsx,STANDARD,42,41,0,0,1,0,0,SURVIVING
apps/web/app/platform-v7/driver/page.tsx,STANDARD,5,5,0,0,0,0,0,SURVIVING
apps/web/app/platform-v7/elevator/grain/page.tsx,STANDARD,5,5,0,0,0,0,0,SURVIVING
apps/web/app/platform-v7/elevator/layout.tsx,STANDARD,11,11,0,0,0,0,0,SURVIVING
apps/web/app/platform-v7/elevator/page.tsx,STANDARD,233,36,0,13,184,0,0,SURVIVING
apps/web/app/platform-v7/elevator/terminal/[operationId]/page.tsx,STANDARD,6,4,0,0,2,0,0,SURVIVING
apps/web/app/platform-v7/elevator/terminal/page.tsx,STANDARD,5,5,0,0,0,0,0,SURVIVING
apps/web/app/platform-v7/error.tsx,STANDARD,18,18,0,0,0,0,0,SURVIVING
apps/web/app/platform-v7/evidence-pack/page.tsx,STANDARD,5,5,0,0,0,0,0,SURVIVING
apps/web/app/platform-v7/execution-map/page.tsx,STANDARD,5,5,0,0,0,0,0,SURVIVING
apps/web/app/platform-v7/executive/grain/page.tsx,STANDARD,5,5,0,0,0,0,0,SURVIVING
apps/web/app/platform-v7/executive/layout.tsx,STANDARD,6,6,0,0,0,0,0,SURVIVING
apps/web/app/platform-v7/executive/page.tsx,STANDARD,327,305,0,22,0,0,0,SURVIVING
apps/web/app/platform-v7/fgis-access/page.tsx,STANDARD,73,67,0,0,6,0,0,SURVIVING
apps/web/app/platform-v7/fgis-to-lot/page.tsx,STANDARD,5,5,0,0,0,0,0,SURVIVING
apps/web/app/platform-v7/fgis-zerno/page.tsx,STANDARD,52,52,0,0,0,0,0,SURVIVING
apps/web/app/platform-v7/field/page.tsx,STANDARD,6,4,2,0,0,0,0,SURVIVING
apps/web/app/platform-v7/forgot-password/ForgotPasswordFormClient.tsx,STANDARD,133,133,0,0,0,0,0,SURVIVING
apps/web/app/platform-v7/forgot-password/page.tsx,STANDARD,200,200,0,0,0,0,0,SURVIVING
apps/web/app/platform-v7/grain-documents/page.tsx,STANDARD,52,52,0,0,0,0,0,SURVIVING
apps/web/app/platform-v7/grain-logistics/page.tsx,STANDARD,52,52,0,0,0,0,0,SURVIVING
apps/web/app/platform-v7/grain-payment/page.tsx,STANDARD,52,52,0,0,0,0,0,SURVIVING
apps/web/app/platform-v7/grain-quality/page.tsx,STANDARD,52,52,0,0,0,0,0,SURVIVING
apps/web/app/platform-v7/head.tsx,STANDARD,201,201,0,0,0,0,0,SURVIVING
apps/web/app/platform-v7/health/page.tsx,STANDARD,278,278,0,0,0,0,0,SURVIVING
apps/web/app/platform-v7/help/page.tsx,STANDARD,119,115,0,4,0,0,0,SURVIVING
apps/web/app/platform-v7/how-it-works/page.tsx,STANDARD,357,357,0,0,0,0,0,SURVIVING
apps/web/app/platform-v7/integrations/[adapterCode]/page.tsx,STANDARD,42,42,0,0,0,0,0,SURVIVING
apps/web/app/platform-v7/integrations/grain/page.tsx,STANDARD,5,5,0,0,0,0,0,SURVIVING
apps/web/app/platform-v7/integrations/integrations.module.css,STANDARD,13,13,0,0,0,0,0,SURVIVING
apps/web/app/platform-v7/integrations/page.tsx,STANDARD,35,33,2,0,0,0,0,SURVIVING
apps/web/app/platform-v7/investor/deals/[dealId]/page.tsx,STANDARD,6,4,0,0,2,0,0,SURVIVING
apps/web/app/platform-v7/investor/page.tsx,STANDARD,5,5,0,0,0,0,0,SURVIVING
apps/web/app/platform-v7/invitation/InvitationAcceptClient.tsx,STANDARD,151,151,0,0,0,0,0,SURVIVING
apps/web/app/platform-v7/invitation/page.tsx,STANDARD,56,56,0,0,0,0,0,SURVIVING
apps/web/app/platform-v7/lab/grain/page.tsx,STANDARD,5,5,0,0,0,0,0,SURVIVING
apps/web/app/platform-v7/lab/loading.tsx,STANDARD,7,7,0,0,0,0,0,SURVIVING
apps/web/app/platform-v7/lab/page.tsx,STANDARD,168,31,0,16,121,0,0,SURVIVING
apps/web/app/platform-v7/layout.tsx,STANDARD,313,307,4,0,2,0,0,SURVIVING
apps/web/app/platform-v7/loading.tsx,STANDARD,31,31,0,0,0,0,0,SURVIVING
apps/web/app/platform-v7/login/LoginFormClient.tsx,STANDARD,563,563,0,0,0,0,0,SURVIVING
apps/web/app/platform-v7/login/layout.tsx,STANDARD,29,29,0,0,0,0,0,SURVIVING
apps/web/app/platform-v7/login/page.tsx,STANDARD,33,33,0,0,0,0,0,SURVIVING
apps/web/app/platform-v7/login/template.tsx,STANDARD,5,5,0,0,0,0,0,SURVIVING
apps/web/app/platform-v7/logistics/[routeId]/page.tsx,STANDARD,268,266,0,0,2,0,0,SURVIVING
apps/web/app/platform-v7/logistics/drivers/page.tsx,STANDARD,206,206,0,0,0,0,0,SURVIVING
apps/web/app/platform-v7/logistics/grain/page.tsx,STANDARD,5,5,0,0,0,0,0,SURVIVING
apps/web/app/platform-v7/logistics/inbox/page.tsx,STANDARD,191,191,0,0,0,0,0,SURVIVING
apps/web/app/platform-v7/logistics/layout.tsx,STANDARD,5,5,0,0,0,0,0,SURVIVING
apps/web/app/platform-v7/logistics/page.tsx,STANDARD,144,134,0,10,0,0,0,SURVIVING
apps/web/app/platform-v7/lot/[id]/page.tsx,STANDARD,6,4,0,0,2,0,0,SURVIVING
apps/web/app/platform-v7/lot/create/page.tsx,STANDARD,5,2,3,0,0,0,0,SURVIVING
apps/web/app/platform-v7/lots/[lotId]/page.tsx,STANDARD,76,74,0,0,2,0,0,SURVIVING
apps/web/app/platform-v7/lots/compare/page.tsx,STANDARD,5,5,0,0,0,0,0,SURVIVING
apps/web/app/platform-v7/lots/create/page.tsx,STANDARD,5,5,0,0,0,0,0,SURVIVING
apps/web/app/platform-v7/lots/page.tsx,STANDARD,5,5,0,0,0,0,0,SURVIVING
apps/web/app/platform-v7/market-rfq/page.tsx,STANDARD,5,5,0,0,0,0,0,SURVIVING
apps/web/app/platform-v7/market/page.tsx,STANDARD,6,6,0,0,0,0,0,SURVIVING
apps/web/app/platform-v7/marketplace/page.tsx,STANDARD,6,3,3,0,0,0,0,SURVIVING
apps/web/app/platform-v7/mfa-recovery/MfaRecoveryClient.tsx,STANDARD,179,179,0,0,0,0,0,SURVIVING
apps/web/app/platform-v7/mfa-recovery/page.tsx,STANDARD,95,95,0,0,0,0,0,SURVIVING
apps/web/app/platform-v7/money/page.tsx,STANDARD,221,221,0,0,0,0,0,SURVIVING
apps/web/app/platform-v7/not-found.tsx,STANDARD,63,28,28,7,0,0,0,SURVIVING
apps/web/app/platform-v7/notifications/notifications.module.css,STANDARD,263,263,0,0,0,0,0,SURVIVING
apps/web/app/platform-v7/notifications/page.tsx,STANDARD,384,384,0,0,0,0,0,SURVIVING
apps/web/app/platform-v7/oferta/page.tsx,STANDARD,57,57,0,0,0,0,0,SURVIVING
apps/web/app/platform-v7/offer-log/page.tsx,STANDARD,5,5,0,0,0,0,0,SURVIVING
apps/web/app/platform-v7/offer-to-deal/page.tsx,STANDARD,5,5,0,0,0,0,0,SURVIVING
apps/web/app/platform-v7/onboarding/page.tsx,STANDARD,318,318,0,0,0,0,0,SURVIVING
apps/web/app/platform-v7/open/layout.tsx,STANDARD,18,18,0,0,0,0,0,SURVIVING
apps/web/app/platform-v7/open/page.tsx,STANDARD,186,184,2,0,0,0,0,SURVIVING
apps/web/app/platform-v7/operator-cockpit/queues/page.tsx,STANDARD,6,6,0,0,0,0,0,SURVIVING
apps/web/app/platform-v7/operator/grain/page.tsx,STANDARD,5,5,0,0,0,0,0,SURVIVING
apps/web/app/platform-v7/operator/page.tsx,STANDARD,421,406,1,14,0,0,0,SURVIVING
apps/web/app/platform-v7/page.tsx,STANDARD,327,322,0,0,5,0,0,SURVIVING
apps/web/app/platform-v7/pilot-runbook/page.tsx,STANDARD,5,5,0,0,0,0,0,SURVIVING
apps/web/app/platform-v7/pricing/page.tsx,STANDARD,151,151,0,0,0,0,0,SURVIVING
apps/web/app/platform-v7/privacy/page.tsx,STANDARD,129,129,0,0,0,0,0,SURVIVING
apps/web/app/platform-v7/procurement/page.tsx,STANDARD,5,3,2,0,0,0,0,SURVIVING
apps/web/app/platform-v7/profile/page.tsx,STANDARD,308,308,0,0,0,0,0,SURVIVING
apps/web/app/platform-v7/profile/team/OrganizationTeamAdminClient.module.css,STANDARD,146,146,0,0,0,0,0,SURVIVING
apps/web/app/platform-v7/profile/team/OrganizationTeamAdminClient.tsx,STANDARD,353,353,0,0,0,0,0,SURVIVING
apps/web/app/platform-v7/profile/team/page.tsx,STANDARD,138,138,0,0,0,0,0,SURVIVING
apps/web/app/platform-v7/proposals/page.tsx,STANDARD,5,5,0,0,0,0,0,SURVIVING
apps/web/app/platform-v7/readiness/grain/page.tsx,STANDARD,5,5,0,0,0,0,0,SURVIVING
apps/web/app/platform-v7/readiness/page.tsx,STANDARD,5,5,0,0,0,0,0,SURVIVING
apps/web/app/platform-v7/register/RegisterCleanClient.tsx,STANDARD,21,10,11,0,0,0,0,SURVIVING
apps/web/app/platform-v7/register/RegisterFormClient.tsx,STANDARD,737,718,0,0,19,0,0,SURVIVING
apps/web/app/platform-v7/register/RegisterFormClientPublic.tsx,STANDARD,287,287,0,0,0,0,0,SURVIVING
apps/web/app/platform-v7/register/layout.tsx,STANDARD,5,5,0,0,0,0,0,SURVIVING
apps/web/app/platform-v7/register/page.tsx,STANDARD,112,112,0,0,0,0,0,SURVIVING
apps/web/app/platform-v7/reports/esg/page.tsx,STANDARD,5,5,0,0,0,0,0,SURVIVING
apps/web/app/platform-v7/reports/grain/page.tsx,STANDARD,5,5,0,0,0,0,0,SURVIVING
apps/web/app/platform-v7/reports/page.tsx,STANDARD,241,241,0,0,0,0,0,SURVIVING
apps/web/app/platform-v7/reports/regulator/page.tsx,STANDARD,5,5,0,0,0,0,0,SURVIVING
apps/web/app/platform-v7/request/page.tsx,STANDARD,34,34,0,0,0,0,0,SURVIVING
apps/web/app/platform-v7/reset-password/ResetPasswordFormClient.tsx,STANDARD,170,170,0,0,0,0,0,SURVIVING
apps/web/app/platform-v7/roadmap/page.tsx,STANDARD,146,146,0,0,0,0,0,SURVIVING
apps/web/app/platform-v7/role-preview/page.tsx,STANDARD,41,41,0,0,0,0,0,SURVIVING
apps/web/app/platform-v7/role-preview/seo-health/route.ts,STANDARD,43,43,0,0,0,0,0,SURVIVING
apps/web/app/platform-v7/role-preview/showroom/page.tsx,STANDARD,178,178,0,0,0,0,0,SURVIVING
apps/web/app/platform-v7/roles/page.tsx,STANDARD,5,5,0,0,0,0,0,SURVIVING
apps/web/app/platform-v7/runtime-status/page.tsx,STANDARD,5,5,0,0,0,0,0,SURVIVING
apps/web/app/platform-v7/secure-grain-deal/page.tsx,STANDARD,52,52,0,0,0,0,0,SURVIVING
apps/web/app/platform-v7/security/grain/page.tsx,STANDARD,5,5,0,0,0,0,0,SURVIVING
apps/web/app/platform-v7/security/page.tsx,STANDARD,5,5,0,0,0,0,0,SURVIVING
apps/web/app/platform-v7/seller/batches/new/page.tsx,STANDARD,5,5,0,0,0,0,0,SURVIVING
apps/web/app/platform-v7/seller/batches/page.tsx,STANDARD,5,5,0,0,0,0,0,SURVIVING
apps/web/app/platform-v7/seller/deals/page.tsx,STANDARD,13,13,0,0,0,0,0,SURVIVING
apps/web/app/platform-v7/seller/fgis-parties/page.tsx,STANDARD,5,5,0,0,0,0,0,SURVIVING
apps/web/app/platform-v7/seller/layout.tsx,STANDARD,11,11,0,0,0,0,0,SURVIVING
apps/web/app/platform-v7/seller/lots/new/page.tsx,STANDARD,12,12,0,0,0,0,0,SURVIVING
apps/web/app/platform-v7/seller/lots/page.tsx,STANDARD,12,12,0,0,0,0,0,SURVIVING
apps/web/app/platform-v7/seller/matches/page.tsx,STANDARD,12,12,0,0,0,0,0,SURVIVING
apps/web/app/platform-v7/seller/offers/page.tsx,STANDARD,12,12,0,0,0,0,0,SURVIVING
apps/web/app/platform-v7/seller/page.tsx,STANDARD,210,198,1,11,0,0,0,SURVIVING
apps/web/app/platform-v7/seller/quick-sale/page.tsx,STANDARD,5,5,0,0,0,0,0,SURVIVING
apps/web/app/platform-v7/seller/reputation/page.tsx,STANDARD,243,243,0,0,0,0,0,SURVIVING
apps/web/app/platform-v7/seller/rfq/page.tsx,STANDARD,225,225,0,0,0,0,0,SURVIVING
apps/web/app/platform-v7/settlement/grain/page.tsx,STANDARD,5,5,0,0,0,0,0,SURVIVING
apps/web/app/platform-v7/simulator/page.tsx,STANDARD,5,5,0,0,0,0,0,SURVIVING
apps/web/app/platform-v7/staff/cabinet-handoff/page.tsx,STANDARD,69,69,0,0,0,0,0,SURVIVING
apps/web/app/platform-v7/staff/open-cabinet/route.ts,STANDARD,407,407,0,0,0,0,0,SURVIVING
apps/web/app/platform-v7/staff/open-cabinet/submit/route.ts,STANDARD,24,24,0,0,0,0,0,SURVIVING
apps/web/app/platform-v7/staff/page.tsx,STANDARD,221,220,0,0,1,0,0,SURVIVING
apps/web/app/platform-v7/staff/prepare/route.ts,STANDARD,45,45,0,0,0,0,0,SURVIVING
apps/web/app/platform-v7/staff/showroom/page.tsx,STANDARD,215,215,0,0,0,0,0,SURVIVING
apps/web/app/platform-v7/status/page.tsx,STANDARD,255,255,0,0,0,0,0,SURVIVING
apps/web/app/platform-v7/support/[caseId]/page.tsx,STANDARD,8,6,0,0,2,0,0,SURVIVING
apps/web/app/platform-v7/support/detail/page.tsx,STANDARD,17,15,0,0,2,0,0,SURVIVING
apps/web/app/platform-v7/support/grain/page.tsx,STANDARD,5,5,0,0,0,0,0,SURVIVING
apps/web/app/platform-v7/support/loading.tsx,STANDARD,7,7,0,0,0,0,0,SURVIVING
apps/web/app/platform-v7/support/new/page.tsx,STANDARD,5,5,0,0,0,0,0,SURVIVING
apps/web/app/platform-v7/support/operator/page.tsx,STANDARD,5,5,0,0,0,0,0,SURVIVING
apps/web/app/platform-v7/support/page.tsx,STANDARD,5,5,0,0,0,0,0,SURVIVING
apps/web/app/platform-v7/surveyor/acts/[id]/page.tsx,STANDARD,6,4,0,0,2,0,0,SURVIVING
apps/web/app/platform-v7/surveyor/grain/page.tsx,STANDARD,5,5,0,0,0,0,0,SURVIVING
apps/web/app/platform-v7/surveyor/loading.tsx,STANDARD,7,7,0,0,0,0,0,SURVIVING
apps/web/app/platform-v7/surveyor/page.tsx,STANDARD,130,26,0,0,104,0,0,SURVIVING
apps/web/app/platform-v7/template.tsx,STANDARD,10,10,0,0,0,0,0,SURVIVING
apps/web/app/platform-v7/terms/page.tsx,STANDARD,122,122,0,0,0,0,0,SURVIVING
apps/web/app/platform-v7/trading/page.tsx,STANDARD,5,5,0,0,0,0,0,SURVIVING
apps/web/app/platform-v7/trust/page.tsx,STANDARD,392,392,0,0,0,0,0,SURVIVING
apps/web/app/platform-v7r/[...slug]/page.tsx,STANDARD,5,5,0,0,0,0,0,SURVIVING
apps/web/app/platform-v7r/analytics/page.tsx,STANDARD,148,36,112,0,0,0,0,SURVIVING
apps/web/app/platform-v7r/arbitrator/page.tsx,STANDARD,123,14,109,0,0,0,0,SURVIVING
apps/web/app/platform-v7r/deals/[id]/page.tsx,STANDARD,304,0,304,0,0,0,0,NONE_SURVIVING
apps/web/app/platform-v7r/deals/page.tsx,STANDARD,4,0,4,0,0,0,0,NONE_SURVIVING
apps/web/app/platform-v7r/driver/page.tsx,STANDARD,164,17,147,0,0,0,0,SURVIVING
apps/web/app/platform-v7r/elevator/page.tsx,STANDARD,174,20,154,0,0,0,0,SURVIVING
apps/web/app/platform-v7r/error.tsx,STANDARD,18,0,18,0,0,0,0,NONE_SURVIVING
apps/web/app/platform-v7r/lab/page.tsx,STANDARD,230,19,211,0,0,0,0,SURVIVING
apps/web/app/platform-v7r/layout.tsx,STANDARD,12,6,6,0,0,0,0,SURVIVING
apps/web/app/platform-v7r/page.tsx,STANDARD,5,5,0,0,0,0,0,SURVIVING
apps/web/app/platform-v7r/roles/layout.tsx,STANDARD,7,7,0,0,0,0,0,SURVIVING
apps/web/app/platform-v7r/roles/page.tsx,STANDARD,107,0,107,0,0,0,0,NONE_SURVIVING
apps/web/app/platform-v7r/surveyor/page.tsx,STANDARD,183,18,165,0,0,0,0,SURVIVING
apps/web/app/platform-v7r/template.tsx,STANDARD,7,7,0,0,0,0,0,SURVIVING
apps/web/app/responsive.css,STANDARD,56,0,56,0,0,0,0,NONE_SURVIVING
apps/web/app/robots.ts,STANDARD,47,47,0,0,0,0,0,SURVIVING
apps/web/app/roles/page.tsx,STANDARD,5,5,0,0,0,0,0,SURVIVING
apps/web/app/sitemap.ts,STANDARD,14,14,0,0,0,0,0,SURVIVING
apps/web/app/staff/[...path]/route.ts,STANDARD,268,261,0,0,7,0,0,SURVIVING
apps/web/app/trust/page.tsx,STANDARD,328,328,0,0,0,0,0,SURVIVING
apps/web/app/twitter-image.tsx,STANDARD,1,1,0,0,0,0,0,SURVIVING
apps/web/app/v9-accessibility.css,STANDARD,39,39,0,0,0,0,0,SURVIVING
apps/web/app/v9.css,STANDARD,630,180,448,0,2,0,0,SURVIVING
apps/web/apps/web/app,STANDARD,1,1,0,0,0,0,0,SURVIVING
apps/web/apps/web/components,STANDARD,1,1,0,0,0,0,0,SURVIVING
apps/web/apps/web/lib,STANDARD,1,1,0,0,0,0,0,SURVIVING
apps/web/apps/web/middleware.ts,STANDARD,1,1,0,0,0,0,0,SURVIVING
apps/web/apps/web/stores,STANDARD,1,1,0,0,0,0,0,SURVIVING
apps/web/apps/web/styles,STANDARD,1,1,0,0,0,0,0,SURVIVING
apps/web/apps/web/tests,STANDARD,1,1,0,0,0,0,0,SURVIVING
apps/web/apps/web/tsconfig.json,STANDARD,1,1,0,0,0,0,0,SURVIVING
apps/web/apps/web/web,STANDARD,1,1,0,0,0,0,0,SURVIVING
apps/web/components/action-outcome-panel.tsx,STANDARD,44,0,44,0,0,0,0,NONE_SURVIVING
apps/web/components/analytics-alerts-panel.tsx,STANDARD,19,0,19,0,0,0,0,NONE_SURVIVING
apps/web/components/analytics/PublicAnalytics.tsx,STANDARD,176,176,0,0,0,0,0,SURVIVING
apps/web/components/app-chrome.tsx,STANDARD,327,313,14,0,0,0,0,SURVIVING
apps/web/components/app-shell.tsx,STANDARD,10,0,10,0,0,0,0,NONE_SURVIVING
apps/web/components/bid-form.tsx,STANDARD,3,0,3,0,0,0,0,NONE_SURVIVING
apps/web/components/bid-section.tsx,STANDARD,3,0,3,0,0,0,0,NONE_SURVIVING
apps/web/components/breadcrumbs.tsx,STANDARD,20,0,20,0,0,0,0,NONE_SURVIVING
apps/web/components/browser-access-panel.tsx,STANDARD,10,0,10,0,0,0,0,NONE_SURVIVING
apps/web/components/business-reputation-control.tsx,STANDARD,3,0,3,0,0,0,0,NONE_SURVIVING
apps/web/components/calculator-panel.tsx,STANDARD,3,0,3,0,0,0,0,NONE_SURVIVING
apps/web/components/calculator-tool.tsx,STANDARD,3,0,3,0,0,0,0,NONE_SURVIVING
apps/web/components/closure-engine-panel.tsx,STANDARD,39,0,39,0,0,0,0,NONE_SURVIVING
apps/web/components/commercial-expansion-board.tsx,STANDARD,109,0,109,0,0,0,0,NONE_SURVIVING
apps/web/components/company-directory-workspace.tsx,STANDARD,120,0,120,0,0,0,0,NONE_SURVIVING
apps/web/components/company-profile-actions.tsx,STANDARD,12,0,12,0,0,0,0,NONE_SURVIVING
apps/web/components/company-profile-workspace.tsx,STANDARD,80,0,80,0,0,0,0,NONE_SURVIVING
apps/web/components/confirm-dialog.tsx,STANDARD,52,0,52,0,0,0,0,NONE_SURVIVING
apps/web/components/connection-status.tsx,STANDARD,24,0,24,0,0,0,0,NONE_SURVIVING
apps/web/components/context-playbook-panel.tsx,STANDARD,17,0,17,0,0,0,0,NONE_SURVIVING
apps/web/components/create-lot-wizard.tsx,STANDARD,26,0,26,0,0,0,0,NONE_SURVIVING
apps/web/components/critical-blockers-panel.tsx,STANDARD,23,0,23,0,0,0,0,NONE_SURVIVING
apps/web/components/crop-platform/CommodityProfileRegistryClient.module.css,STANDARD,118,118,0,0,0,0,0,SURVIVING
apps/web/components/crop-platform/CommodityProfileRegistryClient.tsx,STANDARD,468,468,0,0,0,0,0,SURVIVING
apps/web/components/crop-platform/CommodityProfileRegistryView.module.css,STANDARD,854,854,0,0,0,0,0,SURVIVING
apps/web/components/crop-platform/CommodityProfileRegistryView.tsx,STANDARD,786,786,0,0,0,0,0,SURVIVING
apps/web/components/crop-platform/IntegrationControlTowerClient.module.css,STANDARD,462,462,0,0,0,0,0,SURVIVING
apps/web/components/crop-platform/IntegrationControlTowerClient.tsx,STANDARD,546,546,0,0,0,0,0,SURVIVING
apps/web/components/crop-platform/commodity-profile-live-adapter.ts,STANDARD,470,470,0,0,0,0,0,SURVIVING
apps/web/components/crop-platform/css-modules.d.ts,STANDARD,4,4,0,0,0,0,0,SURVIVING
apps/web/components/crop-platform/integration-control-tower-live-adapter.ts,STANDARD,359,359,0,0,0,0,0,SURVIVING
apps/web/components/data-table.tsx,STANDARD,18,0,18,0,0,0,0,NONE_SURVIVING
apps/web/components/deadline-protection-panel.tsx,STANDARD,15,0,15,0,0,0,0,NONE_SURVIVING
apps/web/components/deal-lifecycle-lane.tsx,STANDARD,27,0,27,0,0,0,0,NONE_SURVIVING
apps/web/components/deal-spine-panel.tsx,STANDARD,63,0,63,0,0,0,0,NONE_SURVIVING
apps/web/components/deal-state-machine-panel.tsx,STANDARD,37,0,37,0,0,0,0,NONE_SURVIVING
apps/web/components/deal-workspace-entry.tsx,STANDARD,3,0,3,0,0,0,0,NONE_SURVIVING
apps/web/components/decision-readiness-panel.tsx,STANDARD,34,0,34,0,0,0,0,NONE_SURVIVING
apps/web/components/demo-banner.tsx,STANDARD,128,10,118,0,0,0,0,SURVIVING
apps/web/components/detail-hero.tsx,STANDARD,62,0,62,0,0,0,0,NONE_SURVIVING
apps/web/components/dispute-actions.tsx,STANDARD,22,0,22,0,0,0,0,NONE_SURVIVING
apps/web/components/dispute-workspace.tsx,STANDARD,22,0,22,0,0,0,0,NONE_SURVIVING
apps/web/components/document-center.tsx,STANDARD,18,0,18,0,0,0,0,NONE_SURVIVING
apps/web/components/driver-action-buttons.tsx,STANDARD,16,0,16,0,0,0,0,NONE_SURVIVING
apps/web/components/driver-live-map.tsx,STANDARD,46,0,46,0,0,0,0,NONE_SURVIVING
apps/web/components/driver-map.tsx,STANDARD,32,0,32,0,0,0,0,NONE_SURVIVING
apps/web/components/driver-mobile-hub.tsx,STANDARD,16,0,16,0,0,0,0,NONE_SURVIVING
apps/web/components/driver-verification-panel.tsx,STANDARD,13,0,13,0,0,0,0,NONE_SURVIVING
apps/web/components/error-boundary.tsx,STANDARD,100,0,100,0,0,0,0,NONE_SURVIVING
apps/web/components/evidence-pack-panel.tsx,STANDARD,53,0,53,0,0,0,0,NONE_SURVIVING
apps/web/components/execution-flow-panel.tsx,STANDARD,77,0,77,0,0,0,0,NONE_SURVIVING
apps/web/components/execution-readiness-panel.tsx,STANDARD,52,0,52,0,0,0,0,NONE_SURVIVING
apps/web/components/favorite-button.tsx,STANDARD,8,0,8,0,0,0,0,NONE_SURVIVING
apps/web/components/feature-flag-strip.tsx,STANDARD,3,0,3,0,0,0,0,NONE_SURVIVING
apps/web/components/field-mobile-hub.tsx,STANDARD,16,0,16,0,0,0,0,NONE_SURVIVING
apps/web/components/field-offline-hardening-panel.tsx,STANDARD,25,0,25,0,0,0,0,NONE_SURVIVING
apps/web/components/file-upload.tsx,STANDARD,14,0,14,0,0,0,0,NONE_SURVIVING
apps/web/components/finance-application-workspace.tsx,STANDARD,83,0,83,0,0,0,0,NONE_SURVIVING
apps/web/components/finance-console.tsx,STANDARD,46,0,46,0,0,0,0,NONE_SURVIVING
apps/web/components/floating-ai-assistant.tsx,STANDARD,24,0,24,0,0,0,0,NONE_SURVIVING
apps/web/components/gekta/GektaAccessGate.tsx,PROTECTED_PRODUCT_UI,209,7,202,0,0,0,0,SURVIVING
apps/web/components/gekta/GektaAttachments.tsx,PROTECTED_PRODUCT_UI,87,87,0,0,0,0,0,SURVIVING
apps/web/components/gekta/GektaCapabilities.tsx,PROTECTED_PRODUCT_UI,49,0,49,0,0,0,0,NONE_SURVIVING
apps/web/components/gekta/GektaChatApp.module.css,PROTECTED_PRODUCT_UI,901,901,0,0,0,0,0,SURVIVING
apps/web/components/gekta/GektaChatApp.tsx,PROTECTED_PRODUCT_UI,9,9,0,0,0,0,0,SURVIVING
apps/web/components/gekta/GektaChatTypes.ts,PROTECTED_PRODUCT_UI,27,25,2,0,0,0,0,SURVIVING
apps/web/components/gekta/GektaChatWorkspace.tsx,PROTECTED_PRODUCT_UI,967,684,283,0,0,0,0,SURVIVING
apps/web/components/gekta/GektaComposer.tsx,PROTECTED_PRODUCT_UI,155,139,16,0,0,0,0,SURVIVING
apps/web/components/gekta/GektaConsentDialog.tsx,PROTECTED_PRODUCT_UI,125,54,71,0,0,0,0,SURVIVING
apps/web/components/gekta/GektaConversationList.tsx,PROTECTED_PRODUCT_UI,69,42,27,0,0,0,0,SURVIVING
apps/web/components/gekta/GektaDiscoverySections.tsx,PROTECTED_PRODUCT_UI,91,63,28,0,0,0,0,SURVIVING
apps/web/components/gekta/GektaEmptyState.tsx,PROTECTED_PRODUCT_UI,72,37,35,0,0,0,0,SURVIVING
apps/web/components/gekta/GektaExperienceFrame.tsx,PROTECTED_PRODUCT_UI,16,16,0,0,0,0,0,SURVIVING
apps/web/components/gekta/GektaFloatingEntry.tsx,PROTECTED_PRODUCT_UI,105,26,79,0,0,0,0,SURVIVING
apps/web/components/gekta/GektaHero.tsx,PROTECTED_PRODUCT_UI,13,13,0,0,0,0,0,SURVIVING
apps/web/components/gekta/GektaLegalFooter.tsx,PROTECTED_PRODUCT_UI,36,2,34,0,0,0,0,SURVIVING
apps/web/components/gekta/GektaMarkdown.tsx,PROTECTED_PRODUCT_UI,115,115,0,0,0,0,0,SURVIVING
apps/web/components/gekta/GektaMessage.tsx,PROTECTED_PRODUCT_UI,50,43,7,0,0,0,0,SURVIVING
apps/web/components/gekta/GektaMessageList.tsx,PROTECTED_PRODUCT_UI,30,24,6,0,0,0,0,SURVIVING
apps/web/components/gekta/GektaMobileDrawer.tsx,PROTECTED_PRODUCT_UI,89,86,3,0,0,0,0,SURVIVING
apps/web/components/gekta/GektaOpenGraph.tsx,PROTECTED_PRODUCT_UI,20,20,0,0,0,0,0,SURVIVING
apps/web/components/gekta/GektaOwnerConsole.tsx,PROTECTED_PRODUCT_UI,387,387,0,0,0,0,0,SURVIVING
apps/web/components/gekta/GektaPhoneCard.tsx,PROTECTED_PRODUCT_UI,101,101,0,0,0,0,0,SURVIVING
apps/web/components/gekta/GektaProductCta.tsx,PROTECTED_PRODUCT_UI,39,0,39,0,0,0,0,NONE_SURVIVING
apps/web/components/gekta/GektaProductShell.tsx,PROTECTED_PRODUCT_UI,166,164,2,0,0,0,0,SURVIVING
apps/web/components/gekta/GektaProjectList.tsx,PROTECTED_PRODUCT_UI,108,59,49,0,0,0,0,SURVIVING
apps/web/components/gekta/GektaRegistrationClient.tsx,PROTECTED_PRODUCT_UI,159,159,0,0,0,0,0,SURVIVING
apps/web/components/gekta/GektaSettingsDialog.tsx,PROTECTED_PRODUCT_UI,204,5,199,0,0,0,0,SURVIVING
apps/web/components/gekta/GektaSidebar.tsx,PROTECTED_PRODUCT_UI,134,75,59,0,0,0,0,SURVIVING
apps/web/components/gekta/GektaSourceList.tsx,PROTECTED_PRODUCT_UI,35,35,0,0,0,0,0,SURVIVING
apps/web/components/gekta/GektaSpeakButton.tsx,PROTECTED_PRODUCT_UI,70,1,69,0,0,0,0,SURVIVING
apps/web/components/gekta/GektaTopicPage.tsx,PROTECTED_PRODUCT_UI,55,55,0,0,0,0,0,SURVIVING
apps/web/components/gekta/GektaUtilityMobileStyle.tsx,PROTECTED_PRODUCT_UI,44,44,0,0,0,0,0,SURVIVING
apps/web/components/gekta/GektaUtilityPage.tsx,PROTECTED_PRODUCT_UI,322,322,0,0,0,0,0,SURVIVING
apps/web/components/gekta/GektaViewportAuthority.tsx,PROTECTED_PRODUCT_UI,169,169,0,0,0,0,0,SURVIVING
apps/web/components/gekta/GektaVoiceInput.tsx,PROTECTED_PRODUCT_UI,186,0,186,0,0,0,0,NONE_SURVIVING
apps/web/components/gekta/useDialogFocus.ts,PROTECTED_PRODUCT_UI,52,5,47,0,0,0,0,SURVIVING
apps/web/components/insurance-case-console.tsx,STANDARD,3,0,3,0,0,0,0,NONE_SURVIVING
apps/web/components/integration-contracts-panel.tsx,STANDARD,34,0,34,0,0,0,0,NONE_SURVIVING
apps/web/components/journey-focus-panel.tsx,STANDARD,148,0,148,0,0,0,0,NONE_SURVIVING
apps/web/components/knowledge-workspace.tsx,STANDARD,66,0,66,0,0,0,0,NONE_SURVIVING
apps/web/components/kpi-card.tsx,STANDARD,9,0,9,0,0,0,0,NONE_SURVIVING
apps/web/components/lab-retest-button.tsx,STANDARD,3,0,3,0,0,0,0,NONE_SURVIVING
apps/web/components/leaflet-logistics-map.tsx,STANDARD,3,0,3,0,0,0,0,NONE_SURVIVING
apps/web/components/liquidity-layer-panel.tsx,STANDARD,86,0,86,0,0,0,0,NONE_SURVIVING
apps/web/components/live-chat-console.tsx,STANDARD,3,0,3,0,0,0,0,NONE_SURVIVING
apps/web/components/live-resource-table.tsx,STANDARD,28,0,28,0,0,0,0,NONE_SURVIVING
apps/web/components/login-form.tsx,STANDARD,53,2,51,0,0,0,0,SURVIVING
apps/web/components/logistics-map-embed.tsx,STANDARD,10,0,10,0,0,0,0,NONE_SURVIVING
apps/web/components/lot-actions.tsx,STANDARD,11,0,11,0,0,0,0,NONE_SURVIVING
apps/web/components/lot-calculator.tsx,STANDARD,36,0,36,0,0,0,0,NONE_SURVIVING
apps/web/components/lot-disclosure-panel.tsx,STANDARD,55,0,55,0,0,0,0,NONE_SURVIVING
apps/web/components/lot-entry-rail-panel.tsx,STANDARD,54,0,54,0,0,0,0,NONE_SURVIVING
apps/web/components/lot-inline-calculator.tsx,STANDARD,14,0,14,0,0,0,0,NONE_SURVIVING
apps/web/components/map-simulation.tsx,STANDARD,16,0,16,0,0,0,0,NONE_SURVIVING
apps/web/components/market-center-workspace.tsx,STANDARD,131,0,131,0,0,0,0,NONE_SURVIVING
apps/web/components/market-news-rail.tsx,STANDARD,20,0,20,0,0,0,0,NONE_SURVIVING
apps/web/components/mobile-nav.tsx,STANDARD,17,0,17,0,0,0,0,NONE_SURVIVING
apps/web/components/module-hub.tsx,STANDARD,42,0,42,0,0,0,0,NONE_SURVIVING
apps/web/components/money-release-gate.tsx,STANDARD,52,0,52,0,0,0,0,NONE_SURVIVING
apps/web/components/next-step-bar.tsx,STANDARD,27,0,27,0,0,0,0,NONE_SURVIVING
apps/web/components/notification-center.tsx,STANDARD,15,0,15,0,0,0,0,NONE_SURVIVING
apps/web/components/object-copilot-card.tsx,STANDARD,45,0,45,0,0,0,0,NONE_SURVIVING
apps/web/components/offline-banner.tsx,STANDARD,28,0,28,0,0,0,0,NONE_SURVIVING
apps/web/components/offline-conflict-panel.tsx,STANDARD,28,0,28,0,0,0,0,NONE_SURVIVING
apps/web/components/offline-fallback.tsx,STANDARD,8,0,8,0,0,0,0,NONE_SURVIVING
apps/web/components/onboarding-tour.tsx,STANDARD,22,0,22,0,0,0,0,NONE_SURVIVING
apps/web/components/operation-blueprint.tsx,STANDARD,68,0,68,0,0,0,0,NONE_SURVIVING
apps/web/components/operational-state-panel.tsx,STANDARD,36,0,36,0,0,0,0,NONE_SURVIVING
apps/web/components/operational-timeline.tsx,STANDARD,16,0,16,0,0,0,0,NONE_SURVIVING
apps/web/components/operator-case-center-panel.tsx,STANDARD,25,0,25,0,0,0,0,NONE_SURVIVING
apps/web/components/operator-escalation-board.tsx,STANDARD,25,0,25,0,0,0,0,NONE_SURVIVING
apps/web/components/page-access-guard.tsx,STANDARD,128,61,67,0,0,0,0,SURVIVING
apps/web/components/page-frame.tsx,STANDARD,44,0,44,0,0,0,0,NONE_SURVIVING
apps/web/components/partner-rail-panel.tsx,STANDARD,30,0,30,0,0,0,0,NONE_SURVIVING
apps/web/components/payment-rail-console.tsx,STANDARD,55,0,55,0,0,0,0,NONE_SURVIVING
apps/web/components/pilot-page-guard.tsx,STANDARD,21,0,21,0,0,0,0,NONE_SURVIVING
apps/web/components/platform-v7/AcceptanceCriteriaPanel.tsx,STANDARD,153,153,0,0,0,0,0,SURVIVING
apps/web/components/platform-v7/ActionFeedbackPreviewStrip.tsx,STANDARD,122,121,0,1,0,0,0,SURVIVING
apps/web/components/platform-v7/AiAssistantPanel.tsx,STANDARD,881,881,0,0,0,0,0,SURVIVING
apps/web/components/platform-v7/AirflowDagPanel.tsx,STANDARD,188,188,0,0,0,0,0,SURVIVING
apps/web/components/platform-v7/ArbitratorDisputeRoom.tsx,STANDARD,129,129,0,0,0,0,0,SURVIVING
apps/web/components/platform-v7/AuditLogPanel.tsx,STANDARD,160,160,0,0,0,0,0,SURVIVING
apps/web/components/platform-v7/AuditSurfaceSummary.tsx,STANDARD,149,148,0,1,0,0,0,SURVIVING
apps/web/components/platform-v7/AuditSurfaceSummaryGate.tsx,STANDARD,23,23,0,0,0,0,0,SURVIVING
apps/web/components/platform-v7/B2BPartnerApiPanel.tsx,STANDARD,115,115,0,0,0,0,0,SURVIVING
apps/web/components/platform-v7/BankBeneficiariesPanel.tsx,STANDARD,100,100,0,0,0,0,0,SURVIVING
apps/web/components/platform-v7/BankCompliancePilotPanel.tsx,STANDARD,149,149,0,0,0,0,0,SURVIVING
apps/web/components/platform-v7/BankManualReviewPanel.tsx,STANDARD,189,189,0,0,0,0,0,SURVIVING
apps/web/components/platform-v7/BankReconciliationPanel.tsx,STANDARD,142,142,0,0,0,0,0,SURVIVING
apps/web/components/platform-v7/BankSectionNav.tsx,STANDARD,113,113,0,0,0,0,0,SURVIVING
apps/web/components/platform-v7/BankSmartContractsPanel.tsx,STANDARD,141,140,0,1,0,0,0,SURVIVING
apps/web/components/platform-v7/BatonStrip.tsx,STANDARD,91,91,0,0,0,0,0,SURVIVING
apps/web/components/platform-v7/BuyerFavoritesPanel.tsx,STANDARD,284,284,0,0,0,0,0,SURVIVING
apps/web/components/platform-v7/BypassRiskBadge.tsx,STANDARD,10,10,0,0,0,0,0,SURVIVING
apps/web/components/platform-v7/CabinetContactDock.tsx,STANDARD,438,438,0,0,0,0,0,SURVIVING
apps/web/components/platform-v7/CalculatorHeaderWidget.tsx,STANDARD,461,461,0,0,0,0,0,SURVIVING
apps/web/components/platform-v7/CanonicalDealWorkspace.module.css,STANDARD,324,324,0,0,0,0,0,SURVIVING
apps/web/components/platform-v7/CanonicalDealWorkspace.tsx,STANDARD,464,464,0,0,0,0,0,SURVIVING
apps/web/components/platform-v7/CanonicalDealsList.module.css,STANDARD,322,322,0,0,0,0,0,SURVIVING
apps/web/components/platform-v7/CanonicalDealsList.tsx,STANDARD,682,682,0,0,0,0,0,SURVIVING
apps/web/components/platform-v7/ChatSupportWidget.tsx,STANDARD,583,583,0,0,0,0,0,SURVIVING
apps/web/components/platform-v7/CiCdPipelinePanel.tsx,STANDARD,121,121,0,0,0,0,0,SURVIVING
apps/web/components/platform-v7/ClickHouseAnalyticsPanel.tsx,STANDARD,54,54,0,0,0,0,0,SURVIVING
apps/web/components/platform-v7/CollapsibleSection.tsx,STANDARD,140,140,0,0,0,0,0,SURVIVING
apps/web/components/platform-v7/CommandPalette.tsx,STANDARD,212,212,0,0,0,0,0,SURVIVING
apps/web/components/platform-v7/CommissionCalculator.tsx,STANDARD,162,162,0,0,0,0,0,SURVIVING
apps/web/components/platform-v7/ConditionReasonStrip.tsx,STANDARD,74,74,0,0,0,0,0,SURVIVING
apps/web/components/platform-v7/ConnectionStageGate.tsx,STANDARD,14,14,0,0,0,0,0,SURVIVING
apps/web/components/platform-v7/ContactCopyNormalizer.tsx,STANDARD,10,10,0,0,0,0,0,SURVIVING
apps/web/components/platform-v7/ContactFixedHeader.tsx,STANDARD,64,59,5,0,0,0,0,SURVIVING
apps/web/components/platform-v7/ContactRevealGate.tsx,STANDARD,1,1,0,0,0,0,0,SURVIVING
apps/web/components/platform-v7/ContextualSupportOrAssistant.tsx,STANDARD,127,127,0,0,0,0,0,SURVIVING
apps/web/components/platform-v7/ControlTowerCharts.tsx,STANDARD,201,201,0,0,0,0,0,SURVIVING
apps/web/components/platform-v7/CoreWebVitalsPanel.tsx,STANDARD,125,125,0,0,0,0,0,SURVIVING
apps/web/components/platform-v7/CounterpartyScoringWidget.tsx,STANDARD,201,201,0,0,0,0,0,SURVIVING
apps/web/components/platform-v7/CreditBureauPanel.tsx,STANDARD,54,54,0,0,0,0,0,SURVIVING
apps/web/components/platform-v7/CryptoProSignStub.tsx,STANDARD,167,167,0,0,0,0,0,SURVIVING
apps/web/components/platform-v7/DealChangeHistory.tsx,STANDARD,57,57,0,0,0,0,0,SURVIVING
apps/web/components/platform-v7/DealCommandForm.module.css,STANDARD,368,368,0,0,0,0,0,SURVIVING
apps/web/components/platform-v7/DealCommandForm.tsx,STANDARD,602,602,0,0,0,0,0,SURVIVING
apps/web/components/platform-v7/DealEventHistoryPanel.tsx,STANDARD,140,140,0,0,0,0,0,SURVIVING
apps/web/components/platform-v7/DealGuaranteesBlock.tsx,STANDARD,132,132,0,0,0,0,0,SURVIVING
apps/web/components/platform-v7/DealSeal.tsx,STANDARD,235,235,0,0,0,0,0,SURVIVING
apps/web/components/platform-v7/DecisionPackMiniPanel.tsx,STANDARD,124,124,0,0,0,0,0,SURVIVING
apps/web/components/platform-v7/DecisionPackRoutePlacement.tsx,STANDARD,26,26,0,0,0,0,0,SURVIVING
apps/web/components/platform-v7/DecisionRecommendationStrip.tsx,STANDARD,106,106,0,0,0,0,0,SURVIVING
apps/web/components/platform-v7/DisasterRecoveryPanel.tsx,STANDARD,163,163,0,0,0,0,0,SURVIVING
apps/web/components/platform-v7/DisputeHoldCalculator.tsx,STANDARD,126,126,0,0,0,0,0,SURVIVING
apps/web/components/platform-v7/DocumentGateCard.tsx,STANDARD,42,42,0,0,0,0,0,SURVIVING
apps/web/components/platform-v7/DocumentPdfPreview.tsx,STANDARD,160,160,0,0,0,0,0,SURVIVING
apps/web/components/platform-v7/DocumentPreviewGate.tsx,STANDARD,14,14,0,0,0,0,0,SURVIVING
apps/web/components/platform-v7/DocumentReadinessMiniMatrix.tsx,STANDARD,141,141,0,0,0,0,0,SURVIVING
apps/web/components/platform-v7/DocumentTemplatesPanel.tsx,STANDARD,54,54,0,0,0,0,0,SURVIVING
apps/web/components/platform-v7/DocumentsMatrix.tsx,STANDARD,174,174,0,0,0,0,0,SURVIVING
apps/web/components/platform-v7/DocumentsMatrixActions.tsx,STANDARD,43,43,0,0,0,0,0,SURVIVING
apps/web/components/platform-v7/DocumentsTree.data.ts,STANDARD,41,41,0,0,0,0,0,SURVIVING
apps/web/components/platform-v7/DocumentsTree.tsx,STANDARD,201,201,0,0,0,0,0,SURVIVING
apps/web/components/platform-v7/DriverCameraCapture.tsx,STANDARD,193,193,0,0,0,0,0,SURVIVING
apps/web/components/platform-v7/DriverMissionRouteCard.tsx,STANDARD,131,131,0,0,0,0,0,SURVIVING
apps/web/components/platform-v7/DriverOfflineQueue.tsx,STANDARD,313,313,0,0,0,0,0,SURVIVING
apps/web/components/platform-v7/E2EDealSimulationPanel.tsx,STANDARD,112,112,0,0,0,0,0,SURVIVING
apps/web/components/platform-v7/EdoDocflowPanel.tsx,STANDARD,54,54,0,0,0,0,0,SURVIVING
apps/web/components/platform-v7/EmailTemplatePreview.tsx,STANDARD,35,35,0,0,0,0,0,SURVIVING
apps/web/components/platform-v7/EmptyState.tsx,STANDARD,50,50,0,0,0,0,0,SURVIVING
apps/web/components/platform-v7/EscrowPanel.tsx,STANDARD,54,54,0,0,0,0,0,SURVIVING
apps/web/components/platform-v7/EtranRzdPanel.tsx,STANDARD,86,86,0,0,0,0,0,SURVIVING
apps/web/components/platform-v7/EvidenceBundlePanel.tsx,STANDARD,52,52,0,0,0,0,0,SURVIVING
apps/web/components/platform-v7/EvidenceDecisionPanel.tsx,STANDARD,38,38,0,0,0,0,0,SURVIVING
apps/web/components/platform-v7/EvidencePack.tsx,STANDARD,168,168,0,0,0,0,0,SURVIVING
apps/web/components/platform-v7/EvidenceReadinessMiniMatrix.tsx,STANDARD,133,133,0,0,0,0,0,SURVIVING
apps/web/components/platform-v7/ExcelExportButton.tsx,STANDARD,194,194,0,0,0,0,0,SURVIVING
apps/web/components/platform-v7/ExecutionDesignSystem.module.css,STANDARD,366,366,0,0,0,0,0,SURVIVING
apps/web/components/platform-v7/ExecutionDesignSystem.tsx,STANDARD,235,235,0,0,0,0,0,SURVIVING
apps/web/components/platform-v7/ExecutionStopCard.tsx,STANDARD,23,23,0,0,0,0,0,SURVIVING
apps/web/components/platform-v7/ExecutiveSignalWall.tsx,STANDARD,80,80,0,0,0,0,0,SURVIVING
apps/web/components/platform-v7/ExternalCopyGuard.tsx,STANDARD,54,54,0,0,0,0,0,SURVIVING
apps/web/components/platform-v7/FactSourceBadge.tsx,STANDARD,32,32,0,0,0,0,0,SURVIVING
apps/web/components/platform-v7/FactoringPanel.tsx,STANDARD,167,167,0,0,0,0,0,SURVIVING
apps/web/components/platform-v7/FeatureFlagsDevPanel.tsx,STANDARD,137,137,0,0,0,0,0,SURVIVING
apps/web/components/platform-v7/FeatureFlagsPanel.tsx,STANDARD,128,128,0,0,0,0,0,SURVIVING
apps/web/components/platform-v7/FirstCustomerWorkspace.tsx,STANDARD,128,128,0,0,0,0,0,SURVIVING
apps/web/components/platform-v7/FraudDetectorPanel.tsx,STANDARD,54,54,0,0,0,0,0,SURVIVING
apps/web/components/platform-v7/FtsCustomsPanel.tsx,STANDARD,54,54,0,0,0,0,0,SURVIVING
apps/web/components/platform-v7/GostQualityForm.tsx,STANDARD,316,316,0,0,0,0,0,SURVIVING
apps/web/components/platform-v7/GpsGeofencePanel.tsx,STANDARD,54,54,0,0,0,0,0,SURVIVING
apps/web/components/platform-v7/GrainActionFeedbackPanel.tsx,STANDARD,122,122,0,0,0,0,0,SURVIVING
apps/web/components/platform-v7/GrainExecutionPage.tsx,STANDARD,2,2,0,0,0,0,0,SURVIVING
apps/web/components/platform-v7/GrainExecutionPageFixed.tsx,STANDARD,343,343,0,0,0,0,0,SURVIVING
apps/web/components/platform-v7/GrainReleaseCockpit.tsx,STANDARD,353,353,0,0,0,0,0,SURVIVING
apps/web/components/platform-v7/GrainWorkflowPage.tsx,STANDARD,41,41,0,0,0,0,0,SURVIVING
apps/web/components/platform-v7/GrossMarginPanel.tsx,STANDARD,52,52,0,0,0,0,0,SURVIVING
apps/web/components/platform-v7/HeaderLanguageSwitch.tsx,STANDARD,156,156,0,0,0,0,0,SURVIVING
apps/web/components/platform-v7/HeaderUtilityMenu.module.css,STANDARD,332,332,0,0,0,0,0,SURVIVING
apps/web/components/platform-v7/HeaderUtilityMenu.tsx,STANDARD,279,279,0,0,0,0,0,SURVIVING
apps/web/components/platform-v7/HealthStatusPanel.tsx,STANDARD,166,166,0,0,0,0,0,SURVIVING
apps/web/components/platform-v7/HydrationSafeChatSupport.tsx,STANDARD,117,117,0,0,0,0,0,SURVIVING
apps/web/components/platform-v7/ImplementationRoadmapPanel.tsx,STANDARD,180,180,0,0,0,0,0,SURVIVING
apps/web/components/platform-v7/IncotermsExportWidget.tsx,STANDARD,220,220,0,0,0,0,0,SURVIVING
apps/web/components/platform-v7/IntegrationEventLog.tsx,STANDARD,159,159,0,0,0,0,0,SURVIVING
apps/web/components/platform-v7/IntegrationStatusWidget.tsx,STANDARD,125,125,0,0,0,0,0,SURVIVING
apps/web/components/platform-v7/InvestorYieldSimulator.tsx,STANDARD,188,188,0,0,0,0,0,SURVIVING
apps/web/components/platform-v7/InvoiceGenerator.tsx,STANDARD,165,165,0,0,0,0,0,SURVIVING
apps/web/components/platform-v7/IoTWeighingPanel.tsx,STANDARD,54,54,0,0,0,0,0,SURVIVING
apps/web/components/platform-v7/JournalPreview.tsx,STANDARD,94,94,0,0,0,0,0,SURVIVING
apps/web/components/platform-v7/KafkaInfraPanel.tsx,STANDARD,177,177,0,0,0,0,0,SURVIVING
apps/web/components/platform-v7/KycQueuePanel.tsx,STANDARD,261,261,0,0,0,0,0,SURVIVING
apps/web/components/platform-v7/LabPhotoUpload.tsx,STANDARD,210,210,0,0,0,0,0,SURVIVING
apps/web/components/platform-v7/LedgerPanel.tsx,STANDARD,54,54,0,0,0,0,0,SURVIVING
apps/web/components/platform-v7/LegacyPublicMobileExperiencePolish.tsx,STANDARD,12,12,0,0,0,0,0,SURVIVING
apps/web/components/platform-v7/LiveApiStatusBar.tsx,STANDARD,195,34,0,161,0,0,0,SURVIVING
apps/web/components/platform-v7/LoadTestingPanel.tsx,STANDARD,150,150,0,0,0,0,0,SURVIVING
apps/web/components/platform-v7/LoginHeaderExitButton.tsx,STANDARD,50,50,0,0,0,0,0,SURVIVING
apps/web/components/platform-v7/LoginLegacyOverlay.tsx,STANDARD,78,54,24,0,0,0,0,SURVIVING
apps/web/components/platform-v7/LoginRestorePatch.tsx,STANDARD,29,29,0,0,0,0,0,SURVIVING
apps/web/components/platform-v7/ManualActionReasonsStrip.tsx,STANDARD,64,64,0,0,0,0,0,SURVIVING
apps/web/components/platform-v7/MlPricePredictorPanel.tsx,STANDARD,54,54,0,0,0,0,0,SURVIVING
apps/web/components/platform-v7/MoneyGateCard.tsx,STANDARD,64,64,0,0,0,0,0,SURVIVING
apps/web/components/platform-v7/MoneyImpactSummaryStrip.tsx,STANDARD,106,106,0,0,0,0,0,SURVIVING
apps/web/components/platform-v7/MoneyLifecyclePanel.tsx,STANDARD,54,54,0,0,0,0,0,SURVIVING
apps/web/components/platform-v7/MoneySpineStrip.tsx,STANDARD,87,87,0,0,0,0,0,SURVIVING
apps/web/components/platform-v7/MoneyTreeStrip.tsx,STANDARD,44,44,0,0,0,0,0,SURVIVING
apps/web/components/platform-v7/MultiTenancyPanel.tsx,STANDARD,52,52,0,0,0,0,0,SURVIVING
apps/web/components/platform-v7/NextActionCard.tsx,STANDARD,2,2,0,0,0,0,0,SURVIVING
apps/web/components/platform-v7/NextActorCard.tsx,STANDARD,14,14,0,0,0,0,0,SURVIVING
apps/web/components/platform-v7/NotepadHeaderWidget.tsx,STANDARD,97,97,0,0,0,0,0,SURVIVING
apps/web/components/platform-v7/ObservabilityPanel.tsx,STANDARD,189,189,0,0,0,0,0,SURVIVING
apps/web/components/platform-v7/OnboardingTour.tsx,STANDARD,137,137,0,0,0,0,0,SURVIVING
apps/web/components/platform-v7/OpaAbacPanel.tsx,STANDARD,52,52,0,0,0,0,0,SURVIVING
apps/web/components/platform-v7/OpenLoginApiRecoveryPatch.tsx,STANDARD,421,421,0,0,0,0,0,SURVIVING
apps/web/components/platform-v7/OpenLoginFinalVisualFix.tsx,STANDARD,123,123,0,0,0,0,0,SURVIVING
apps/web/components/platform-v7/OpenLoginPolishPatch.tsx,STANDARD,26,26,0,0,0,0,0,SURVIVING
apps/web/components/platform-v7/OpenLoginShellPatch.tsx,STANDARD,132,132,0,0,0,0,0,SURVIVING
apps/web/components/platform-v7/OpenLoginTopNote.tsx,STANDARD,1,1,0,0,0,0,0,SURVIVING
apps/web/components/platform-v7/OperatorBypassQueue.tsx,STANDARD,18,18,0,0,0,0,0,SURVIVING
apps/web/components/platform-v7/OperatorInboxPanel.tsx,STANDARD,320,320,0,0,0,0,0,SURVIVING
apps/web/components/platform-v7/OperatorKpiDashboard.tsx,STANDARD,131,131,0,0,0,0,0,SURVIVING
apps/web/components/platform-v7/OrganizationAccessShell.module.css,STANDARD,83,83,0,0,0,0,0,SURVIVING
apps/web/components/platform-v7/OrganizationAccessShell.tsx,STANDARD,63,63,0,0,0,0,0,SURVIVING
apps/web/components/platform-v7/OrganizationConnectForm.module.css,STANDARD,124,124,0,0,0,0,0,SURVIVING
apps/web/components/platform-v7/OrganizationConnectForm.tsx,STANDARD,279,279,0,0,0,0,0,SURVIVING
apps/web/components/platform-v7/P7ActionButton.tsx,STANDARD,134,134,0,0,0,0,0,SURVIVING
apps/web/components/platform-v7/P7ActionFeedbackStrip.tsx,STANDARD,68,67,0,1,0,0,0,SURVIVING
apps/web/components/platform-v7/P7ActionLog.tsx,STANDARD,82,82,0,0,0,0,0,SURVIVING
apps/web/components/platform-v7/P7ActionStateChip.tsx,STANDARD,84,84,0,0,0,0,0,SURVIVING
apps/web/components/platform-v7/P7Badge.tsx,STANDARD,29,29,0,0,0,0,0,SURVIVING
apps/web/components/platform-v7/P7Card.tsx,STANDARD,62,62,0,0,0,0,0,SURVIVING
apps/web/components/platform-v7/P7DealSpine.tsx,STANDARD,86,86,0,0,0,0,0,SURVIVING
apps/web/components/platform-v7/P7DealWorkspaceRuntimeActionButton.tsx,STANDARD,107,107,0,0,0,0,0,SURVIVING
apps/web/components/platform-v7/P7DealWorkspaceTabs.tsx,STANDARD,304,304,0,0,0,0,0,SURVIVING
apps/web/components/platform-v7/P7EvidenceProjectionPanel.tsx,STANDARD,56,56,0,0,0,0,0,SURVIVING
apps/web/components/platform-v7/P7EvidenceReadinessAuditStrip.tsx,STANDARD,57,53,0,4,0,0,0,SURVIVING
apps/web/components/platform-v7/P7ExecutionActionsPanel.tsx,STANDARD,210,210,0,0,0,0,0,SURVIVING
apps/web/components/platform-v7/P7ExecutionMachineReadOnlyStrip.tsx,STANDARD,92,92,0,0,0,0,0,SURVIVING
apps/web/components/platform-v7/P7FgisRuntimeCheckPanel.tsx,STANDARD,108,108,0,0,0,0,0,SURVIVING
apps/web/components/platform-v7/P7GuardedActionButton.tsx,STANDARD,64,64,0,0,0,0,0,SURVIVING
apps/web/components/platform-v7/P7Hero.tsx,STANDARD,88,88,0,0,0,0,0,SURVIVING
apps/web/components/platform-v7/P7HiddenDetails.tsx,STANDARD,78,78,0,0,0,0,0,SURVIVING
apps/web/components/platform-v7/P7MetricCard.tsx,STANDARD,72,72,0,0,0,0,0,SURVIVING
apps/web/components/platform-v7/P7MetricLinkCard.tsx,STANDARD,28,28,0,0,0,0,0,SURVIVING
apps/web/components/platform-v7/P7MoneySafetyAuditStrip.tsx,STANDARD,104,102,0,2,0,0,0,SURVIVING
apps/web/components/platform-v7/P7Page.tsx,STANDARD,90,90,0,0,0,0,0,SURVIVING
apps/web/components/platform-v7/P7PersistenceQueueStatus.tsx,STANDARD,77,68,0,9,0,0,0,SURVIVING
apps/web/components/platform-v7/P7Section.tsx,STANDARD,87,87,0,0,0,0,0,SURVIVING
apps/web/components/platform-v7/P7Toolbar.tsx,STANDARD,33,33,0,0,0,0,0,SURVIVING
apps/web/components/platform-v7/P7UiPrimitives.tsx,STANDARD,171,171,0,0,0,0,0,SURVIVING
apps/web/components/platform-v7/PaymentHeatmap.data.ts,STANDARD,18,18,0,0,0,0,0,SURVIVING
apps/web/components/platform-v7/PaymentHeatmap.tsx,STANDARD,130,130,0,0,0,0,0,SURVIVING
apps/web/components/platform-v7/PhotoUpload.tsx,STANDARD,255,255,0,0,0,0,0,SURVIVING
apps/web/components/platform-v7/PlatformFooter.tsx,STANDARD,88,88,0,0,0,0,0,SURVIVING
apps/web/components/platform-v7/PlatformTooltip.tsx,STANDARD,46,46,0,0,0,0,0,SURVIVING
apps/web/components/platform-v7/PlatformV7AccountingClosureValue.module.css,STANDARD,458,458,0,0,0,0,0,SURVIVING
apps/web/components/platform-v7/PlatformV7AccountingClosureValue.tsx,STANDARD,101,101,0,0,0,0,0,SURVIVING
apps/web/components/platform-v7/PlatformV7DesignSystemV8Runtime.tsx,STANDARD,16,16,0,0,0,0,0,SURVIVING
apps/web/components/platform-v7/PlatformV7DictionaryRefresh.tsx,STANDARD,18,18,0,0,0,0,0,SURVIVING
apps/web/components/platform-v7/PlatformV7HomeEnhancements.module.css,STANDARD,345,345,0,0,0,0,0,SURVIVING
apps/web/components/platform-v7/PlatformV7HomeEnhancements.tsx,STANDARD,105,90,0,0,15,0,0,SURVIVING
apps/web/components/platform-v7/PlatformV7HomeFinalPolish.css,STANDARD,875,875,0,0,0,0,0,SURVIVING
apps/web/components/platform-v7/PlatformV7HomeMobileDensity.css,STANDARD,419,419,0,0,0,0,0,SURVIVING
apps/web/components/platform-v7/PlatformV7LayoutClient.tsx,STANDARD,64,64,0,0,0,0,0,SURVIVING
apps/web/components/platform-v7/PlatformV7LeadCapture.tsx,STANDARD,72,72,0,0,0,0,0,SURVIVING
apps/web/components/platform-v7/PlatformV7ProtectedRuntime.tsx,STANDARD,32,32,0,0,0,0,0,SURVIVING
apps/web/components/platform-v7/PlatformV7ProtectedShell.module.css,STANDARD,229,229,0,0,0,0,0,SURVIVING
apps/web/components/platform-v7/PlatformV7ProtectedShell.tsx,STANDARD,205,167,0,0,38,0,0,SURVIVING
apps/web/components/platform-v7/PlatformV7ShellSwitch.tsx,STANDARD,43,41,0,0,2,0,0,SURVIVING
apps/web/components/platform-v7/PlatformV7ShellUxController.module.css,STANDARD,311,311,0,0,0,0,0,SURVIVING
apps/web/components/platform-v7/PlatformV7ShellUxController.tsx,STANDARD,226,225,1,0,0,0,0,SURVIVING
apps/web/components/platform-v7/PlatformV7SingleEntryGuard.tsx,STANDARD,22,22,0,0,0,0,0,SURVIVING
apps/web/components/platform-v7/PlatformV7StrategicHome.tsx,STANDARD,550,544,6,0,0,0,0,SURVIVING
apps/web/components/platform-v7/PlatformV7StrategicHomeInternational.tsx,STANDARD,12,12,0,0,0,0,0,SURVIVING
apps/web/components/platform-v7/PlatformV7StrategicHomeMobileProof.module.css,STANDARD,104,104,0,0,0,0,0,SURVIVING
apps/web/components/platform-v7/PlatformV7StrategicHomeStory.module.css,STANDARD,2443,2362,81,0,0,0,0,SURVIVING
apps/web/components/platform-v7/PlatformV7StructuredData.tsx,STANDARD,45,45,0,0,0,0,0,SURVIVING
apps/web/components/platform-v7/PlatformV7TranslationRuntimeBridge.tsx,STANDARD,135,135,0,0,0,0,0,SURVIVING
apps/web/components/platform-v7/PostgresMigrationPanel.tsx,STANDARD,155,155,0,0,0,0,0,SURVIVING
apps/web/components/platform-v7/PriceChart.tsx,STANDARD,198,198,0,0,0,0,0,SURVIVING
apps/web/components/platform-v7/PricePredictorWidget.tsx,STANDARD,149,149,0,0,0,0,0,SURVIVING
apps/web/components/platform-v7/PrivacyPortalPanel.tsx,STANDARD,104,104,0,0,0,0,0,SURVIVING
apps/web/components/platform-v7/PrivateAssistantShortcutLabel.module.css,STANDARD,104,104,0,0,0,0,0,SURVIVING
apps/web/components/platform-v7/PrivateAssistantShortcutLabel.tsx,STANDARD,52,52,0,0,0,0,0,SURVIVING
apps/web/components/platform-v7/ProductionReadinessPanel.tsx,STANDARD,125,125,0,0,0,0,0,SURVIVING
apps/web/components/platform-v7/ProvenanceStamp.tsx,STANDARD,100,100,0,0,0,0,0,SURVIVING
apps/web/components/platform-v7/PublicActionLinkGuard.tsx,STANDARD,34,34,0,0,0,0,0,SURVIVING
apps/web/components/platform-v7/PublicAiGovernanceStrip.tsx,STANDARD,32,32,0,0,0,0,0,SURVIVING
apps/web/components/platform-v7/PublicAiInActionExperience.module.css,STANDARD,1587,1587,0,0,0,0,0,SURVIVING
apps/web/components/platform-v7/PublicAiInActionExperience.tsx,STANDARD,897,897,0,0,0,0,0,SURVIVING
apps/web/components/platform-v7/PublicAiInActionSimpleExperience.module.css,STANDARD,959,959,0,0,0,0,0,SURVIVING
apps/web/components/platform-v7/PublicAiInActionSimpleExperience.tsx,STANDARD,329,329,0,0,0,0,0,SURVIVING
apps/web/components/platform-v7/PublicAiMarketingBlock.module.css,STANDARD,337,337,0,0,0,0,0,SURVIVING
apps/web/components/platform-v7/PublicAiMarketingBlock.tsx,STANDARD,238,238,0,0,0,0,0,SURVIVING
apps/web/components/platform-v7/PublicAssistantAttachmentBridge.tsx,STANDARD,123,123,0,0,0,0,0,SURVIVING
apps/web/components/platform-v7/PublicAssistantAttachmentPicker.tsx,STANDARD,135,135,0,0,0,0,0,SURVIVING
apps/web/components/platform-v7/PublicAssistantMobileLayoutAuthority.tsx,STANDARD,527,527,0,0,0,0,0,SURVIVING
apps/web/components/platform-v7/PublicContactDock.tsx,STANDARD,350,343,0,0,7,0,0,SURVIVING
apps/web/components/platform-v7/PublicContextualAssistantPrompts.tsx,STANDARD,78,71,7,0,0,0,0,SURVIVING
apps/web/components/platform-v7/PublicDealEntryGate.tsx,STANDARD,178,178,0,0,0,0,0,SURVIVING
apps/web/components/platform-v7/PublicDealExplorer.tsx,STANDARD,515,515,0,0,0,0,0,SURVIVING
apps/web/components/platform-v7/PublicDealExplorerV4.tsx,STANDARD,477,477,0,0,0,0,0,SURVIVING
apps/web/components/platform-v7/PublicDealIntelligencePanel.tsx,STANDARD,109,109,0,0,0,0,0,SURVIVING
apps/web/components/platform-v7/PublicDealPreview.tsx,STANDARD,157,157,0,0,0,0,0,SURVIVING
apps/web/components/platform-v7/PublicDealRoleScenario.module.css,STANDARD,600,600,0,0,0,0,0,SURVIVING
apps/web/components/platform-v7/PublicDealRoleScenario.tsx,STANDARD,543,543,0,0,0,0,0,SURVIVING
apps/web/components/platform-v7/PublicEntryInteractiveTour.tsx,STANDARD,391,391,0,0,0,0,0,SURVIVING
apps/web/components/platform-v7/PublicEvidenceIntelligencePanel.tsx,STANDARD,126,126,0,0,0,0,0,SURVIVING
apps/web/components/platform-v7/PublicExperienceAnalytics.tsx,STANDARD,70,70,0,0,0,0,0,SURVIVING
apps/web/components/platform-v7/PublicExperienceIcon.tsx,STANDARD,104,104,0,0,0,0,0,SURVIVING
apps/web/components/platform-v7/PublicGovernmentDataContour.tsx,STANDARD,181,181,0,0,0,0,0,SURVIVING
apps/web/components/platform-v7/PublicGovernmentSourceResult.tsx,STANDARD,78,78,0,0,0,0,0,SURVIVING
apps/web/components/platform-v7/PublicHeroCopyNormalizer.tsx,STANDARD,515,515,0,0,0,0,0,SURVIVING
apps/web/components/platform-v7/PublicHeroIntelligenceStatus.tsx,STANDARD,98,98,0,0,0,0,0,SURVIVING
apps/web/components/platform-v7/PublicLinkedSurfaceShell.tsx,STANDARD,41,41,0,0,0,0,0,SURVIVING
apps/web/components/platform-v7/PublicLocaleLink.tsx,STANDARD,47,46,0,0,1,0,0,SURVIVING
apps/web/components/platform-v7/PublicLocaleSwitch.tsx,STANDARD,47,47,0,0,0,0,0,SURVIVING
apps/web/components/platform-v7/PublicMarketTeaser.module.css,STANDARD,271,271,0,0,0,0,0,SURVIVING
apps/web/components/platform-v7/PublicMarketTeaser.tsx,STANDARD,230,230,0,0,0,0,0,SURVIVING
apps/web/components/platform-v7/PublicMobileExperiencePolish.css,STANDARD,38,38,0,0,0,0,0,SURVIVING
apps/web/components/platform-v7/PublicPlatformAssistant.tsx,STANDARD,1048,906,142,0,0,0,0,SURVIVING
apps/web/components/platform-v7/PublicQuestionBlock.tsx,STANDARD,40,40,0,0,0,0,0,SURVIVING
apps/web/components/platform-v7/PublicRoleIntelligenceSummary.tsx,STANDARD,69,69,0,0,0,0,0,SURVIVING
apps/web/components/platform-v7/PublicSiteHeader.tsx,STANDARD,534,433,101,0,0,0,0,SURVIVING
apps/web/components/platform-v7/PublicStageIntelligenceCoverage.tsx,STANDARD,93,93,0,0,0,0,0,SURVIVING
apps/web/components/platform-v7/PublicTourControlPatch.tsx,STANDARD,143,143,0,0,0,0,0,SURVIVING
apps/web/components/platform-v7/PushNotificationBanner.tsx,STANDARD,223,223,0,0,0,0,0,SURVIVING
apps/web/components/platform-v7/PushNotificationManager.tsx,STANDARD,162,162,0,0,0,0,0,SURVIVING
apps/web/components/platform-v7/PwaOfflinePanel.tsx,STANDARD,54,54,0,0,0,0,0,SURVIVING
apps/web/components/platform-v7/QualityDeltaBars.tsx,STANDARD,111,111,0,0,0,0,0,SURVIVING
apps/web/components/platform-v7/QualityGatePanel.tsx,STANDARD,155,155,0,0,0,0,0,SURVIVING
apps/web/components/platform-v7/QualityWeightPilotPanel.tsx,STANDARD,117,117,0,0,0,0,0,SURVIVING
apps/web/components/platform-v7/RailwayLogisticsPanel.tsx,STANDARD,54,54,0,0,0,0,0,SURVIVING
apps/web/components/platform-v7/RbacCabinetGuard.tsx,STANDARD,25,25,0,0,0,0,0,SURVIVING
apps/web/components/platform-v7/RbacGuard.tsx,STANDARD,91,91,0,0,0,0,0,SURVIVING
apps/web/components/platform-v7/RbacMatrix.tsx,STANDARD,52,52,0,0,0,0,0,SURVIVING
apps/web/components/platform-v7/RecentlyViewedWidget.tsx,STANDARD,91,91,0,0,0,0,0,SURVIVING
apps/web/components/platform-v7/ReleasePipelineStrip.tsx,STANDARD,195,195,0,0,0,0,0,SURVIVING
apps/web/components/platform-v7/RoleAssistantWidget.module.css,STANDARD,57,57,0,0,0,0,0,SURVIVING
apps/web/components/platform-v7/RoleAssistantWidget.tsx,STANDARD,40,40,0,0,0,0,0,SURVIVING
apps/web/components/platform-v7/RoleCockpitLoading.tsx,STANDARD,39,39,0,0,0,0,0,SURVIVING
apps/web/components/platform-v7/RoleExecutionCockpit.tsx,STANDARD,129,129,0,0,0,0,0,SURVIVING
apps/web/components/platform-v7/RoleExecutionHandoff.tsx,STANDARD,94,94,0,0,0,0,0,SURVIVING
apps/web/components/platform-v7/RoleExecutionSummary.tsx,STANDARD,513,512,0,1,0,0,0,SURVIVING
apps/web/components/platform-v7/RoleHeaderSwitcher.tsx,STANDARD,204,204,0,0,0,0,0,SURVIVING
apps/web/components/platform-v7/RoleIntentDashboard.module.css,STANDARD,280,280,0,0,0,0,0,SURVIVING
apps/web/components/platform-v7/RoleIntentDashboard.tsx,STANDARD,462,462,0,0,0,0,0,SURVIVING
apps/web/components/platform-v7/RoleLensGate.tsx,STANDARD,20,20,0,0,0,0,0,SURVIVING
apps/web/components/platform-v7/RoleRouteHint.tsx,STANDARD,28,28,0,0,0,0,0,SURVIVING
apps/web/components/platform-v7/RoleSwitcherBottomSheet.tsx,STANDARD,88,88,0,0,0,0,0,SURVIVING
apps/web/components/platform-v7/RoleWorkspaceHint.tsx,STANDARD,21,21,0,0,0,0,0,SURVIVING
apps/web/components/platform-v7/RosselhoznadzorPanel.tsx,STANDARD,54,54,0,0,0,0,0,SURVIVING
apps/web/components/platform-v7/RouteMapStub.tsx,STANDARD,181,181,0,0,0,0,0,SURVIVING
apps/web/components/platform-v7/SagaOrchestratorPanel.tsx,STANDARD,54,54,0,0,0,0,0,SURVIVING
apps/web/components/platform-v7/SalesFunnelChart.tsx,STANDARD,112,112,0,0,0,0,0,SURVIVING
apps/web/components/platform-v7/SecureDealChat.tsx,STANDARD,17,17,0,0,0,0,0,SURVIVING
apps/web/components/platform-v7/SecurityAttackPanel.tsx,STANDARD,54,54,0,0,0,0,0,SURVIVING
apps/web/components/platform-v7/SellerInlineLotEditor.tsx,STANDARD,224,224,0,0,0,0,0,SURVIVING
apps/web/components/platform-v7/SellerWorkspaceV2.tsx,STANDARD,40,40,0,0,0,0,0,SURVIVING
apps/web/components/platform-v7/Skeleton.tsx,STANDARD,34,34,0,0,0,0,0,SURVIVING
apps/web/components/platform-v7/SloSlaPanel.tsx,STANDARD,78,78,0,0,0,0,0,SURVIVING
apps/web/components/platform-v7/SsoSamlPanel.tsx,STANDARD,122,122,0,0,0,0,0,SURVIVING
apps/web/components/platform-v7/StaffControlCenterEntry.tsx,STANDARD,78,78,0,0,0,0,0,SURVIVING
apps/web/components/platform-v7/SupportCaseDetailPage.tsx,STANDARD,152,152,0,0,0,0,0,SURVIVING
apps/web/components/platform-v7/SupportCaseRouteClient.tsx,STANDARD,36,36,0,0,0,0,0,SURVIVING
apps/web/components/platform-v7/SupportCaseView.tsx,STANDARD,52,51,0,1,0,0,0,SURVIVING
apps/web/components/platform-v7/SupportEntry.tsx,STANDARD,15,15,0,0,0,0,0,SURVIVING
apps/web/components/platform-v7/SupportHeaderIcon.tsx,STANDARD,78,78,0,0,0,0,0,SURVIVING
apps/web/components/platform-v7/SupportIndexPage.tsx,STANDARD,90,90,0,0,0,0,0,SURVIVING
apps/web/components/platform-v7/SupportNewCaseClient.tsx,STANDARD,109,108,0,1,0,0,0,SURVIVING
apps/web/components/platform-v7/SupportNewCaseScopedClient.tsx,STANDARD,96,96,0,0,0,0,0,SURVIVING
apps/web/components/platform-v7/SupportOperatorQueueClient.tsx,STANDARD,104,101,0,3,0,0,0,SURVIVING
apps/web/components/platform-v7/SupportOpsPanel.tsx,STANDARD,86,86,0,0,0,0,0,SURVIVING
apps/web/components/platform-v7/SyntheticMonitoringPanel.tsx,STANDARD,162,162,0,0,0,0,0,SURVIVING
apps/web/components/platform-v7/SystemRouteSummary.tsx,STANDARD,231,229,0,2,0,0,0,SURVIVING
apps/web/components/platform-v7/TelegramBotPanel.tsx,STANDARD,184,184,0,0,0,0,0,SURVIVING
apps/web/components/platform-v7/TestModeSystemsPanel.tsx,STANDARD,42,42,0,0,0,0,0,SURVIVING
apps/web/components/platform-v7/UnifiedModalSheetFullscreenController.tsx,STANDARD,579,578,0,0,1,0,0,SURVIVING
apps/web/components/platform-v7/UnitEconomicsPassport.tsx,STANDARD,176,176,0,0,0,0,0,SURVIVING
apps/web/components/platform-v7/UxFinalQuietLayer.tsx,STANDARD,3,3,0,0,0,0,0,SURVIVING
apps/web/components/platform-v7/V7CacheGuard.tsx,STANDARD,36,36,0,0,0,0,0,SURVIVING
apps/web/components/platform-v7/V7ContactExactPatch.tsx,STANDARD,131,131,0,0,0,0,0,SURVIVING
apps/web/components/platform-v7/VerificationBadge.tsx,STANDARD,168,168,0,0,0,0,0,SURVIVING
apps/web/components/platform-v7/WaitingForConfirmationCard.tsx,STANDARD,20,20,0,0,0,0,0,SURVIVING
apps/web/components/platform-v7/WeatherWidget.tsx,STANDARD,51,51,0,0,0,0,0,SURVIVING
apps/web/components/platform-v7/WebAuthnPanel.tsx,STANDARD,52,52,0,0,0,0,0,SURVIVING
apps/web/components/platform-v7/WebhookSecurityPanel.tsx,STANDARD,223,223,0,0,0,0,0,SURVIVING
apps/web/components/platform-v7/WeighStationPanel.tsx,STANDARD,71,71,0,0,0,0,0,SURVIVING
apps/web/components/platform-v7/WidgetCard.tsx,STANDARD,66,66,0,0,0,0,0,SURVIVING
apps/web/components/platform-v7/WorkRouteNav.tsx,STANDARD,138,138,0,0,0,0,0,SURVIVING
apps/web/components/platform-v7/WorkStepGuide.module.css,STANDARD,23,23,0,0,0,0,0,SURVIVING
apps/web/components/platform-v7/WorkStepGuide.tsx,STANDARD,184,184,0,0,0,0,0,SURVIVING
apps/web/components/platform-v7/WorkflowActionPanel.tsx,STANDARD,206,206,0,0,0,0,0,SURVIVING
apps/web/components/platform-v7/__tests__/PlatformV7LeadCapture.contract.test.tsx,STANDARD,42,42,0,0,0,0,0,SURVIVING
apps/web/components/platform-v7/p7Theme.ts,STANDARD,58,58,0,0,0,0,0,SURVIVING
apps/web/components/platform-v7/premium/CockpitHero.tsx,STANDARD,45,45,0,0,0,0,0,SURVIVING
apps/web/components/platform-v7/premium/DonutGauge.tsx,STANDARD,68,68,0,0,0,0,0,SURVIVING
apps/web/components/platform-v7/premium/ExecutionUi.module.css,STANDARD,946,946,0,0,0,0,0,SURVIVING
apps/web/components/platform-v7/premium/ExecutionUi.tsx,STANDARD,216,216,0,0,0,0,0,SURVIVING
apps/web/components/platform-v7/premium/OfflineSyncBanner.tsx,STANDARD,27,27,0,0,0,0,0,SURVIVING
apps/web/components/platform-v7/premium/PremiumCtaButton.tsx,STANDARD,50,50,0,0,0,0,0,SURVIVING
apps/web/components/platform-v7/premium/PremiumStatCard.tsx,STANDARD,25,25,0,0,0,0,0,SURVIVING
apps/web/components/platform-v7/premium/ProcessStepper.tsx,STANDARD,19,19,0,0,0,0,0,SURVIVING
apps/web/components/platform-v7/premium/StatusPill.tsx,STANDARD,20,20,0,0,0,0,0,SURVIVING
apps/web/components/platform-v7/premium/TrendSparkline.tsx,STANDARD,72,72,0,0,0,0,0,SURVIVING
apps/web/components/platform-v7/premium/icons.tsx,STANDARD,129,129,0,0,0,0,0,SURVIVING
apps/web/components/platform-v7/premium/index.ts,STANDARD,9,9,0,0,0,0,0,SURVIVING
apps/web/components/platform-v7/staff/OwnerAccessCenter.module.css,STANDARD,683,683,0,0,0,0,0,SURVIVING
apps/web/components/platform-v7/staff/OwnerAccessCenter.tsx,STANDARD,4,4,0,0,0,0,0,SURVIVING
apps/web/components/platform-v7/staff/OwnerAccessCenterV2.tsx,STANDARD,663,663,0,0,0,0,0,SURVIVING
apps/web/components/platform-v7/staff/OwnerAccessCenterV3.module.css,STANDARD,292,292,0,0,0,0,0,SURVIVING
apps/web/components/platform-v7/staff/OwnerAccessCenterV3.tsx,STANDARD,308,308,0,0,0,0,0,SURVIVING
apps/web/components/platform-v7/staff/OwnerAccessCenterV4.module.css,STANDARD,91,91,0,0,0,0,0,SURVIVING
apps/web/components/platform-v7/staff/OwnerAccessCenterV4.tsx,STANDARD,250,250,0,0,0,0,0,SURVIVING
apps/web/components/platform-v7/staff/OwnerCabinetHandoff.tsx,STANDARD,75,75,0,0,0,0,0,SURVIVING
apps/web/components/platform-v7/staff/RegistrationReviewQueue.module.css,STANDARD,85,85,0,0,0,0,0,SURVIVING
apps/web/components/platform-v7/staff/RegistrationReviewQueue.tsx,STANDARD,542,542,0,0,0,0,0,SURVIVING
apps/web/components/platform-v7/staff/StaffControlCenter.module.css,STANDARD,260,259,0,0,1,0,0,SURVIVING
apps/web/components/platform-v7/staff/StaffControlCenter.tsx,STANDARD,664,606,0,0,58,0,0,SURVIVING
apps/web/components/platform-v7/staff/StaffCriticalActionRequestForm.tsx,STANDARD,100,100,0,0,0,0,0,SURVIVING
apps/web/components/platform-v7/staff/StaffOperationalWorkspaces.module.css,STANDARD,12,12,0,0,0,0,0,SURVIVING
apps/web/components/platform-v7/staff/StaffOperationalWorkspaces.tsx,STANDARD,283,238,0,0,45,0,0,SURVIVING
apps/web/components/platform-v7/staff/StaffOperationalWorkspacesDeferred.tsx,STANDARD,55,55,0,0,0,0,0,SURVIVING
apps/web/components/platform-v7/staff/StaffPlatformShell.module.css,STANDARD,160,160,0,0,0,0,0,SURVIVING
apps/web/components/platform-v7/staff/StaffPlatformShell.tsx,STANDARD,85,85,0,0,0,0,0,SURVIVING
apps/web/components/platform-v7/staff/StaffShellRuntime.tsx,STANDARD,41,41,0,0,0,0,0,SURVIVING
apps/web/components/platform-v7/staff/StaffSupportCaseWorkspace.tsx,STANDARD,252,248,0,0,4,0,0,SURVIVING
apps/web/components/platform-v7/visual/ActionPreview.tsx,STANDARD,294,2,0,292,0,0,0,SURVIVING
apps/web/components/platform-v7/visual/AfterActionReceipt.tsx,STANDARD,201,0,0,201,0,0,0,SURVIVING
apps/web/components/platform-v7/visual/BankCleanView.tsx,STANDARD,281,6,0,275,0,0,0,SURVIVING
apps/web/components/platform-v7/visual/CauseLine.tsx,STANDARD,321,4,0,317,0,0,0,SURVIVING
apps/web/components/platform-v7/visual/DealMiniMap.tsx,STANDARD,254,4,0,250,0,0,0,SURVIVING
apps/web/components/platform-v7/visual/DealStatusEdge.tsx,STANDARD,105,0,0,105,0,0,0,SURVIVING
apps/web/components/platform-v7/visual/DealWorkspaceVisualLayer.tsx,STANDARD,337,2,0,335,0,0,0,SURVIVING
apps/web/components/platform-v7/visual/DocumentImpactChip.tsx,STANDARD,137,1,0,136,0,0,0,SURVIVING
apps/web/components/platform-v7/visual/DriverBigTileIsland.tsx,STANDARD,37,3,0,34,0,0,0,SURVIVING
apps/web/components/platform-v7/visual/DriverBigTileMode.tsx,STANDARD,257,5,0,252,0,0,0,SURVIVING
apps/web/components/platform-v7/visual/EvidenceStrengthMeter.tsx,STANDARD,260,7,0,253,0,0,0,SURVIVING
apps/web/components/platform-v7/visual/ExecutionHeader.tsx,STANDARD,256,3,0,253,0,0,0,SURVIVING
apps/web/components/platform-v7/visual/FocusDetailMode.tsx,STANDARD,97,1,0,96,0,0,0,SURVIVING
apps/web/components/platform-v7/visual/MagneticActionDock.tsx,STANDARD,206,3,0,203,0,0,0,SURVIVING
apps/web/components/platform-v7/visual/MobileExecutionHeader.tsx,STANDARD,189,1,0,188,0,0,0,SURVIVING
apps/web/components/platform-v7/visual/MoneyLockHalo.tsx,STANDARD,199,3,0,196,0,0,0,SURVIVING
apps/web/components/platform-v7/visual/ObjectFocusHover.tsx,STANDARD,226,1,0,225,0,0,0,SURVIVING
apps/web/components/platform-v7/visual/OperatorRadar.tsx,STANDARD,214,6,0,208,0,0,0,SURVIVING
apps/web/components/platform-v7/visual/OperatorRadarIsland.tsx,STANDARD,49,0,0,49,0,0,0,SURVIVING
apps/web/components/platform-v7/visual/ProgressiveDetailCard.tsx,STANDARD,223,2,0,221,0,0,0,SURVIVING
apps/web/components/platform-v7/visual/ProofRibbon.tsx,STANDARD,178,1,0,177,0,0,0,SURVIVING
apps/web/components/platform-v7/visual/QuietIntelligenceHint.tsx,STANDARD,104,6,0,98,0,0,0,SURVIVING
apps/web/components/platform-v7/visual/RoleLens.tsx,STANDARD,155,0,0,155,0,0,0,SURVIVING
apps/web/components/platform-v7/visual/SmartSectionSummary.tsx,STANDARD,159,2,0,157,0,0,0,SURVIVING
apps/web/components/platform-v7/visual/TimelineChapters.tsx,STANDARD,276,5,0,271,0,0,0,SURVIVING
apps/web/components/platform-v7/visual/TimelineWithImpact.tsx,STANDARD,217,4,0,213,0,0,0,SURVIVING
apps/web/components/platform-v7/visual/TrustDot.tsx,STANDARD,172,1,0,171,0,0,0,SURVIVING
apps/web/components/platform-v7/visual/UnlockPath.tsx,STANDARD,253,3,0,250,0,0,0,SURVIVING
apps/web/components/platform-v7/visual/index.ts,STANDARD,85,0,0,85,0,0,0,SURVIVING
apps/web/components/process-lane.tsx,STANDARD,20,0,20,0,0,0,0,NONE_SURVIVING
apps/web/components/receiving-queue-console.tsx,STANDARD,45,0,45,0,0,0,0,NONE_SURVIVING
apps/web/components/receiving-release-gate.tsx,STANDARD,52,0,52,0,0,0,0,NONE_SURVIVING
apps/web/components/receiving-slot-console.tsx,STANDARD,67,0,67,0,0,0,0,NONE_SURVIVING
apps/web/components/release-readiness-card.tsx,STANDARD,21,0,21,0,0,0,0,NONE_SURVIVING
apps/web/components/repeat-lot-button.tsx,STANDARD,5,0,5,0,0,0,0,NONE_SURVIVING
apps/web/components/role-current-focus-card.tsx,STANDARD,25,0,25,0,0,0,0,NONE_SURVIVING
apps/web/components/role-handoff-board.tsx,STANDARD,15,0,15,0,0,0,0,NONE_SURVIVING
apps/web/components/role-home-strip.tsx,STANDARD,161,0,161,0,0,0,0,NONE_SURVIVING
apps/web/components/role-navigation.tsx,STANDARD,88,0,88,0,0,0,0,NONE_SURVIVING
apps/web/components/role-readiness-board.tsx,STANDARD,15,0,15,0,0,0,0,NONE_SURVIVING
apps/web/components/runtime-source-banner.tsx,STANDARD,15,0,15,0,0,0,0,NONE_SURVIVING
apps/web/components/sber-money-rail-panel.tsx,STANDARD,22,0,22,0,0,0,0,NONE_SURVIVING
apps/web/components/service-provider-assignment-console.tsx,STANDARD,74,0,74,0,0,0,0,NONE_SURVIVING
apps/web/components/service-provider-selection-panel.tsx,STANDARD,87,0,87,0,0,0,0,NONE_SURVIVING
apps/web/components/session-controls.tsx,STANDARD,27,8,19,0,0,0,0,SURVIVING
apps/web/components/session-watcher.tsx,STANDARD,69,0,69,0,0,0,0,NONE_SURVIVING
apps/web/components/simple-charts.tsx,STANDARD,3,0,3,0,0,0,0,NONE_SURVIVING
apps/web/components/simulation-console.tsx,STANDARD,20,0,20,0,0,0,0,NONE_SURVIVING
apps/web/components/skeleton.tsx,STANDARD,9,0,9,0,0,0,0,NONE_SURVIVING
apps/web/components/source-note.tsx,STANDARD,15,0,15,0,0,0,0,NONE_SURVIVING
apps/web/components/source-of-truth-strip.tsx,STANDARD,15,0,15,0,0,0,0,NONE_SURVIVING
apps/web/components/state-machine-board.tsx,STANDARD,15,0,15,0,0,0,0,NONE_SURVIVING
apps/web/components/survey-task-console.tsx,STANDARD,37,0,37,0,0,0,0,NONE_SURVIVING
apps/web/components/system-mode-banner.tsx,STANDARD,15,3,12,0,0,0,0,SURVIVING
apps/web/components/theme-provider.tsx,STANDARD,77,27,50,0,0,0,0,SURVIVING
apps/web/components/theme-toggle.tsx,STANDARD,22,0,22,0,0,0,0,NONE_SURVIVING
apps/web/components/toast.tsx,STANDARD,21,0,21,0,0,0,0,NONE_SURVIVING
apps/web/components/transaction-ux/AuctionPostgresAuthorityWorkspace.tsx,STANDARD,316,316,0,0,0,0,0,SURVIVING
apps/web/components/transaction-ux/CanonicalDealWorkspace.tsx,STANDARD,1,1,0,0,0,0,0,SURVIVING
apps/web/components/transaction-ux/FieldRoleWorkspace.module.css,STANDARD,118,0,0,0,118,0,0,NONE_SURVIVING
apps/web/components/transaction-ux/FieldTaskTemplate.module.css,STANDARD,110,0,0,0,110,0,0,NONE_SURVIVING
apps/web/components/transaction-ux/FieldTaskTemplate.tsx,STANDARD,86,0,0,0,86,0,0,NONE_SURVIVING
apps/web/components/transaction-ux/MoneyObligationCockpit.module.css,STANDARD,274,274,0,0,0,0,0,SURVIVING
apps/web/components/transaction-ux/MoneyObligationCockpit.tsx,STANDARD,158,158,0,0,0,0,0,SURVIVING
apps/web/components/transaction-ux/OperationalDecisionCockpit.module.css,STANDARD,280,280,0,0,0,0,0,SURVIVING
apps/web/components/transaction-ux/OperationalDecisionCockpit.tsx,STANDARD,162,162,0,0,0,0,0,SURVIVING
apps/web/components/transaction-ux/PhysicalExecutionCockpit.module.css,STANDARD,274,274,0,0,0,0,0,SURVIVING
apps/web/components/transaction-ux/PhysicalExecutionCockpit.tsx,STANDARD,181,181,0,0,0,0,0,SURVIVING
apps/web/components/transaction-ux/TransactionDealWorkspace.module.css,STANDARD,146,146,0,0,0,0,0,SURVIVING
apps/web/components/transaction-ux/TransactionDealWorkspace.tsx,STANDARD,478,478,0,0,0,0,0,SURVIVING
apps/web/components/transaction-ux/index.ts,STANDARD,15,15,0,0,0,0,0,SURVIVING
apps/web/components/transaction-ux/physicalExecutionCopy.ts,STANDARD,242,242,0,0,0,0,0,SURVIVING
apps/web/components/trust-graph-panel.tsx,STANDARD,112,0,112,0,0,0,0,NONE_SURVIVING
apps/web/components/v7r/AppShell.tsx,STANDARD,489,311,177,1,0,0,0,SURVIVING
apps/web/components/v7r/AppShellV2.tsx,STANDARD,272,272,0,0,0,0,0,SURVIVING
apps/web/components/v7r/AppShellV3.tsx,STANDARD,1037,1011,26,0,0,0,0,SURVIVING
apps/web/components/v7r/AppShellV4.module.css,STANDARD,510,503,7,0,0,0,0,SURVIVING
apps/web/components/v7r/AppShellV4.tsx,STANDARD,358,335,23,0,0,0,0,SURVIVING
apps/web/components/v7r/ApprovedHeaderLogo.tsx,STANDARD,19,6,13,0,0,0,0,SURVIVING
apps/web/components/v7r/BankRuntime.tsx,STANDARD,146,146,0,0,0,0,0,SURVIVING
apps/web/components/v7r/BrandMark.tsx,STANDARD,105,105,0,0,0,0,0,SURVIVING
apps/web/components/v7r/BuyerProcurementRuntime.tsx,STANDARD,188,188,0,0,0,0,0,SURVIVING
apps/web/components/v7r/BuyerProcurementRuntimeV2.tsx,STANDARD,166,166,0,0,0,0,0,SURVIVING
apps/web/components/v7r/CanonicalKpiReconciliation.tsx,STANDARD,35,35,0,0,0,0,0,SURVIVING
apps/web/components/v7r/CatchAllPage.tsx,STANDARD,591,467,112,12,0,0,0,SURVIVING
apps/web/components/v7r/CommandPalette.tsx,STANDARD,292,199,92,1,0,0,0,SURVIVING
apps/web/components/v7r/ComplianceRuntime.tsx,STANDARD,172,172,0,0,0,0,0,SURVIVING
apps/web/components/v7r/ConfirmDialog.tsx,STANDARD,29,4,25,0,0,0,0,SURVIVING
apps/web/components/v7r/ControlTowerOperatorPanel.tsx,STANDARD,243,243,0,0,0,0,0,SURVIVING
apps/web/components/v7r/DealDetailRuntime.tsx,STANDARD,527,527,0,0,0,0,0,SURVIVING
apps/web/components/v7r/DealDraftDetailRuntime.tsx,STANDARD,172,172,0,0,0,0,0,SURVIVING
apps/web/components/v7r/DealDraftDetailRuntimeV2.tsx,STANDARD,160,160,0,0,0,0,0,SURVIVING
apps/web/components/v7r/DealEvidencePackPreview.tsx,STANDARD,42,39,0,3,0,0,0,SURVIVING
apps/web/components/v7r/DealStickyAction.tsx,STANDARD,38,38,0,0,0,0,0,SURVIVING
apps/web/components/v7r/DealsOverviewRuntime.tsx,STANDARD,357,314,43,0,0,0,0,SURVIVING
apps/web/components/v7r/DemoDealAutoplay.tsx,STANDARD,100,100,0,0,0,0,0,SURVIVING
apps/web/components/v7r/DisputeDetailRuntime.tsx,STANDARD,216,216,0,0,0,0,0,SURVIVING
apps/web/components/v7r/DisputeHoldCalculator.tsx,STANDARD,90,90,0,0,0,0,0,SURVIVING
apps/web/components/v7r/DisputesRuntime.tsx,STANDARD,232,227,0,5,0,0,0,SURVIVING
apps/web/components/v7r/DocumentsDropzone.tsx,STANDARD,187,79,108,0,0,0,0,SURVIVING
apps/web/components/v7r/DomainControlTowerSummary.tsx,STANDARD,60,59,0,1,0,0,0,SURVIVING
apps/web/components/v7r/DomainDealsSummary.tsx,STANDARD,37,37,0,0,0,0,0,SURVIVING
apps/web/components/v7r/DomainDisputesSummary.tsx,STANDARD,32,31,0,1,0,0,0,SURVIVING
apps/web/components/v7r/DomainMoneySummary.tsx,STANDARD,35,35,0,0,0,0,0,SURVIVING
apps/web/components/v7r/EsiaFgisRuntime.tsx,STANDARD,547,543,4,0,0,0,0,SURVIVING
apps/web/components/v7r/EvidenceDisputeContinuityPanel.tsx,STANDARD,261,261,0,0,0,0,0,SURVIVING
apps/web/components/v7r/EvidenceExportReadinessSummary.tsx,STANDARD,100,85,0,15,0,0,0,SURVIVING
apps/web/components/v7r/EvidencePackOperationsQueue.tsx,STANDARD,234,201,0,33,0,0,0,SURVIVING
apps/web/components/v7r/ExecutionSimulationActionPanel.tsx,STANDARD,176,176,0,0,0,0,0,SURVIVING
apps/web/components/v7r/FieldDriverRuntime.tsx,STANDARD,106,106,0,0,0,0,0,SURVIVING
apps/web/components/v7r/FieldElevatorRuntime.tsx,STANDARD,195,195,0,0,0,0,0,SURVIVING
apps/web/components/v7r/FieldLabRuntime.tsx,STANDARD,150,150,0,0,0,0,0,SURVIVING
apps/web/components/v7r/LiveDealDetailRuntime.tsx,STANDARD,183,183,0,0,0,0,0,SURVIVING
apps/web/components/v7r/LiveDealInvestorRuntime.tsx,STANDARD,123,122,0,1,0,0,0,SURVIVING
apps/web/components/v7r/LotDetailRuntime.tsx,STANDARD,122,122,0,0,0,0,0,SURVIVING
apps/web/components/v7r/LotsCompareRuntime.tsx,STANDARD,98,98,0,0,0,0,0,SURVIVING
apps/web/components/v7r/MoneyGateRing.tsx,STANDARD,137,137,0,0,0,0,0,SURVIVING
apps/web/components/v7r/PlatformCommandCenterHub.tsx,STANDARD,226,226,0,0,0,0,0,SURVIVING
apps/web/components/v7r/PlatformRolesHub.tsx,STANDARD,331,318,0,13,0,0,0,SURVIVING
apps/web/components/v7r/PlatformThemeSync.tsx,STANDARD,142,142,0,0,0,0,0,SURVIVING
apps/web/components/v7r/PlatformV7IntelligenceStrip.tsx,STANDARD,69,31,0,0,38,0,0,SURVIVING
apps/web/components/v7r/PlatformV7IntelligenceStripClient.tsx,STANDARD,83,83,0,0,0,0,0,SURVIVING
apps/web/components/v7r/RiskBadge.tsx,STANDARD,199,152,46,1,0,0,0,SURVIVING
apps/web/components/v7r/RoleActionDispatchBridge.tsx,STANDARD,182,156,0,26,0,0,0,SURVIVING
apps/web/components/v7r/RoleContinuityPanel.tsx,STANDARD,268,244,0,24,0,0,0,SURVIVING
apps/web/components/v7r/RoleEntry.tsx,STANDARD,91,91,0,0,0,0,0,SURVIVING
apps/web/components/v7r/SberKorusBadge.tsx,STANDARD,43,43,0,0,0,0,0,SURVIVING
apps/web/components/v7r/SellerLotCreateRuntime.tsx,STANDARD,151,151,0,0,0,0,0,SURVIVING
apps/web/components/v7r/SellerLotCreateRuntimeV2.tsx,STANDARD,271,271,0,0,0,0,0,SURVIVING
apps/web/components/v7r/SellerLotsRuntime.tsx,STANDARD,148,147,0,1,0,0,0,SURVIVING
apps/web/components/v7r/SellerLotsRuntimeV2.tsx,STANDARD,381,332,46,3,0,0,0,SURVIVING
apps/web/components/v7r/StaticRuntimePage.tsx,STANDARD,97,97,0,0,0,0,0,SURVIVING
apps/web/components/v7r/Toast.tsx,STANDARD,123,99,24,0,0,0,0,SURVIVING
apps/web/components/v7r/brand-logo-asset.ts,STANDARD,76,76,0,0,0,0,0,SURVIVING
apps/web/components/v9/ai/AiDrawer.tsx,STANDARD,220,35,185,0,0,0,0,SURVIVING
apps/web/components/v9/bank/ReleaseDialog.tsx,STANDARD,237,0,237,0,0,0,0,NONE_SURVIVING
apps/web/components/v9/bank/SandboxBadge.tsx,STANDARD,48,17,31,0,0,0,0,SURVIVING
apps/web/components/v9/cards/EmptyState.tsx,STANDARD,23,0,23,0,0,0,0,NONE_SURVIVING
apps/web/components/v9/cards/KpiCard.tsx,STANDARD,116,0,116,0,0,0,0,NONE_SURVIVING
apps/web/components/v9/deal/BatchPassport.tsx,STANDARD,300,0,300,0,0,0,0,NONE_SURVIVING
apps/web/components/v9/deal/DealReadinessMatrix.tsx,STANDARD,237,0,237,0,0,0,0,NONE_SURVIVING
apps/web/components/v9/deal/DealStatusStrip.tsx,STANDARD,116,116,0,0,0,0,0,SURVIVING
apps/web/components/v9/layout/AppShell.tsx,STANDARD,93,0,93,0,0,0,0,NONE_SURVIVING
apps/web/components/v9/layout/CommandPalette.tsx,STANDARD,194,0,194,0,0,0,0,NONE_SURVIVING
apps/web/components/v9/layout/Header.tsx,STANDARD,104,3,101,0,0,0,0,SURVIVING
apps/web/components/v9/layout/IdentityControl.tsx,STANDARD,338,338,0,0,0,0,0,SURVIVING
apps/web/components/v9/layout/MSWProvider.tsx,STANDARD,62,39,23,0,0,0,0,SURVIVING
apps/web/components/v9/layout/RoleSwitcher.tsx,STANDARD,141,0,141,0,0,0,0,NONE_SURVIVING
apps/web/components/v9/layout/Sidebar.tsx,STANDARD,106,2,104,0,0,0,0,SURVIVING
apps/web/components/v9/timeline/PhaseTimeline.tsx,STANDARD,215,0,215,0,0,0,0,NONE_SURVIVING
apps/web/components/v9/ui/badge.tsx,STANDARD,51,0,51,0,0,0,0,NONE_SURVIVING
apps/web/components/v9/ui/button.tsx,STANDARD,63,0,63,0,0,0,0,NONE_SURVIVING
apps/web/components/v9/ui/card.tsx,STANDARD,46,0,46,0,0,0,0,NONE_SURVIVING
apps/web/components/v9/ui/dialog.tsx,STANDARD,89,0,89,0,0,0,0,NONE_SURVIVING
apps/web/components/v9/ui/input.tsx,STANDARD,50,0,50,0,0,0,0,NONE_SURVIVING
apps/web/components/v9/ui/skeleton.tsx,STANDARD,14,0,14,0,0,0,0,NONE_SURVIVING
apps/web/components/v9/ui/tabs.tsx,STANDARD,72,0,72,0,0,0,0,NONE_SURVIVING
apps/web/components/view-state-card.tsx,STANDARD,9,0,9,0,0,0,0,NONE_SURVIVING
apps/web/components/weak-connection-mode-panel.tsx,STANDARD,13,0,13,0,0,0,0,NONE_SURVIVING
apps/web/hooks/useRuntimeSnapshot.ts,STANDARD,77,77,0,0,0,0,0,SURVIVING
apps/web/i18n/locale.ts,STANDARD,12,0,12,0,0,0,0,NONE_SURVIVING
apps/web/i18n/owner-access-center-messages.ts,STANDARD,253,253,0,0,0,0,0,SURVIVING
apps/web/i18n/platform-v7-accounting-value.ts,STANDARD,161,161,0,0,0,0,0,SURVIVING
apps/web/i18n/platform-v7-hero-message.ts,STANDARD,31,31,0,0,0,0,0,SURVIVING
apps/web/i18n/platform-v7-home-enhancements.ts,STANDARD,324,324,0,0,0,0,0,SURVIVING
apps/web/i18n/platform-v7-home-story-operating.ts,STANDARD,345,324,21,0,0,0,0,SURVIVING
apps/web/i18n/platform-v7-home-story-product.ts,STANDARD,343,343,0,0,0,0,0,SURVIVING
apps/web/i18n/platform-v7-home-story.ts,STANDARD,355,355,0,0,0,0,0,SURVIVING
apps/web/i18n/platform-v7-home-v3-operating.ts,STANDARD,93,93,0,0,0,0,0,SURVIVING
apps/web/i18n/platform-v7-home-v3-product.ts,STANDARD,15,15,0,0,0,0,0,SURVIVING
apps/web/i18n/platform-v7-home-v3.ts,STANDARD,240,240,0,0,0,0,0,SURVIVING
apps/web/i18n/platform-v7-organization-connect-operating.ts,STANDARD,98,98,0,0,0,0,0,SURVIVING
apps/web/i18n/platform-v7-organization-connect-product.ts,STANDARD,16,16,0,0,0,0,0,SURVIVING
apps/web/i18n/platform-v7-organization-connect.ts,STANDARD,156,156,0,0,0,0,0,SURVIVING
apps/web/i18n/public-deal-journey-v5.ts,STANDARD,216,216,0,0,0,0,0,SURVIVING
apps/web/i18n/public-entry-messages.ts,STANDARD,365,365,0,0,0,0,0,SURVIVING
apps/web/i18n/public-landing-copy.ts,STANDARD,363,363,0,0,0,0,0,SURVIVING
apps/web/i18n/public-login-copy.ts,STANDARD,148,145,3,0,0,0,0,SURVIVING
apps/web/i18n/public-product-entry-variants.ts,STANDARD,116,116,0,0,0,0,0,SURVIVING
apps/web/i18n/public-product-experience-v3.ts,STANDARD,296,296,0,0,0,0,0,SURVIVING
apps/web/i18n/public-product-experience-v4.ts,STANDARD,392,392,0,0,0,0,0,SURVIVING
apps/web/i18n/request.ts,STANDARD,28,21,7,0,0,0,0,SURVIVING
apps/web/i18n/staff-control-center-messages.ts,STANDARD,243,237,0,0,6,0,0,SURVIVING
apps/web/i18n/staff-operational-workspace-messages.ts,STANDARD,61,61,0,0,0,0,0,SURVIVING
apps/web/lib/analytics/analytics-boundary.ts,STANDARD,237,237,0,0,0,0,0,SURVIVING
apps/web/lib/analytics/track.ts,STANDARD,46,46,0,0,0,0,0,SURVIVING
apps/web/lib/api-client.ts,STANDARD,89,0,89,0,0,0,0,NONE_SURVIVING
apps/web/lib/api-server.ts,STANDARD,26,0,25,0,1,0,0,NONE_SURVIVING
apps/web/lib/api.ts,STANDARD,113,0,113,0,0,0,0,NONE_SURVIVING
apps/web/lib/auction-server.ts,STANDARD,306,290,13,0,3,0,0,SURVIVING
apps/web/lib/audit-server.ts,STANDARD,67,66,0,0,1,0,0,SURVIVING
apps/web/lib/auth-cookies.ts,STANDARD,34,0,34,0,0,0,0,NONE_SURVIVING
apps/web/lib/auth-profile-server.ts,STANDARD,102,101,0,0,1,0,0,SURVIVING
apps/web/lib/auth-session.test.ts,STANDARD,103,2,101,0,0,0,0,SURVIVING
apps/web/lib/auth-session.ts,STANDARD,135,9,126,0,0,0,0,SURVIVING
apps/web/lib/auth-store.ts,STANDARD,40,0,40,0,0,0,0,NONE_SURVIVING
apps/web/lib/bank-release-server.ts,STANDARD,729,728,0,0,1,0,0,SURVIVING
apps/web/lib/business-reputation-server.ts,STANDARD,28,0,26,0,2,0,0,NONE_SURVIVING
apps/web/lib/client-session-cleanup.ts,STANDARD,38,38,0,0,0,0,0,SURVIVING
apps/web/lib/closure-readiness-engine.ts,STANDARD,105,0,105,0,0,0,0,NONE_SURVIVING
apps/web/lib/commercial-api.ts,STANDARD,4,0,4,0,0,0,0,NONE_SURVIVING
apps/web/lib/commercial-expansion-data.ts,STANDARD,88,0,88,0,0,0,0,NONE_SURVIVING
apps/web/lib/commercial-expansion-server.ts,STANDARD,164,0,164,0,0,0,0,NONE_SURVIVING
apps/web/lib/commercial-route-guards.ts,STANDARD,161,0,161,0,0,0,0,NONE_SURVIVING
apps/web/lib/commercial-workspace-repository.ts,STANDARD,172,0,172,0,0,0,0,NONE_SURVIVING
apps/web/lib/commercial-workspace-store.ts,STANDARD,279,0,279,0,0,0,0,NONE_SURVIVING
apps/web/lib/csrf.ts,STANDARD,21,0,21,0,0,0,0,NONE_SURVIVING
apps/web/lib/data-provenance.ts,STANDARD,33,0,33,0,0,0,0,NONE_SURVIVING
apps/web/lib/deal-context.ts,STANDARD,17,0,17,0,0,0,0,NONE_SURVIVING
apps/web/lib/deal-desk-server.ts,STANDARD,317,0,317,0,0,0,0,NONE_SURVIVING
apps/web/lib/deal-execution-server.ts,STANDARD,720,719,0,0,1,0,0,SURVIVING
apps/web/lib/deals-server.ts,STANDARD,35,12,21,0,2,0,0,SURVIVING
apps/web/lib/default-deal-server.ts,STANDARD,3,0,3,0,0,0,0,NONE_SURVIVING
apps/web/lib/disputes-server.ts,STANDARD,178,132,0,44,2,0,0,SURVIVING
apps/web/lib/documents-server.ts,STANDARD,69,2,66,0,1,0,0,SURVIVING
apps/web/lib/domain/adapters.ts,STANDARD,37,37,0,0,0,0,0,SURVIVING
apps/web/lib/domain/canonicalHooks.ts,STANDARD,17,17,0,0,0,0,0,SURVIVING
apps/web/lib/domain/canonicalRegistry.ts,STANDARD,37,37,0,0,0,0,0,SURVIVING
apps/web/lib/domain/fixtureSource.ts,STANDARD,34,34,0,0,0,0,0,SURVIVING
apps/web/lib/domain/hooks.ts,STANDARD,63,63,0,0,0,0,0,SURVIVING
apps/web/lib/domain/kpi/canonicalReconciliation.ts,STANDARD,55,55,0,0,0,0,0,SURVIVING
apps/web/lib/domain/kpi/controlTower.ts,STANDARD,105,105,0,0,0,0,0,SURVIVING
apps/web/lib/domain/selectors.ts,STANDARD,151,151,0,0,0,0,0,SURVIVING
apps/web/lib/domain/types.ts,STANDARD,92,92,0,0,0,0,0,SURVIVING
apps/web/lib/driver-actions.ts,STANDARD,69,8,61,0,0,0,0,SURVIVING
apps/web/lib/esia-sandbox.ts,STANDARD,10,0,10,0,0,0,0,NONE_SURVIVING
apps/web/lib/evidence-server.ts,STANDARD,56,0,0,54,2,0,0,SURVIVING
apps/web/lib/execution-readiness.ts,STANDARD,43,0,43,0,0,0,0,NONE_SURVIVING
apps/web/lib/federal-counterparty-directory.ts,STANDARD,130,0,130,0,0,0,0,NONE_SURVIVING
apps/web/lib/first-customer-workspace-server.ts,STANDARD,195,195,0,0,0,0,0,SURVIVING
apps/web/lib/gekta/account-bridge.ts,CROWN_JEWEL,75,75,0,0,0,0,0,SURVIVING
apps/web/lib/gekta/anonymous-session.ts,CROWN_JEWEL,146,36,110,0,0,0,0,SURVIVING
apps/web/lib/gekta/billing.ts,CROWN_JEWEL,188,0,188,0,0,0,0,NONE_SURVIVING
apps/web/lib/gekta/bridge-handler.ts,CROWN_JEWEL,68,68,0,0,0,0,0,SURVIVING
apps/web/lib/gekta/console-model.ts,CROWN_JEWEL,154,154,0,0,0,0,0,SURVIVING
apps/web/lib/gekta/content.ts,CROWN_JEWEL,293,293,0,0,0,0,0,SURVIVING
apps/web/lib/gekta/entitlement.ts,CROWN_JEWEL,176,1,175,0,0,0,0,SURVIVING
apps/web/lib/gekta/legal.ts,CROWN_JEWEL,622,399,223,0,0,0,0,SURVIVING
apps/web/lib/gekta/merchant.ts,CROWN_JEWEL,188,0,188,0,0,0,0,NONE_SURVIVING
apps/web/lib/gekta/mobile-copy.ts,CROWN_JEWEL,29,29,0,0,0,0,0,SURVIVING
apps/web/lib/gekta/operator-rbac.ts,CROWN_JEWEL,161,3,158,0,0,0,0,SURVIVING
apps/web/lib/gekta/phone-verification.ts,CROWN_JEWEL,108,0,108,0,0,0,0,NONE_SURVIVING
apps/web/lib/gekta/phone.ts,CROWN_JEWEL,155,0,155,0,0,0,0,NONE_SURVIVING
apps/web/lib/gekta/product-copy.ts,CROWN_JEWEL,409,0,409,0,0,0,0,NONE_SURVIVING
apps/web/lib/gekta/projects.ts,CROWN_JEWEL,66,0,66,0,0,0,0,NONE_SURVIVING
apps/web/lib/gekta/seo.ts,CROWN_JEWEL,168,148,20,0,0,0,0,SURVIVING
apps/web/lib/gekta/server-workspace.ts,CROWN_JEWEL,277,277,0,0,0,0,0,SURVIVING
apps/web/lib/gekta/speech.ts,CROWN_JEWEL,74,0,74,0,0,0,0,NONE_SURVIVING
apps/web/lib/golden-paths.ts,STANDARD,131,0,131,0,0,0,0,NONE_SURVIVING
apps/web/lib/i18n/reason-codes.ts,STANDARD,68,68,0,0,0,0,0,SURVIVING
apps/web/lib/id-factory.ts,STANDARD,3,0,3,0,0,0,0,NONE_SURVIVING
apps/web/lib/industrialization-server.d.ts,STANDARD,24,0,24,0,0,0,0,NONE_SURVIVING
apps/web/lib/industrialization-server.ts,STANDARD,49,0,49,0,0,0,0,NONE_SURVIVING
apps/web/lib/integrations-server.ts,STANDARD,98,97,0,0,1,0,0,SURVIVING
apps/web/lib/journey-links.ts,STANDARD,98,0,98,0,0,0,0,NONE_SURVIVING
apps/web/lib/kep-upload.ts,STANDARD,8,0,8,0,0,0,0,NONE_SURVIVING
apps/web/lib/labs-server.ts,STANDARD,82,3,0,77,2,0,0,SURVIVING
apps/web/lib/logistics-server.ts,STANDARD,269,232,0,34,3,0,0,SURVIVING
apps/web/lib/lot-disclosure.ts,STANDARD,150,0,150,0,0,0,0,NONE_SURVIVING
apps/web/lib/lots-server.ts,STANDARD,64,0,64,0,0,0,0,NONE_SURVIVING
apps/web/lib/market-analytics-server.ts,STANDARD,14,0,13,0,1,0,0,NONE_SURVIVING
apps/web/lib/market-news-server.ts,STANDARD,9,0,9,0,0,0,0,NONE_SURVIVING
apps/web/lib/notifications-server.ts,STANDARD,14,0,13,0,1,0,0,NONE_SURVIVING
apps/web/lib/observability.ts,STANDARD,41,17,24,0,0,0,0,SURVIVING
apps/web/lib/offline-ai-kb.ts,STANDARD,101,0,101,0,0,0,0,NONE_SURVIVING
apps/web/lib/offline.ts,STANDARD,188,0,188,0,0,0,0,NONE_SURVIVING
apps/web/lib/operational-vocabulary.ts,STANDARD,37,0,37,0,0,0,0,NONE_SURVIVING
apps/web/lib/organization-team-server.ts,STANDARD,138,137,0,0,1,0,0,SURVIVING
apps/web/lib/outbox-server.ts,STANDARD,133,65,0,65,3,0,0,SURVIVING
apps/web/lib/pilot-data.ts,STANDARD,43,0,43,0,0,0,0,NONE_SURVIVING
apps/web/lib/pilot-runtime-server.ts,STANDARD,63,0,62,0,1,0,0,NONE_SURVIVING
apps/web/lib/platform-v7/access-control.ts,STANDARD,384,384,0,0,0,0,0,SURVIVING
apps/web/lib/platform-v7/access-request.ts,STANDARD,98,98,0,0,0,0,0,SURVIVING
apps/web/lib/platform-v7/action-boundary.ts,STANDARD,117,117,0,0,0,0,0,SURVIVING
apps/web/lib/platform-v7/action-button-state.ts,STANDARD,77,77,0,0,0,0,0,SURVIVING
apps/web/lib/platform-v7/action-contract-registry.ts,STANDARD,162,162,0,0,0,0,0,SURVIVING
apps/web/lib/platform-v7/action-control.ts,STANDARD,26,26,0,0,0,0,0,SURVIVING
apps/web/lib/platform-v7/action-feedback-preview.ts,STANDARD,82,82,0,0,0,0,0,SURVIVING
apps/web/lib/platform-v7/action-feedback.ts,STANDARD,102,102,0,0,0,0,0,SURVIVING
apps/web/lib/platform-v7/action-log-feedback.ts,STANDARD,34,34,0,0,0,0,0,SURVIVING
apps/web/lib/platform-v7/action-log.ts,STANDARD,69,69,0,0,0,0,0,SURVIVING
apps/web/lib/platform-v7/action-messages.ts,STANDARD,138,138,0,0,0,0,0,SURVIVING
apps/web/lib/platform-v7/action-permission-boundary.ts,STANDARD,120,120,0,0,0,0,0,SURVIVING
apps/web/lib/platform-v7/action-runner.ts,STANDARD,70,70,0,0,0,0,0,SURVIVING
apps/web/lib/platform-v7/action-service-map.ts,STANDARD,31,31,0,0,0,0,0,SURVIVING
apps/web/lib/platform-v7/action-targets.ts,STANDARD,76,76,0,0,0,0,0,SURVIVING
apps/web/lib/platform-v7/action-workflow.ts,STANDARD,48,48,0,0,0,0,0,SURVIVING
apps/web/lib/platform-v7/adapter-factory.ts,STANDARD,79,79,0,0,0,0,0,SURVIVING
apps/web/lib/platform-v7/adapters/bank-adapter-real.ts,STANDARD,161,161,0,0,0,0,0,SURVIVING
apps/web/lib/platform-v7/adapters/real-adapter-shell.ts,STANDARD,134,134,0,0,0,0,0,SURVIVING
apps/web/lib/platform-v7/adapters/real-adapter-template.ts,STANDARD,119,119,0,0,0,0,0,SURVIVING
apps/web/lib/platform-v7/ai-gateway-stream.ts,STANDARD,477,447,28,0,2,0,0,SURVIVING
apps/web/lib/platform-v7/ai/gateway-envelope.ts,STANDARD,44,44,0,0,0,0,0,SURVIVING
apps/web/lib/platform-v7/ai/gateway-mock-provider.ts,STANDARD,55,55,0,0,0,0,0,SURVIVING
apps/web/lib/platform-v7/ai/gateway-provider-port.ts,STANDARD,30,30,0,0,0,0,0,SURVIVING
apps/web/lib/platform-v7/anti-bypass.ts,STANDARD,76,76,0,0,0,0,0,SURVIVING
apps/web/lib/platform-v7/anti-leak-filter.ts,STANDARD,65,65,0,0,0,0,0,SURVIVING
apps/web/lib/platform-v7/api-action-map.ts,STANDARD,29,29,0,0,0,0,0,SURVIVING
apps/web/lib/platform-v7/api-boundary-contracts.ts,STANDARD,454,454,0,0,0,0,0,SURVIVING
apps/web/lib/platform-v7/api-contracts.ts,STANDARD,160,160,0,0,0,0,0,SURVIVING
apps/web/lib/platform-v7/api-payload-contracts.ts,STANDARD,39,39,0,0,0,0,0,SURVIVING
apps/web/lib/platform-v7/api-payload-validator.ts,STANDARD,117,117,0,0,0,0,0,SURVIVING
apps/web/lib/platform-v7/assistant-answer-composer.ts,STANDARD,345,345,0,0,0,0,0,SURVIVING
apps/web/lib/platform-v7/assistant-capability-registry.ts,STANDARD,554,554,0,0,0,0,0,SURVIVING
apps/web/lib/platform-v7/assistant-question-understanding.ts,STANDARD,148,148,0,0,0,0,0,SURVIVING
apps/web/lib/platform-v7/assistant-relevance-router.ts,STANDARD,653,653,0,0,0,0,0,SURVIVING
apps/web/lib/platform-v7/assistant-server-context.ts,STANDARD,183,183,0,0,0,0,0,SURVIVING
apps/web/lib/platform-v7/attachment-risk-scanner.ts,STANDARD,57,57,0,0,0,0,0,SURVIVING
apps/web/lib/platform-v7/auctionDealBridge.ts,STANDARD,90,90,0,0,0,0,0,SURVIVING
apps/web/lib/platform-v7/audit-content-hash.ts,STANDARD,47,47,0,0,0,0,0,SURVIVING
apps/web/lib/platform-v7/audit-event-helper.ts,STANDARD,139,139,0,0,0,0,0,SURVIVING
apps/web/lib/platform-v7/audit-events.ts,STANDARD,44,44,0,0,0,0,0,SURVIVING
apps/web/lib/platform-v7/audit-evidence-export.ts,STANDARD,123,123,0,0,0,0,0,SURVIVING
apps/web/lib/platform-v7/audit-surface-display.ts,STANDARD,11,11,0,0,0,0,0,SURVIVING
apps/web/lib/platform-v7/audit-trail.ts,STANDARD,122,122,0,0,0,0,0,SURVIVING
apps/web/lib/platform-v7/bank-adapter-emulator.ts,STANDARD,202,202,0,0,0,0,0,SURVIVING
apps/web/lib/platform-v7/bank-basis.ts,STANDARD,90,90,0,0,0,0,0,SURVIVING
apps/web/lib/platform-v7/bank-callback.ts,STANDARD,143,143,0,0,0,0,0,SURVIVING
apps/web/lib/platform-v7/bank-compliance-pilot.ts,STANDARD,200,200,0,0,0,0,0,SURVIVING
apps/web/lib/platform-v7/bank-ledger.ts,STANDARD,67,67,0,0,0,0,0,SURVIVING
apps/web/lib/platform-v7/bank-manual-review.ts,STANDARD,83,83,0,0,0,0,0,SURVIVING
apps/web/lib/platform-v7/bank-operations-dashboard.ts,STANDARD,133,133,0,0,0,0,0,SURVIVING
apps/web/lib/platform-v7/bank-partner-readiness.ts,STANDARD,119,119,0,0,0,0,0,SURVIVING
apps/web/lib/platform-v7/bank-reconciliation.ts,STANDARD,64,64,0,0,0,0,0,SURVIVING
apps/web/lib/platform-v7/bank-release-decision.ts,STANDARD,131,131,0,0,0,0,0,SURVIVING
apps/web/lib/platform-v7/bank-webhooks.ts,STANDARD,52,52,0,0,0,0,0,SURVIVING
apps/web/lib/platform-v7/batch-model.ts,STANDARD,42,42,0,0,0,0,0,SURVIVING
apps/web/lib/platform-v7/breadcrumbs.ts,STANDARD,54,54,0,0,0,0,0,SURVIVING
apps/web/lib/platform-v7/bypass-risk-score.ts,STANDARD,121,121,0,0,0,0,0,SURVIVING
apps/web/lib/platform-v7/cabinet-access-policy.ts,STANDARD,83,83,0,0,0,0,0,SURVIVING
apps/web/lib/platform-v7/cabinet-contact-dock-policy.ts,STANDARD,217,217,0,0,0,0,0,SURVIVING
apps/web/lib/platform-v7/case-pack.ts,STANDARD,71,71,0,0,0,0,0,SURVIVING
apps/web/lib/platform-v7/command.ts,STANDARD,462,462,0,0,0,0,0,SURVIVING
apps/web/lib/platform-v7/connector-model.ts,STANDARD,45,45,0,0,0,0,0,SURVIVING
apps/web/lib/platform-v7/contact-vault.ts,STANDARD,64,64,0,0,0,0,0,SURVIVING
apps/web/lib/platform-v7/control-host.ts,STANDARD,187,187,0,0,0,0,0,SURVIVING
apps/web/lib/platform-v7/controlled-pilot-boundary-report.ts,STANDARD,87,87,0,0,0,0,0,SURVIVING
apps/web/lib/platform-v7/controlled-test-organizations.ts,STANDARD,278,278,0,0,0,0,0,SURVIVING
apps/web/lib/platform-v7/core-engine.test.ts,STANDARD,157,157,0,0,0,0,0,SURVIVING
apps/web/lib/platform-v7/core-types.ts,STANDARD,160,160,0,0,0,0,0,SURVIVING
apps/web/lib/platform-v7/data-subject-rights.ts,STANDARD,145,145,0,0,0,0,0,SURVIVING
apps/web/lib/platform-v7/deal-access-gate.ts,STANDARD,68,68,0,0,0,0,0,SURVIVING
apps/web/lib/platform-v7/deal-draft.ts,STANDARD,68,68,0,0,0,0,0,SURVIVING
apps/web/lib/platform-v7/deal-event-chain-client.ts,STANDARD,37,37,0,0,0,0,0,SURVIVING
apps/web/lib/platform-v7/deal-execution-source-of-truth.ts,STANDARD,1275,1275,0,0,0,0,0,SURVIVING
apps/web/lib/platform-v7/deal-financial-terms.ts,STANDARD,50,50,0,0,0,0,0,SURVIVING
apps/web/lib/platform-v7/deal-fingerprint.ts,STANDARD,77,77,0,0,0,0,0,SURVIVING
apps/web/lib/platform-v7/deal-money-release-gate.ts,STANDARD,31,31,0,0,0,0,0,SURVIVING
apps/web/lib/platform-v7/deal-state-model.ts,STANDARD,58,58,0,0,0,0,0,SURVIVING
apps/web/lib/platform-v7/deal-workspace-actions.ts,STANDARD,302,302,0,0,0,0,0,SURVIVING
apps/web/lib/platform-v7/deal-workspace-documents.ts,STANDARD,50,50,0,0,0,0,0,SURVIVING
apps/web/lib/platform-v7/deal-workspace-logistics.ts,STANDARD,64,64,0,0,0,0,0,SURVIVING
apps/web/lib/platform-v7/deal-workspace-release-readiness.ts,STANDARD,99,99,0,0,0,0,0,SURVIVING
apps/web/lib/platform-v7/deal-workspace-runtime-binding.ts,STANDARD,210,210,0,0,0,0,0,SURVIVING
apps/web/lib/platform-v7/deal-workspace-runtime-db-contract.ts,STANDARD,78,78,0,0,0,0,0,SURVIVING
apps/web/lib/platform-v7/deal-workspace-runtime-db-repository.ts,STANDARD,245,245,0,0,0,0,0,SURVIVING
apps/web/lib/platform-v7/deal-workspace-runtime-intents.ts,STANDARD,75,75,0,0,0,0,0,SURVIVING
apps/web/lib/platform-v7/deal-workspace-runtime-linkage.ts,STANDARD,162,162,0,0,0,0,0,SURVIVING
apps/web/lib/platform-v7/deal-workspace-runtime-snapshot.ts,STANDARD,61,61,0,0,0,0,0,SURVIVING
apps/web/lib/platform-v7/deal-workspace-runtime-store.ts,STANDARD,82,82,0,0,0,0,0,SURVIVING
apps/web/lib/platform-v7/deal-workspace-runtime-transaction.ts,STANDARD,199,199,0,0,0,0,0,SURVIVING
apps/web/lib/platform-v7/deal-workspace-sidepanel.ts,STANDARD,90,90,0,0,0,0,0,SURVIVING
apps/web/lib/platform-v7/deal-workspace-timeline.ts,STANDARD,53,53,0,0,0,0,0,SURVIVING
apps/web/lib/platform-v7/deal-workspace.ts,STANDARD,67,67,0,0,0,0,0,SURVIVING
apps/web/lib/platform-v7/deal360-source-of-truth.ts,STANDARD,138,138,0,0,0,0,0,SURVIVING
apps/web/lib/platform-v7/dealAcceptanceEngine.ts,STANDARD,62,62,0,0,0,0,0,SURVIVING
apps/web/lib/platform-v7/dealDocumentBasisEngine.ts,STANDARD,41,41,0,0,0,0,0,SURVIVING
apps/web/lib/platform-v7/dealLogisticsEngine.ts,STANDARD,55,55,0,0,0,0,0,SURVIVING
apps/web/lib/platform-v7/decision-recommendation.ts,STANDARD,56,56,0,0,0,0,0,SURVIVING
apps/web/lib/platform-v7/demo-dashboard.ts,STANDARD,34,34,0,0,0,0,0,SURVIVING
apps/web/lib/platform-v7/demo-login-policy.ts,STANDARD,19,19,0,0,0,0,0,SURVIVING
apps/web/lib/platform-v7/demo-tour-controller.ts,STANDARD,79,79,0,0,0,0,0,SURVIVING
apps/web/lib/platform-v7/demo-tour-runtime.ts,STANDARD,62,62,0,0,0,0,0,SURVIVING
apps/web/lib/platform-v7/demo-tour.ts,STANDARD,76,76,0,0,0,0,0,SURVIVING
apps/web/lib/platform-v7/design-system-v8-route-policy.ts,STANDARD,83,66,17,0,0,0,0,SURVIVING
apps/web/lib/platform-v7/design/contrast.ts,STANDARD,42,42,0,0,0,0,0,SURVIVING
apps/web/lib/platform-v7/design/dark-qa.ts,STANDARD,61,61,0,0,0,0,0,SURVIVING
apps/web/lib/platform-v7/design/execution-cockpit.ts,STANDARD,109,109,0,0,0,0,0,SURVIVING
apps/web/lib/platform-v7/design/tokens.ts,STANDARD,215,215,0,0,0,0,0,SURVIVING
apps/web/lib/platform-v7/direct-money-boundaries.ts,STANDARD,12,12,0,0,0,0,0,SURVIVING
apps/web/lib/platform-v7/dispute-close-check.ts,STANDARD,42,42,0,0,0,0,0,SURVIVING
apps/web/lib/platform-v7/dispute-engine.ts,STANDARD,77,77,0,0,0,0,0,SURVIVING
apps/web/lib/platform-v7/dispute-evidence-pack.ts,STANDARD,147,147,0,0,0,0,0,SURVIVING
apps/web/lib/platform-v7/dispute-model.ts,STANDARD,47,47,0,0,0,0,0,SURVIVING
apps/web/lib/platform-v7/document-access-control.ts,STANDARD,30,30,0,0,0,0,0,SURVIVING
apps/web/lib/platform-v7/document-fingerprinting.ts,STANDARD,47,47,0,0,0,0,0,SURVIVING
apps/web/lib/platform-v7/document-matrix.ts,STANDARD,213,213,0,0,0,0,0,SURVIVING
apps/web/lib/platform-v7/document-money-decision-pack.ts,STANDARD,166,166,0,0,0,0,0,SURVIVING
apps/web/lib/platform-v7/domain/audit.ts,STANDARD,72,72,0,0,0,0,0,SURVIVING
apps/web/lib/platform-v7/domain/canonical.ts,STANDARD,177,177,0,0,0,0,0,SURVIVING
apps/web/lib/platform-v7/domain/domain-deal-adapter.ts,STANDARD,42,42,0,0,0,0,0,SURVIVING
apps/web/lib/platform-v7/domain/index.ts,STANDARD,11,11,0,0,0,0,0,SURVIVING
apps/web/lib/platform-v7/domain/kpi.ts,STANDARD,73,73,0,0,0,0,0,SURVIVING
apps/web/lib/platform-v7/domain/legacy-deal-adapter.ts,STANDARD,138,138,0,0,0,0,0,SURVIVING
apps/web/lib/platform-v7/domain/money-stop-labels.ts,STANDARD,23,23,0,0,0,0,0,SURVIVING
apps/web/lib/platform-v7/domain/money.ts,STANDARD,202,202,0,0,0,0,0,SURVIVING
apps/web/lib/platform-v7/domain/rbac.ts,STANDARD,161,161,0,0,0,0,0,SURVIVING
apps/web/lib/platform-v7/domain/release-guard.ts,STANDARD,130,130,0,0,0,0,0,SURVIVING
apps/web/lib/platform-v7/domain/selectors.ts,STANDARD,41,41,0,0,0,0,0,SURVIVING
apps/web/lib/platform-v7/domain/status-mapper.ts,STANDARD,47,47,0,0,0,0,0,SURVIVING
apps/web/lib/platform-v7/domain/types.ts,STANDARD,180,180,0,0,0,0,0,SURVIVING
apps/web/lib/platform-v7/edo-adapter-emulator.ts,STANDARD,179,179,0,0,0,0,0,SURVIVING
apps/web/lib/platform-v7/environment.ts,STANDARD,52,52,0,0,0,0,0,SURVIVING
apps/web/lib/platform-v7/epd-adapter-emulator.ts,STANDARD,179,179,0,0,0,0,0,SURVIVING
apps/web/lib/platform-v7/evidence-ledger.ts,STANDARD,122,122,0,0,0,0,0,SURVIVING
apps/web/lib/platform-v7/evidence-model.ts,STANDARD,27,27,0,0,0,0,0,SURVIVING
apps/web/lib/platform-v7/evidence-pack.ts,STANDARD,155,155,0,0,0,0,0,SURVIVING
apps/web/lib/platform-v7/evidence-readiness-matrix.ts,STANDARD,133,133,0,0,0,0,0,SURVIVING
apps/web/lib/platform-v7/evidence-release-guard.ts,STANDARD,28,28,0,0,0,0,0,SURVIVING
apps/web/lib/platform-v7/evidence-retention.ts,STANDARD,115,115,0,0,0,0,0,SURVIVING
apps/web/lib/platform-v7/execution-action-core.ts,STANDARD,745,745,0,0,0,0,0,SURVIVING
apps/web/lib/platform-v7/execution-command-contracts.ts,STANDARD,347,347,0,0,0,0,0,SURVIVING
apps/web/lib/platform-v7/execution-envelope-helper.ts,STANDARD,140,140,0,0,0,0,0,SURVIVING
apps/web/lib/platform-v7/execution-gate-helper.ts,STANDARD,112,112,0,0,0,0,0,SURVIVING
apps/web/lib/platform-v7/execution-model.ts,STANDARD,136,136,0,0,0,0,0,SURVIVING
apps/web/lib/platform-v7/execution-observability-helper.ts,STANDARD,112,112,0,0,0,0,0,SURVIVING
apps/web/lib/platform-v7/execution-result-helper.ts,STANDARD,78,78,0,0,0,0,0,SURVIVING
apps/web/lib/platform-v7/execution-runtime-event-bridge.ts,STANDARD,50,50,0,0,0,0,0,SURVIVING
apps/web/lib/platform-v7/execution-service-registry-contract.ts,STANDARD,40,40,0,0,0,0,0,SURVIVING
apps/web/lib/platform-v7/execution-state-machine-bridge.ts,STANDARD,82,82,0,0,0,0,0,SURVIVING
apps/web/lib/platform-v7/execution-state-machine.ts,STANDARD,199,199,0,0,0,0,0,SURVIVING
apps/web/lib/platform-v7/execution-state-spine.ts,STANDARD,61,61,0,0,0,0,0,SURVIVING
apps/web/lib/platform-v7/external-adapters.ts,STANDARD,146,146,0,0,0,0,0,SURVIVING
apps/web/lib/platform-v7/external-copy-guardrails.ts,STANDARD,154,154,0,0,0,0,0,SURVIVING
apps/web/lib/platform-v7/farmerFgisAccessEngine.ts,STANDARD,65,65,0,0,0,0,0,SURVIVING
apps/web/lib/platform-v7/feature-flags.ts,STANDARD,102,102,0,0,0,0,0,SURVIVING
apps/web/lib/platform-v7/feedback-runner.ts,STANDARD,71,71,0,0,0,0,0,SURVIVING
apps/web/lib/platform-v7/feedback-toast.ts,STANDARD,44,44,0,0,0,0,0,SURVIVING
apps/web/lib/platform-v7/fgis-adapter-emulator.ts,STANDARD,187,187,0,0,0,0,0,SURVIVING
apps/web/lib/platform-v7/fgis-lot-passport.ts,STANDARD,64,64,0,0,0,0,0,SURVIVING
apps/web/lib/platform-v7/fgis-runtime-action.ts,STANDARD,46,46,0,0,0,0,0,SURVIVING
apps/web/lib/platform-v7/fgisAuctionAdapter.ts,STANDARD,22,22,0,0,0,0,0,SURVIVING
apps/web/lib/platform-v7/fgisAuctionEngine.ts,STANDARD,53,53,0,0,0,0,0,SURVIVING
apps/web/lib/platform-v7/fixture-token.ts,STANDARD,61,61,0,0,0,0,0,SURVIVING
apps/web/lib/platform-v7/govIdentityBridge.ts,STANDARD,61,61,0,0,0,0,0,SURVIVING
apps/web/lib/platform-v7/grain-execution/automation/action-feedback-engine.ts,STANDARD,88,88,0,0,0,0,0,SURVIVING
apps/web/lib/platform-v7/grain-execution/automation/action-guard-engine.ts,STANDARD,91,91,0,0,0,0,0,SURVIVING
apps/web/lib/platform-v7/grain-execution/automation/audit-event-engine.ts,STANDARD,55,55,0,0,0,0,0,SURVIVING
apps/web/lib/platform-v7/grain-execution/automation/document-requirement-engine.ts,STANDARD,95,95,0,0,0,0,0,SURVIVING
apps/web/lib/platform-v7/grain-execution/automation/evidence-pack-engine.ts,STANDARD,91,91,0,0,0,0,0,SURVIVING
apps/web/lib/platform-v7/grain-execution/automation/index.ts,STANDARD,13,13,0,0,0,0,0,SURVIVING
apps/web/lib/platform-v7/grain-execution/automation/logistics-incident-engine.ts,STANDARD,47,47,0,0,0,0,0,SURVIVING
apps/web/lib/platform-v7/grain-execution/automation/matching-engine.ts,STANDARD,86,86,0,0,0,0,0,SURVIVING
apps/web/lib/platform-v7/grain-execution/automation/money-release-engine.ts,STANDARD,168,168,0,0,0,0,0,SURVIVING
apps/web/lib/platform-v7/grain-execution/automation/netback-engine.ts,STANDARD,83,83,0,0,0,0,0,SURVIVING
apps/web/lib/platform-v7/grain-execution/automation/next-action-engine.ts,STANDARD,37,37,0,0,0,0,0,SURVIVING
apps/web/lib/platform-v7/grain-execution/automation/quality-delta-engine.ts,STANDARD,94,94,0,0,0,0,0,SURVIVING
apps/web/lib/platform-v7/grain-execution/automation/readiness-engine.ts,STANDARD,147,147,0,0,0,0,0,SURVIVING
apps/web/lib/platform-v7/grain-execution/automation/role-visibility-engine.ts,STANDARD,67,67,0,0,0,0,0,SURVIVING
apps/web/lib/platform-v7/grain-execution/automation/sample-chain-engine.ts,STANDARD,44,44,0,0,0,0,0,SURVIVING
apps/web/lib/platform-v7/grain-execution/automation/sdiz-gate-engine.ts,STANDARD,102,102,0,0,0,0,0,SURVIVING
apps/web/lib/platform-v7/grain-execution/automation/support-action-feedback-engine.ts,STANDARD,48,48,0,0,0,0,0,SURVIVING
apps/web/lib/platform-v7/grain-execution/automation/support-case-engine.ts,STANDARD,143,143,0,0,0,0,0,SURVIVING
apps/web/lib/platform-v7/grain-execution/automation/weight-balance-engine.ts,STANDARD,69,69,0,0,0,0,0,SURVIVING
apps/web/lib/platform-v7/grain-execution/context.ts,STANDARD,161,161,0,0,0,0,0,SURVIVING
apps/web/lib/platform-v7/grain-execution/format.ts,STANDARD,71,71,0,0,0,0,0,SURVIVING
apps/web/lib/platform-v7/grain-execution/mock-data.ts,STANDARD,525,525,0,0,0,0,0,SURVIVING
apps/web/lib/platform-v7/grain-execution/types.ts,STANDARD,769,769,0,0,0,0,0,SURVIVING
apps/web/lib/platform-v7/i18n/manual-dictionary-overrides.ts,STANDARD,92,92,0,0,0,0,0,SURVIVING
apps/web/lib/platform-v7/i18n/translation-runtime.ts,STANDARD,434,434,0,0,0,0,0,SURVIVING
apps/web/lib/platform-v7/idempotency-key-helper.ts,STANDARD,121,121,0,0,0,0,0,SURVIVING
apps/web/lib/platform-v7/install-public-assistant-fetch-resilience.ts,STANDARD,102,102,0,0,0,0,0,SURVIVING
apps/web/lib/platform-v7/integration-readiness.ts,STANDARD,136,136,0,0,0,0,0,SURVIVING
apps/web/lib/platform-v7/integrations/providerRegistry.ts,STANDARD,257,257,0,0,0,0,0,SURVIVING
apps/web/lib/platform-v7/investor-dashboard.ts,STANDARD,36,36,0,0,0,0,0,SURVIVING
apps/web/lib/platform-v7/investor-metrics.ts,STANDARD,83,83,0,0,0,0,0,SURVIVING
apps/web/lib/platform-v7/investor-roadmap.ts,STANDARD,78,78,0,0,0,0,0,SURVIVING
apps/web/lib/platform-v7/investor-story.ts,STANDARD,56,56,0,0,0,0,0,SURVIVING
apps/web/lib/platform-v7/journal-preview.ts,STANDARD,151,151,0,0,0,0,0,SURVIVING
apps/web/lib/platform-v7/legal-contracts.ts,STANDARD,125,125,0,0,0,0,0,SURVIVING
apps/web/lib/platform-v7/lexicon.ts,STANDARD,129,129,0,0,0,0,0,SURVIVING
apps/web/lib/platform-v7/logistics-chain.ts,STANDARD,45,45,0,0,0,0,0,SURVIVING
apps/web/lib/platform-v7/logistics-ops-queue.ts,STANDARD,158,158,0,0,0,0,0,SURVIVING
apps/web/lib/platform-v7/logistics-receiving-gate.ts,STANDARD,127,127,0,0,0,0,0,SURVIVING
apps/web/lib/platform-v7/logistics-release-readiness.ts,STANDARD,126,126,0,0,0,0,0,SURVIVING
apps/web/lib/platform-v7/logistics-shipment-gate.ts,STANDARD,125,125,0,0,0,0,0,SURVIVING
apps/web/lib/platform-v7/logistics-transport-documents-gate.ts,STANDARD,147,147,0,0,0,0,0,SURVIVING
apps/web/lib/platform-v7/logistics/logistics-simulation.ts,STANDARD,1,1,0,0,0,0,0,SURVIVING
apps/web/lib/platform-v7/manual-actions.ts,STANDARD,71,71,0,0,0,0,0,SURVIVING
apps/web/lib/platform-v7/market-model.ts,STANDARD,72,72,0,0,0,0,0,SURVIVING
apps/web/lib/platform-v7/market-rfq-route.ts,STANDARD,1,1,0,0,0,0,0,SURVIVING
apps/web/lib/platform-v7/marketing-attribution.server.ts,STANDARD,110,110,0,0,0,0,0,SURVIVING
apps/web/lib/platform-v7/marketing-attribution.ts,STANDARD,138,138,0,0,0,0,0,SURVIVING
apps/web/lib/platform-v7/matching-engine.ts,STANDARD,153,153,0,0,0,0,0,SURVIVING
apps/web/lib/platform-v7/metadata-slots.ts,STANDARD,67,67,0,0,0,0,0,SURVIVING
apps/web/lib/platform-v7/money-safety-actions.ts,STANDARD,44,44,0,0,0,0,0,SURVIVING
apps/web/lib/platform-v7/money-safety-audit.ts,STANDARD,84,84,0,0,0,0,0,SURVIVING
apps/web/lib/platform-v7/money-safety.ts,STANDARD,371,371,0,0,0,0,0,SURVIVING
apps/web/lib/platform-v7/money-tree.ts,STANDARD,295,295,0,0,0,0,0,SURVIVING
apps/web/lib/platform-v7/navigation.ts,STANDARD,84,84,0,0,0,0,0,SURVIVING
apps/web/lib/platform-v7/observability-contracts.ts,STANDARD,98,98,0,0,0,0,0,SURVIVING
apps/web/lib/platform-v7/offer-state-machine.ts,STANDARD,70,70,0,0,0,0,0,SURVIVING
apps/web/lib/platform-v7/offline-command-queue.ts,STANDARD,142,142,0,0,0,0,0,SURVIVING
apps/web/lib/platform-v7/onboarding-access-gate.ts,STANDARD,177,177,0,0,0,0,0,SURVIVING
apps/web/lib/platform-v7/onboarding-compliance-queue.ts,STANDARD,162,162,0,0,0,0,0,SURVIVING
apps/web/lib/platform-v7/onboarding-documents.ts,STANDARD,184,184,0,0,0,0,0,SURVIVING
apps/web/lib/platform-v7/onboarding-kyc.ts,STANDARD,159,159,0,0,0,0,0,SURVIVING
apps/web/lib/platform-v7/onboarding-risk-score.ts,STANDARD,139,139,0,0,0,0,0,SURVIVING
apps/web/lib/platform-v7/operator-actions.ts,STANDARD,46,46,0,0,0,0,0,SURVIVING
apps/web/lib/platform-v7/owner-controlled-cabinet-server.ts,STANDARD,90,90,0,0,0,0,0,SURVIVING
apps/web/lib/platform-v7/persistence-contracts.ts,STANDARD,92,92,0,0,0,0,0,SURVIVING
apps/web/lib/platform-v7/persistence-queue.ts,STANDARD,206,206,0,0,0,0,0,SURVIVING
apps/web/lib/platform-v7/persistence-repository.ts,STANDARD,129,129,0,0,0,0,0,SURVIVING
apps/web/lib/platform-v7/persistence-snapshot.ts,STANDARD,160,160,0,0,0,0,0,SURVIVING
apps/web/lib/platform-v7/platform-knowledge-sections.ts,STANDARD,1105,1105,0,0,0,0,0,SURVIVING
apps/web/lib/platform-v7/platformV7RouteIcons.ts,STANDARD,43,43,0,0,0,0,0,SURVIVING
apps/web/lib/platform-v7/premium/copy.ts,STANDARD,23,23,0,0,0,0,0,SURVIVING
apps/web/lib/platform-v7/premium/money.ts,STANDARD,19,19,0,0,0,0,0,SURVIVING
apps/web/lib/platform-v7/premium/types.ts,STANDARD,107,107,0,0,0,0,0,SURVIVING
apps/web/lib/platform-v7/price-calculators.ts,STANDARD,80,80,0,0,0,0,0,SURVIVING
apps/web/lib/platform-v7/proposal-model.ts,STANDARD,48,48,0,0,0,0,0,SURVIVING
apps/web/lib/platform-v7/prospect-assistant-knowledge.ts,STANDARD,228,225,0,0,3,0,0,SURVIVING
apps/web/lib/platform-v7/public-assistant-knowledge.ts,STANDARD,473,473,0,0,0,0,0,SURVIVING
apps/web/lib/platform-v7/public-brand-domain.ts,STANDARD,100,100,0,0,0,0,0,SURVIVING
apps/web/lib/platform-v7/public-product-experience-state.ts,STANDARD,175,175,0,0,0,0,0,SURVIVING
apps/web/lib/platform-v7/public-seo-routes.json,STANDARD,47,43,4,0,0,0,0,SURVIVING
apps/web/lib/platform-v7/quality-control-gate.ts,STANDARD,156,156,0,0,0,0,0,SURVIVING
apps/web/lib/platform-v7/quality-discount.ts,STANDARD,159,159,0,0,0,0,0,SURVIVING
apps/web/lib/platform-v7/quality-model.ts,STANDARD,38,38,0,0,0,0,0,SURVIVING
apps/web/lib/platform-v7/quality-release-readiness.ts,STANDARD,112,112,0,0,0,0,0,SURVIVING
apps/web/lib/platform-v7/rating-model.ts,STANDARD,42,42,0,0,0,0,0,SURVIVING
apps/web/lib/platform-v7/rbac-route-guard.ts,STANDARD,117,117,0,0,0,0,0,SURVIVING
apps/web/lib/platform-v7/readiness-copy.ts,STANDARD,5,5,0,0,0,0,0,SURVIVING
apps/web/lib/platform-v7/recently-viewed.ts,STANDARD,48,48,0,0,0,0,0,SURVIVING
apps/web/lib/platform-v7/release-safety-route.ts,STANDARD,1,1,0,0,0,0,0,SURVIVING
apps/web/lib/platform-v7/reliability-rating.ts,STANDARD,44,44,0,0,0,0,0,SURVIVING
apps/web/lib/platform-v7/repository-contracts.ts,STANDARD,110,110,0,0,0,0,0,SURVIVING
apps/web/lib/platform-v7/reputation.ts,STANDARD,134,134,0,0,0,0,0,SURVIVING
apps/web/lib/platform-v7/role-access.ts,STANDARD,156,156,0,0,0,0,0,SURVIVING
apps/web/lib/platform-v7/role-canonical.ts,STANDARD,85,85,0,0,0,0,0,SURVIVING
apps/web/lib/platform-v7/role-directory.ts,STANDARD,43,43,0,0,0,0,0,SURVIVING
apps/web/lib/platform-v7/role-execution-cockpit.ts,STANDARD,496,496,0,0,0,0,0,SURVIVING
apps/web/lib/platform-v7/role-journey.ts,STANDARD,72,72,0,0,0,0,0,SURVIVING
apps/web/lib/platform-v7/role-lens.ts,STANDARD,125,125,0,0,0,0,0,SURVIVING
apps/web/lib/platform-v7/roleIntentActions.ts,STANDARD,293,293,0,0,0,0,0,SURVIVING
apps/web/lib/platform-v7/roles.ts,STANDARD,46,46,0,0,0,0,0,SURVIVING
apps/web/lib/platform-v7/route-audit.ts,STANDARD,89,89,0,0,0,0,0,SURVIVING
apps/web/lib/platform-v7/route-canonicalization.ts,STANDARD,27,27,0,0,0,0,0,SURVIVING
apps/web/lib/platform-v7/routes-manifest.ts,STANDARD,70,70,0,0,0,0,0,SURVIVING
apps/web/lib/platform-v7/routes.ts,STANDARD,208,208,0,0,0,0,0,SURVIVING
apps/web/lib/platform-v7/runtime-action-contract.ts,STANDARD,229,229,0,0,0,0,0,SURVIVING
apps/web/lib/platform-v7/runtime-action-events.ts,STANDARD,98,98,0,0,0,0,0,SURVIVING
apps/web/lib/platform-v7/runtime-check-helper.ts,STANDARD,234,234,0,0,0,0,0,SURVIVING
apps/web/lib/platform-v7/runtime/application-service-types.ts,STANDARD,59,59,0,0,0,0,0,SURVIVING
apps/web/lib/platform-v7/runtime/application-service.ts,STANDARD,375,375,0,0,0,0,0,SURVIVING
apps/web/lib/platform-v7/runtime/bank-cockpit-state.ts,STANDARD,68,68,0,0,0,0,0,SURVIVING
apps/web/lib/platform-v7/runtime/bi-cockpit-state.ts,STANDARD,63,63,0,0,0,0,0,SURVIVING
apps/web/lib/platform-v7/runtime/db-persistence-adapter.ts,STANDARD,370,370,0,0,0,0,0,SURVIVING
apps/web/lib/platform-v7/runtime/dispute-cockpit-state.ts,STANDARD,59,59,0,0,0,0,0,SURVIVING
apps/web/lib/platform-v7/runtime/driver-cockpit-state.ts,STANDARD,85,85,0,0,0,0,0,SURVIVING
apps/web/lib/platform-v7/runtime/dto-schemas.ts,STANDARD,54,54,0,0,0,0,0,SURVIVING
apps/web/lib/platform-v7/runtime/entry-cockpit-state.ts,STANDARD,144,144,0,0,0,0,0,SURVIVING
apps/web/lib/platform-v7/runtime/health-cockpit-state.ts,STANDARD,115,115,0,0,0,0,0,SURVIVING
apps/web/lib/platform-v7/runtime/mock-persistence-adapter.ts,STANDARD,602,602,0,0,0,0,0,SURVIVING
apps/web/lib/platform-v7/runtime/observability-cockpit-state.ts,STANDARD,103,103,0,0,0,0,0,SURVIVING
apps/web/lib/platform-v7/runtime/open-walkthrough.ts,STANDARD,97,97,0,0,0,0,0,SURVIVING
apps/web/lib/platform-v7/runtime/persistence-driver.ts,STANDARD,119,119,0,0,0,0,0,SURVIVING
apps/web/lib/platform-v7/runtime/persistence-ports.ts,STANDARD,289,289,0,0,0,0,0,SURVIVING
apps/web/lib/platform-v7/runtime/pilot-metrics.ts,STANDARD,79,79,0,0,0,0,0,SURVIVING
apps/web/lib/platform-v7/security-contracts.ts,STANDARD,127,127,0,0,0,0,0,SURVIVING
apps/web/lib/platform-v7/security-rbac.ts,STANDARD,116,116,0,0,0,0,0,SURVIVING
apps/web/lib/platform-v7/server-action-contract-wrapper.ts,STANDARD,114,114,0,0,0,0,0,SURVIVING
apps/web/lib/platform-v7/server-action-route-body-reader.ts,STANDARD,226,226,0,0,0,0,0,SURVIVING
apps/web/lib/platform-v7/server-action-route-handler.ts,STANDARD,194,194,0,0,0,0,0,SURVIVING
apps/web/lib/platform-v7/server-action-route-result.ts,STANDARD,258,258,0,0,0,0,0,SURVIVING
apps/web/lib/platform-v7/server-actor-identity.ts,STANDARD,129,129,0,0,0,0,0,SURVIVING
apps/web/lib/platform-v7/server-audit-boundary.ts,STANDARD,112,112,0,0,0,0,0,SURVIVING
apps/web/lib/platform-v7/server-cabinet-access.ts,STANDARD,95,95,0,0,0,0,0,SURVIVING
apps/web/lib/platform-v7/server-dispute-gate.ts,STANDARD,128,128,0,0,0,0,0,SURVIVING
apps/web/lib/platform-v7/server-document-gate.ts,STANDARD,117,117,0,0,0,0,0,SURVIVING
apps/web/lib/platform-v7/server-field-masking.ts,STANDARD,109,109,0,0,0,0,0,SURVIVING
apps/web/lib/platform-v7/server-idempotency-boundary.ts,STANDARD,93,93,0,0,0,0,0,SURVIVING
apps/web/lib/platform-v7/server-money-operation-guard.ts,STANDARD,138,138,0,0,0,0,0,SURVIVING
apps/web/lib/platform-v7/server-persistence-boundary.ts,STANDARD,70,70,0,0,0,0,0,SURVIVING
apps/web/lib/platform-v7/server-risk-review-gate.ts,STANDARD,126,126,0,0,0,0,0,SURVIVING
apps/web/lib/platform-v7/server-support-gate.ts,STANDARD,105,105,0,0,0,0,0,SURVIVING
apps/web/lib/platform-v7/server-trip-gate.ts,STANDARD,107,107,0,0,0,0,0,SURVIVING
apps/web/lib/platform-v7/service-boundary-runner.ts,STANDARD,51,51,0,0,0,0,0,SURVIVING
apps/web/lib/platform-v7/service-contracts.ts,STANDARD,189,189,0,0,0,0,0,SURVIVING
apps/web/lib/platform-v7/shell-role-policy.ts,STANDARD,71,71,0,0,0,0,0,SURVIVING
apps/web/lib/platform-v7/shell.ts,STANDARD,69,69,0,0,0,0,0,SURVIVING
apps/web/lib/platform-v7/shellBreadcrumbs.ts,STANDARD,60,60,0,0,0,0,0,SURVIVING
apps/web/lib/platform-v7/shellLabels.ts,STANDARD,24,24,0,0,0,0,0,SURVIVING
apps/web/lib/platform-v7/shellNotificationCenter.ts,STANDARD,49,49,0,0,0,0,0,SURVIVING
apps/web/lib/platform-v7/shellNotifications.ts,STANDARD,171,171,0,0,0,0,0,SURVIVING
apps/web/lib/platform-v7/shellQuickJump.ts,STANDARD,57,57,0,0,0,0,0,SURVIVING
apps/web/lib/platform-v7/shellRoutes.ts,STANDARD,331,328,3,0,0,0,0,SURVIVING
apps/web/lib/platform-v7/shellShortcuts.ts,STANDARD,50,50,0,0,0,0,0,SURVIVING
apps/web/lib/platform-v7/simulated-external-actions.ts,STANDARD,82,82,0,0,0,0,0,SURVIVING
apps/web/lib/platform-v7/staff-access-task-catalog.ts,STANDARD,141,141,0,0,0,0,0,SURVIVING
apps/web/lib/platform-v7/staff-capabilities.ts,STANDARD,207,207,0,0,0,0,0,SURVIVING
apps/web/lib/platform-v7/state-transition-contracts.ts,STANDARD,120,120,0,0,0,0,0,SURVIVING
apps/web/lib/platform-v7/support-client-store.ts,STANDARD,129,129,0,0,0,0,0,SURVIVING
apps/web/lib/platform-v7/support-contour-smoke.ts,STANDARD,1,1,0,0,0,0,0,SURVIVING
apps/web/lib/platform-v7/support-data.ts,STANDARD,27,27,0,0,0,0,0,SURVIVING
apps/web/lib/platform-v7/support-helpers.ts,STANDARD,98,98,0,0,0,0,0,SURVIVING
apps/web/lib/platform-v7/support-model.ts,STANDARD,44,44,0,0,0,0,0,SURVIVING
apps/web/lib/platform-v7/support-types.ts,STANDARD,34,34,0,0,0,0,0,SURVIVING
apps/web/lib/platform-v7/tai-conversation-session.ts,STANDARD,89,0,89,0,0,0,0,NONE_SURVIVING
apps/web/lib/platform-v7/tai-conversation-state.ts,STANDARD,735,0,735,0,0,0,0,NONE_SURVIVING
apps/web/lib/platform-v7/tai-internal-stream.ts,STANDARD,241,33,208,0,0,0,0,SURVIVING
apps/web/lib/platform-v7/telegram-marketing-qualification.ts,STANDARD,71,71,0,0,0,0,0,SURVIVING
apps/web/lib/platform-v7/tenant-model.ts,STANDARD,134,134,0,0,0,0,0,SURVIVING
apps/web/lib/platform-v7/trading-source-of-truth.ts,STANDARD,54,54,0,0,0,0,0,SURVIVING
apps/web/lib/platform-v7/trip-service-contract.ts,STANDARD,43,43,0,0,0,0,0,SURVIVING
apps/web/lib/platform-v7/trip-state-model.ts,STANDARD,55,55,0,0,0,0,0,SURVIVING
apps/web/lib/platform-v7/usecase-service.ts,STANDARD,52,52,0,0,0,0,0,SURVIVING
apps/web/lib/platform-v7/verified-session.ts,STANDARD,231,231,0,0,0,0,0,SURVIVING
apps/web/lib/platform-v7/visual-qa-guardrails.ts,STANDARD,190,190,0,0,0,0,0,SURVIVING
apps/web/lib/platform-v7/weighing-model.ts,STANDARD,34,34,0,0,0,0,0,SURVIVING
apps/web/lib/platform-v7/workflow-source-of-truth.ts,STANDARD,334,334,0,0,0,0,0,SURVIVING
apps/web/lib/presentation-pdf/part-00.ts,STANDARD,2,2,0,0,0,0,0,SURVIVING
apps/web/lib/presentation-pdf/part-01.ts,STANDARD,2,2,0,0,0,0,0,SURVIVING
apps/web/lib/presentation-pdf/part-02.ts,STANDARD,2,2,0,0,0,0,0,SURVIVING
apps/web/lib/presentation-pdf/part-03.ts,STANDARD,2,2,0,0,0,0,0,SURVIVING
apps/web/lib/presentation-pdf/part-04.ts,STANDARD,2,2,0,0,0,0,0,SURVIVING
apps/web/lib/presentation-pdf/part-05.ts,STANDARD,2,2,0,0,0,0,0,SURVIVING
apps/web/lib/presentation-pdf/part-06.ts,STANDARD,2,2,0,0,0,0,0,SURVIVING
apps/web/lib/presentation-pdf/part-07.ts,STANDARD,2,2,0,0,0,0,0,SURVIVING
apps/web/lib/presentation-pdf/part-08.ts,STANDARD,2,2,0,0,0,0,0,SURVIVING
apps/web/lib/presentation-pdf/part-09.ts,STANDARD,2,2,0,0,0,0,0,SURVIVING
apps/web/lib/presentation-pdf/part-10.ts,STANDARD,2,2,0,0,0,0,0,SURVIVING
apps/web/lib/presentation-pdf/part-11.ts,STANDARD,2,2,0,0,0,0,0,SURVIVING
apps/web/lib/presentation-pdf/part-12.ts,STANDARD,2,2,0,0,0,0,0,SURVIVING
apps/web/lib/presentation-pdf/part-13.ts,STANDARD,2,2,0,0,0,0,0,SURVIVING
apps/web/lib/provider-assignment-access.ts,STANDARD,56,0,56,0,0,0,0,NONE_SURVIVING
apps/web/lib/provider-stage-context.ts,STANDARD,45,0,45,0,0,0,0,NONE_SURVIVING
apps/web/lib/public-market-server.ts,STANDARD,180,180,0,0,0,0,0,SURVIVING
apps/web/lib/realtime.ts,STANDARD,91,0,91,0,0,0,0,NONE_SURVIVING
apps/web/lib/report-data.ts,STANDARD,33,0,33,0,0,0,0,NONE_SURVIVING
apps/web/lib/reporting-server.ts,STANDARD,81,80,0,0,1,0,0,SURVIVING
apps/web/lib/role-home-server.ts,STANDARD,12,0,11,0,1,0,0,NONE_SURVIVING
apps/web/lib/route-roles.ts,STANDARD,24,0,24,0,0,0,0,NONE_SURVIVING
apps/web/lib/runtime-client.ts,STANDARD,231,0,231,0,0,0,0,NONE_SURVIVING
apps/web/lib/runtime-gap-policy.ts,STANDARD,22,0,22,0,0,0,0,NONE_SURVIVING
apps/web/lib/runtime-process.ts,STANDARD,127,0,127,0,0,0,0,NONE_SURVIVING
apps/web/lib/runtime-server.ts,STANDARD,108,0,108,0,0,0,0,NONE_SURVIVING
apps/web/lib/sber-server.ts,STANDARD,36,0,35,0,1,0,0,NONE_SURVIVING
apps/web/lib/scenario-data.ts,STANDARD,82,0,82,0,0,0,0,NONE_SURVIVING
apps/web/lib/server-api.ts,STANDARD,20,9,11,0,0,0,0,SURVIVING
apps/web/lib/server-request-actor.ts,STANDARD,151,6,145,0,0,0,0,SURVIVING
apps/web/lib/server-request-security.ts,STANDARD,125,83,42,0,0,0,0,SURVIVING
apps/web/lib/server/auth-session-response.ts,STANDARD,203,199,4,0,0,0,0,SURVIVING
apps/web/lib/server/gekta-auth-route.ts,STANDARD,82,82,0,0,0,0,0,SURVIVING
apps/web/lib/server/gekta-mfa-ticket.ts,STANDARD,231,231,0,0,0,0,0,SURVIVING
apps/web/lib/server/membership-selection-cookie.ts,STANDARD,20,20,0,0,0,0,0,SURVIVING
apps/web/lib/server/mfa-login-ticket.ts,STANDARD,107,107,0,0,0,0,0,SURVIVING
apps/web/lib/server/mfa-recovery-mail.ts,STANDARD,126,126,0,0,0,0,0,SURVIVING
apps/web/lib/server/mfa-step-up-cookie.ts,STANDARD,20,20,0,0,0,0,0,SURVIVING
apps/web/lib/server/organization-invitation-mail.ts,STANDARD,73,73,0,0,0,0,0,SURVIVING
apps/web/lib/server/server-api-origin.ts,STANDARD,37,37,0,0,0,0,0,SURVIVING
apps/web/lib/server/transactional-mail.ts,STANDARD,219,219,0,0,0,0,0,SURVIVING
apps/web/lib/settlement-server.ts,STANDARD,81,21,58,0,2,0,0,SURVIVING
apps/web/lib/status-labels.ts,STANDARD,97,0,97,0,0,0,0,NONE_SURVIVING
apps/web/lib/surface-registry.ts,STANDARD,148,0,148,0,0,0,0,NONE_SURVIVING
apps/web/lib/uat.ts,STANDARD,5,0,5,0,0,0,0,NONE_SURVIVING
apps/web/lib/uploads/bounded-body.ts,STANDARD,60,60,0,0,0,0,0,SURVIVING
apps/web/lib/uploads/content-signature.ts,STANDARD,126,126,0,0,0,0,0,SURVIVING
apps/web/lib/uploads/decompression-budget.ts,STANDARD,371,371,0,0,0,0,0,SURVIVING
apps/web/lib/uploads/image-dimensions.ts,STANDARD,193,193,0,0,0,0,0,SURVIVING
apps/web/lib/utils/formatDate.ts,STANDARD,51,51,0,0,0,0,0,SURVIVING
apps/web/lib/utils/truncate.ts,STANDARD,20,20,0,0,0,0,0,SURVIVING
apps/web/lib/v7r/crop-catalog.ts,STANDARD,77,77,0,0,0,0,0,SURVIVING
apps/web/lib/v7r/data.ts,STANDARD,330,285,45,0,0,0,0,SURVIVING
apps/web/lib/v7r/deal-persistence-timeline.ts,STANDARD,17,17,0,0,0,0,0,SURVIVING
apps/web/lib/v7r/esia-fgis-data.ts,STANDARD,456,339,117,0,0,0,0,SURVIVING
apps/web/lib/v7r/evidence-operational-projection.ts,STANDARD,130,130,0,0,0,0,0,SURVIVING
apps/web/lib/v7r/evidence-pack-ui.ts,STANDARD,145,145,0,0,0,0,0,SURVIVING
apps/web/lib/v7r/evidence-pack.ts,STANDARD,84,84,0,0,0,0,0,SURVIVING
apps/web/lib/v7r/fgisSoapSandbox.ts,STANDARD,69,69,0,0,0,0,0,SURVIVING
apps/web/lib/v7r/helpers.ts,STANDARD,63,63,0,0,0,0,0,SURVIVING
apps/web/lib/v7r/money-audit-rows.ts,STANDARD,75,75,0,0,0,0,0,SURVIVING
apps/web/lib/v7r/persistence-queue.ts,STANDARD,103,103,0,0,0,0,0,SURVIVING
apps/web/lib/v7r/transport-docs.ts,STANDARD,647,647,0,0,0,0,0,SURVIVING
apps/web/lib/v9/roles.ts,STANDARD,145,0,145,0,0,0,0,NONE_SURVIVING
apps/web/lib/v9/statuses.ts,STANDARD,105,0,105,0,0,0,0,NONE_SURVIVING
apps/web/lib/v9/tokens.ts,STANDARD,85,0,85,0,0,0,0,NONE_SURVIVING
apps/web/lib/v9/utils.ts,STANDARD,6,0,6,0,0,0,0,NONE_SURVIVING
apps/web/lib/websocket-client.ts,STANDARD,70,0,70,0,0,0,0,NONE_SURVIVING
apps/web/lib/workflow-policies.ts,STANDARD,207,0,207,0,0,0,0,NONE_SURVIVING
apps/web/lighthouserc.cjs,STANDARD,41,41,0,0,0,0,0,SURVIVING
apps/web/messages/en.json,STANDARD,384,0,384,0,0,0,0,NONE_SURVIVING
apps/web/messages/ru.json,STANDARD,384,0,384,0,0,0,0,NONE_SURVIVING
apps/web/messages/zh.json,STANDARD,384,0,384,0,0,0,0,NONE_SURVIVING
apps/web/middleware.ts,STANDARD,587,562,17,0,8,0,0,SURVIVING
apps/web/mocks/browser.ts,STANDARD,4,0,4,0,0,0,0,NONE_SURVIVING
apps/web/mocks/fixtures/bank-events.json,STANDARD,15,0,15,0,0,0,0,NONE_SURVIVING
apps/web/mocks/fixtures/batches.json,STANDARD,48,0,48,0,0,0,0,NONE_SURVIVING
apps/web/mocks/fixtures/deals.json,STANDARD,331,0,331,0,0,0,0,NONE_SURVIVING
apps/web/mocks/fixtures/disputes.json,STANDARD,59,0,59,0,0,0,0,NONE_SURVIVING
apps/web/mocks/fixtures/rfq.json,STANDARD,109,0,109,0,0,0,0,NONE_SURVIVING
apps/web/mocks/handlers.ts,STANDARD,203,0,203,0,0,0,0,NONE_SURVIVING
apps/web/mocks/server.ts,STANDARD,4,0,4,0,0,0,0,NONE_SURVIVING
apps/web/next-env.d.ts,STANDARD,6,0,4,0,2,0,0,NONE_SURVIVING
apps/web/next.config.js,STANDARD,158,149,7,0,2,0,0,SURVIVING
apps/web/package.json,STANDARD,73,14,59,0,0,0,0,SURVIVING
apps/web/playwright.acceptance.config.ts,STANDARD,82,59,23,0,0,0,0,SURVIVING
apps/web/playwright.config.ts,STANDARD,24,0,24,0,0,0,0,NONE_SURVIVING
apps/web/playwright.gekta-mobile-pr.config.ts,STANDARD,42,42,0,0,0,0,0,SURVIVING
apps/web/playwright.production-i18n.config.ts,STANDARD,43,43,0,0,0,0,0,SURVIVING
apps/web/playwright.production-mobile.config.ts,STANDARD,41,41,0,0,0,0,0,SURVIVING
apps/web/playwright.production.config.ts,STANDARD,34,34,0,0,0,0,0,SURVIVING
apps/web/postcss.config.js,STANDARD,6,6,0,0,0,0,0,SURVIVING
apps/web/public/.well-known/pc-deploy.txt,STANDARD,6,6,0,0,0,0,0,SURVIVING
apps/web/public/deploy-trigger-20260422-2152.txt,STANDARD,1,1,0,0,0,0,0,SURVIVING
apps/web/public/deploy-trigger-20260422-2235.txt,STANDARD,1,1,0,0,0,0,0,SURVIVING
apps/web/public/deploy-trigger-20260422-2246.txt,STANDARD,1,1,0,0,0,0,0,SURVIVING
apps/web/public/deploy-trigger-20260422-2310.txt,STANDARD,1,1,0,0,0,0,0,SURVIVING
apps/web/public/deploy-trigger-20260422-2320.txt,STANDARD,1,1,0,0,0,0,0,SURVIVING
apps/web/public/deploy-trigger-fix-slug-20260423-0008.txt,STANDARD,1,1,0,0,0,0,0,SURVIVING
apps/web/public/deploy-trigger-style-20260422-2345.txt,STANDARD,1,1,0,0,0,0,0,SURVIVING
apps/web/public/deploy-trigger-style-20260422-2358.txt,STANDARD,1,1,0,0,0,0,0,SURVIVING
apps/web/public/discovery.txt,STANDARD,12,12,0,0,0,0,0,SURVIVING
apps/web/public/indexnow.txt,STANDARD,1,1,0,0,0,0,0,SURVIVING
apps/web/public/manifest.json,STANDARD,78,78,0,0,0,0,0,SURVIVING
apps/web/public/mockServiceWorker.js,STANDARD,349,1,348,0,0,0,0,SURVIVING
apps/web/public/p1-batch-note.txt,STANDARD,1,1,0,0,0,0,0,SURVIVING
apps/web/public/platform-v7-build-marker.txt,STANDARD,4,1,3,0,0,0,0,SURVIVING
apps/web/public/platform-v7-density-fix.css,STANDARD,312,312,0,0,0,0,0,SURVIVING
apps/web/public/platform-v7/hero-grain-field.svg,STANDARD,96,96,0,0,0,0,0,SURVIVING
apps/web/public/platform-v7/hero-soft-wheat-art-20260709.svg,STANDARD,99,99,0,0,0,0,0,SURVIVING
apps/web/public/platform-v7/i18n/dictionaries.json,STANDARD,6624,164,6460,0,0,0,0,SURVIVING
apps/web/public/platform-v7/openapi.yaml,STANDARD,198,198,0,0,0,0,0,SURVIVING
apps/web/public/platform-v7/wheat-exact-background.svg,STANDARD,3,3,0,0,0,0,0,SURVIVING
apps/web/public/sw.js,STANDARD,22,21,1,0,0,0,0,SURVIVING
apps/web/release/public-ai-mobile-terminal-finalizer.txt,STANDARD,2,2,0,0,0,0,0,SURVIVING
apps/web/scripts/materialize-presentation-pdf.mjs,STANDARD,279,279,0,0,0,0,0,SURVIVING
apps/web/scripts/presentation-pdf-contract.mjs,STANDARD,14,14,0,0,0,0,0,SURVIVING
apps/web/src/domain/actions/actionEngine.ts,STANDARD,44,44,0,0,0,0,0,SURVIVING
apps/web/src/domain/actions/usePlatformAction.ts,STANDARD,17,17,0,0,0,0,0,SURVIVING
apps/web/src/domain/fixtures/index.ts,STANDARD,104,104,0,0,0,0,0,SURVIVING
apps/web/src/domain/kpi/index.ts,STANDARD,40,40,0,0,0,0,0,SURVIVING
apps/web/src/domain/state-machine/dealStateMachine.ts,STANDARD,184,184,0,0,0,0,0,SURVIVING
apps/web/src/domain/store/platformDomainStore.ts,STANDARD,85,85,0,0,0,0,0,SURVIVING
apps/web/src/domain/types/index.ts,STANDARD,186,186,0,0,0,0,0,SURVIVING
apps/web/stores/useBuyerRuntimeStore.ts,STANDARD,309,309,0,0,0,0,0,SURVIVING
apps/web/stores/useCommercialRuntimeStore.ts,STANDARD,95,72,23,0,0,0,0,SURVIVING
apps/web/stores/useFieldRuntimeStore.ts,STANDARD,91,90,1,0,0,0,0,SURVIVING
apps/web/stores/useLiveDealRuntimeStore.ts,STANDARD,174,174,0,0,0,0,0,SURVIVING
apps/web/stores/useOfflineQueueStore.ts,STANDARD,49,0,49,0,0,0,0,NONE_SURVIVING
apps/web/stores/usePlatformV7RStore.ts,STANDARD,103,102,1,0,0,0,0,SURVIVING
apps/web/stores/useSessionStore.ts,STANDARD,43,0,43,0,0,0,0,NONE_SURVIVING
apps/web/styles/design-fixes.css,STANDARD,236,236,0,0,0,0,0,SURVIVING
apps/web/styles/enterprise-ui.css,STANDARD,241,241,0,0,0,0,0,SURVIVING
apps/web/styles/mobile-breakpoints.css,STANDARD,225,225,0,0,0,0,0,SURVIVING
apps/web/styles/mobile-polish.css,STANDARD,322,322,0,0,0,0,0,SURVIVING
apps/web/styles/platform-v7-ai-in-action-density.css,STANDARD,341,341,0,0,0,0,0,SURVIVING
apps/web/styles/platform-v7-emergency-mobile.css,STANDARD,34,34,0,0,0,0,0,SURVIVING
apps/web/styles/platform-v7-entry-reference.css,STANDARD,41,41,0,0,0,0,0,SURVIVING
apps/web/styles/platform-v7-exhibition.css,STANDARD,184,184,0,0,0,0,0,SURVIVING
apps/web/styles/platform-v7-home-hero-card-legibility.css,STANDARD,10,10,0,0,0,0,0,SURVIVING
apps/web/styles/platform-v7-home-mobile-brand.css,STANDARD,89,89,0,0,0,0,0,SURVIVING
apps/web/styles/platform-v7-i18n-cjk.css,STANDARD,11,11,0,0,0,0,0,SURVIVING
apps/web/styles/platform-v7-international-home-fix.css,STANDARD,246,246,0,0,0,0,0,SURVIVING
apps/web/styles/platform-v7-lang-lock.css,STANDARD,62,62,0,0,0,0,0,SURVIVING
apps/web/styles/platform-v7-login-mobile-stability.css,STANDARD,1,1,0,0,0,0,0,SURVIVING
apps/web/styles/platform-v7-mobile-notification-safe.css,STANDARD,125,125,0,0,0,0,0,SURVIVING
apps/web/styles/platform-v7-open-login-final.css,STANDARD,1,1,0,0,0,0,0,SURVIVING
apps/web/styles/platform-v7-premium-rhythm.css,STANDARD,114,114,0,0,0,0,0,SURVIVING
apps/web/styles/platform-v7-public-assistant-attachments.css,STANDARD,120,120,0,0,0,0,0,SURVIVING
apps/web/styles/platform-v7-public-assistant-mobile-fix.css,STANDARD,276,276,0,0,0,0,0,SURVIVING
apps/web/styles/platform-v7-public-assistant-mobile-hotfix.css,STANDARD,179,179,0,0,0,0,0,SURVIVING
apps/web/styles/platform-v7-public-assistant-polish.css,STANDARD,389,389,0,0,0,0,0,SURVIVING
apps/web/styles/platform-v7-public-assistant-shortcut.css,STANDARD,97,97,0,0,0,0,0,SURVIVING
apps/web/styles/platform-v7-public-assistant-viewport.css,STANDARD,135,135,0,0,0,0,0,SURVIVING
apps/web/styles/platform-v7-public-assistant.css,STANDARD,645,639,6,0,0,0,0,SURVIVING
apps/web/styles/platform-v7-public-auth.css,STANDARD,504,504,0,0,0,0,0,SURVIVING
apps/web/styles/platform-v7-public-cjk-runtime.css,STANDARD,29,29,0,0,0,0,0,SURVIVING
apps/web/styles/platform-v7-public-deal-explorer-mobile.css,STANDARD,71,71,0,0,0,0,0,SURVIVING
apps/web/styles/platform-v7-public-deal-journey-v5.css,STANDARD,258,258,0,0,0,0,0,SURVIVING
apps/web/styles/platform-v7-public-entry-stable.css,STANDARD,341,341,0,0,0,0,0,SURVIVING
apps/web/styles/platform-v7-public-header.css,STANDARD,273,273,0,0,0,0,0,SURVIVING
apps/web/styles/platform-v7-public-hero-offset-fix.css,STANDARD,69,69,0,0,0,0,0,SURVIVING
apps/web/styles/platform-v7-public-hero-watermark.css,STANDARD,62,62,0,0,0,0,0,SURVIVING
apps/web/styles/platform-v7-public-intelligence-layer.css,STANDARD,1320,1320,0,0,0,0,0,SURVIVING
apps/web/styles/platform-v7-public-landing.css,STANDARD,10,10,0,0,0,0,0,SURVIVING
apps/web/styles/platform-v7-public-mobile-safe-area.css,STANDARD,111,111,0,0,0,0,0,SURVIVING
apps/web/styles/platform-v7-public-product-entry-variants.css,STANDARD,470,465,5,0,0,0,0,SURVIVING
apps/web/styles/platform-v7-public-product-experience-v3-refinement.css,STANDARD,146,146,0,0,0,0,0,SURVIVING
apps/web/styles/platform-v7-public-product-experience-v3.css,STANDARD,1734,1725,0,0,9,0,0,SURVIVING
apps/web/styles/platform-v7-public-product-experience-v4.css,STANDARD,615,611,4,0,0,0,0,SURVIVING
apps/web/styles/platform-v7-public-product-experience-v5.css,STANDARD,979,979,0,0,0,0,0,SURVIVING
apps/web/styles/platform-v7-public-register-official.css,STANDARD,204,204,0,0,0,0,0,SURVIVING
apps/web/styles/platform-v7-public-register-reflow.css,STANDARD,152,152,0,0,0,0,0,SURVIVING
apps/web/styles/platform-v7-public-register.css,STANDARD,304,304,0,0,0,0,0,SURVIVING
apps/web/styles/platform-v7-public-typography.css,STANDARD,497,497,0,0,0,0,0,SURVIVING
apps/web/styles/platform-v7-public-webkit-safe.css,STANDARD,113,113,0,0,0,0,0,SURVIVING
apps/web/styles/platform-v7-public-world-class.css,STANDARD,925,925,0,0,0,0,0,SURVIVING
apps/web/styles/platform-v7-role-cards-stable.css,STANDARD,45,45,0,0,0,0,0,SURVIVING
apps/web/styles/platform-v7-showcase-hardening.css,STANDARD,125,125,0,0,0,0,0,SURVIVING
apps/web/styles/platform-v7-spacing-system.css,STANDARD,100,100,0,0,0,0,0,SURVIVING
apps/web/styles/platform-v7-strategic-home-v3.css,STANDARD,509,509,0,0,0,0,0,SURVIVING
apps/web/styles/platform-v7-unified-modal-fullscreen.css,STANDARD,542,542,0,0,0,0,0,SURVIVING
apps/web/styles/platform-v7-universal-adaptive.css,STANDARD,1,1,0,0,0,0,0,SURVIVING
apps/web/styles/platform-v7-workspace-mode.css,STANDARD,101,101,0,0,0,0,0,SURVIVING
apps/web/styles/theme.css,STANDARD,357,357,0,0,0,0,0,SURVIVING
apps/web/styles/typography-tokens.css,STANDARD,272,272,0,0,0,0,0,SURVIVING
apps/web/tailwind.config.ts,STANDARD,95,17,78,0,0,0,0,SURVIVING
apps/web/tests/e2e/control-tower-kpi.spec.ts,STANDARD,25,25,0,0,0,0,0,SURVIVING
apps/web/tests/e2e/deal-cycle-e2e-simulation.spec.ts,STANDARD,168,0,168,0,0,0,0,NONE_SURVIVING
apps/web/tests/e2e/forbidden-copy.spec.ts,STANDARD,110,110,0,0,0,0,0,SURVIVING
apps/web/tests/e2e/gekta-hero-density-acceptance.spec.ts,STANDARD,56,56,0,0,0,0,0,SURVIVING
apps/web/tests/e2e/gekta-ios-safari-visual-polish-acceptance.spec.ts,STANDARD,201,201,0,0,0,0,0,SURVIVING
apps/web/tests/e2e/gekta-keyboard-start-acceptance.spec.ts,STANDARD,200,200,0,0,0,0,0,SURVIVING
apps/web/tests/e2e/gekta-production-mobile-acceptance.spec.ts,STANDARD,426,426,0,0,0,0,0,SURVIVING
apps/web/tests/e2e/investor-demo.spec.ts,STANDARD,121,0,121,0,0,0,0,NONE_SURVIVING
apps/web/tests/e2e/platform-v7-action-feedback-gate.spec.ts,STANDARD,41,41,0,0,0,0,0,SURVIVING
apps/web/tests/e2e/platform-v7-action-feedback-strip.spec.ts,STANDARD,18,18,0,0,0,0,0,SURVIVING
apps/web/tests/e2e/platform-v7-agent-generated-smoke-02.spec.ts,STANDARD,11,0,0,0,11,0,0,NONE_SURVIVING
apps/web/tests/e2e/platform-v7-agent-generated-smoke-03.spec.ts,STANDARD,12,0,0,0,12,0,0,NONE_SURVIVING
apps/web/tests/e2e/platform-v7-agent-generated-smoke-04.spec.ts,STANDARD,12,0,0,0,12,0,0,NONE_SURVIVING
apps/web/tests/e2e/platform-v7-agent-generated-smoke-05.spec.ts,STANDARD,12,0,0,0,12,0,0,NONE_SURVIVING
apps/web/tests/e2e/platform-v7-agent-generated-smoke-06.spec.ts,STANDARD,12,0,0,0,12,0,0,NONE_SURVIVING
apps/web/tests/e2e/platform-v7-agent-generated-smoke-07.spec.ts,STANDARD,12,0,0,0,12,0,0,NONE_SURVIVING
apps/web/tests/e2e/platform-v7-agent-generated-smoke-08.spec.ts,STANDARD,12,0,0,0,12,0,0,NONE_SURVIVING
apps/web/tests/e2e/platform-v7-agent-generated-smoke-09.spec.ts,STANDARD,12,0,0,0,12,0,0,NONE_SURVIVING
apps/web/tests/e2e/platform-v7-agent-generated-smoke-10.spec.ts,STANDARD,12,0,0,0,12,0,0,NONE_SURVIVING
apps/web/tests/e2e/platform-v7-agent-generated-smoke-11.spec.ts,STANDARD,12,0,0,0,12,0,0,NONE_SURVIVING
apps/web/tests/e2e/platform-v7-agent-generated-smoke-12.spec.ts,STANDARD,12,0,0,0,12,0,0,NONE_SURVIVING
apps/web/tests/e2e/platform-v7-agent-generated-smoke-13.spec.ts,STANDARD,12,0,0,0,12,0,0,NONE_SURVIVING
apps/web/tests/e2e/platform-v7-agent-generated-smoke-14.spec.ts,STANDARD,12,0,0,0,12,0,0,NONE_SURVIVING
apps/web/tests/e2e/platform-v7-agent-generated-smoke-15.spec.ts,STANDARD,12,0,0,0,12,0,0,NONE_SURVIVING
apps/web/tests/e2e/platform-v7-agent-generated-smoke-16.spec.ts,STANDARD,12,0,0,0,12,0,0,NONE_SURVIVING
apps/web/tests/e2e/platform-v7-agent-generated-smoke-17.spec.ts,STANDARD,12,0,0,0,12,0,0,NONE_SURVIVING
apps/web/tests/e2e/platform-v7-agent-generated-smoke-18.spec.ts,STANDARD,12,0,0,0,12,0,0,NONE_SURVIVING
apps/web/tests/e2e/platform-v7-agent-generated-smoke-19.spec.ts,STANDARD,12,0,0,0,12,0,0,NONE_SURVIVING
apps/web/tests/e2e/platform-v7-agent-generated-smoke.spec.ts,STANDARD,11,0,0,0,11,0,0,NONE_SURVIVING
apps/web/tests/e2e/platform-v7-bank-release-action-visibility.spec.ts,STANDARD,14,14,0,0,0,0,0,SURVIVING
apps/web/tests/e2e/platform-v7-buyer-cockpit-pass.spec.ts,STANDARD,22,22,0,0,0,0,0,SURVIVING
apps/web/tests/e2e/platform-v7-control-mobile-header-boundaries.spec.ts,STANDARD,69,69,0,0,0,0,0,SURVIVING
apps/web/tests/e2e/platform-v7-deal-identity-smoke.spec.ts,STANDARD,38,38,0,0,0,0,0,SURVIVING
apps/web/tests/e2e/platform-v7-design-system-v8-acceptance.spec.ts,STANDARD,450,347,103,0,0,0,0,SURVIVING
apps/web/tests/e2e/platform-v7-dispute-detail-copy.spec.ts,STANDARD,40,40,0,0,0,0,0,SURVIVING
apps/web/tests/e2e/platform-v7-dispute-evidence-gate.spec.ts,STANDARD,15,15,0,0,0,0,0,SURVIVING
apps/web/tests/e2e/platform-v7-documents-actions.spec.ts,STANDARD,34,34,0,0,0,0,0,SURVIVING
apps/web/tests/e2e/platform-v7-documents-matrix.spec.ts,STANDARD,41,41,0,0,0,0,0,SURVIVING
apps/web/tests/e2e/platform-v7-driver-field-mobile-pass.spec.ts,STANDARD,19,19,0,0,0,0,0,SURVIVING
apps/web/tests/e2e/platform-v7-driver-field-no-regression.spec.ts,STANDARD,95,95,0,0,0,0,0,SURVIVING
apps/web/tests/e2e/platform-v7-driver-field-shell.spec.ts,STANDARD,35,35,0,0,0,0,0,SURVIVING
apps/web/tests/e2e/platform-v7-entry-gate.spec.ts,STANDARD,49,49,0,0,0,0,0,SURVIVING
apps/web/tests/e2e/platform-v7-evidence-decision.spec.ts,STANDARD,17,17,0,0,0,0,0,SURVIVING
apps/web/tests/e2e/platform-v7-evidence-pack.spec.ts,STANDARD,25,25,0,0,0,0,0,SURVIVING
apps/web/tests/e2e/platform-v7-execution-flow-guard.spec.ts,STANDARD,33,33,0,0,0,0,0,SURVIVING
apps/web/tests/e2e/platform-v7-executive-admin-pages.spec.ts,STANDARD,63,0,0,63,0,0,0,SURVIVING
apps/web/tests/e2e/platform-v7-feedback-mobile-grid.spec.ts,STANDARD,13,13,0,0,0,0,0,SURVIVING
apps/web/tests/e2e/platform-v7-field-mobile-header-labels.spec.ts,STANDARD,55,55,0,0,0,0,0,SURVIVING
apps/web/tests/e2e/platform-v7-field-usability-gate.spec.ts,STANDARD,54,54,0,0,0,0,0,SURVIVING
apps/web/tests/e2e/platform-v7-final-check.spec.ts,STANDARD,67,67,0,0,0,0,0,SURVIVING
apps/web/tests/e2e/platform-v7-final-demo-flow.spec.ts,STANDARD,41,41,0,0,0,0,0,SURVIVING
apps/web/tests/e2e/platform-v7-forbidden-copy-gate.spec.ts,STANDARD,57,57,0,0,0,0,0,SURVIVING
apps/web/tests/e2e/platform-v7-full-grain-execution-demo.spec.ts,STANDARD,8,8,0,0,0,0,0,SURVIVING
apps/web/tests/e2e/platform-v7-grain-release-cockpit.spec.ts,STANDARD,19,19,0,0,0,0,0,SURVIVING
apps/web/tests/e2e/platform-v7-hero-card-min14.spec.ts,STANDARD,47,47,0,0,0,0,0,SURVIVING
apps/web/tests/e2e/platform-v7-home-brand-visibility.spec.ts,STANDARD,129,129,0,0,0,0,0,SURVIVING
apps/web/tests/e2e/platform-v7-investor-truth.spec.ts,STANDARD,36,36,0,0,0,0,0,SURVIVING
apps/web/tests/e2e/platform-v7-key-routes-smoke.spec.ts,STANDARD,35,35,0,0,0,0,0,SURVIVING
apps/web/tests/e2e/platform-v7-live-smoke-gate.spec.ts,STANDARD,54,54,0,0,0,0,0,SURVIVING
apps/web/tests/e2e/platform-v7-manual-action-reasons.spec.ts,STANDARD,19,19,0,0,0,0,0,SURVIVING
apps/web/tests/e2e/platform-v7-mobile-compact-shell.spec.ts,STANDARD,57,57,0,0,0,0,0,SURVIVING
apps/web/tests/e2e/platform-v7-mobile-excellence-pass.spec.ts,STANDARD,277,277,0,0,0,0,0,SURVIVING
apps/web/tests/e2e/platform-v7-mobile-overflow-390.spec.ts,STANDARD,38,38,0,0,0,0,0,SURVIVING
apps/web/tests/e2e/platform-v7-mobile-overflow-gate.spec.ts,STANDARD,47,47,0,0,0,0,0,SURVIVING
apps/web/tests/e2e/platform-v7-mobile-shell-role-control.spec.ts,STANDARD,49,49,0,0,0,0,0,SURVIVING
apps/web/tests/e2e/platform-v7-mobile-smoke.spec.ts,STANDARD,115,115,0,0,0,0,0,SURVIVING
apps/web/tests/e2e/platform-v7-money-tree.spec.ts,STANDARD,19,19,0,0,0,0,0,SURVIVING
apps/web/tests/e2e/platform-v7-moneytree-usage.spec.ts,STANDARD,40,40,0,0,0,0,0,SURVIVING
apps/web/tests/e2e/platform-v7-polish-matrix.spec.ts,STANDARD,194,194,0,0,0,0,0,SURVIVING
apps/web/tests/e2e/platform-v7-production-auth-smoke.spec.ts,STANDARD,79,79,0,0,0,0,0,SURVIVING
apps/web/tests/e2e/platform-v7-production-i18n-acceptance.spec.ts,STANDARD,309,309,0,0,0,0,0,SURVIVING
apps/web/tests/e2e/platform-v7-production-mobile-acceptance.spec.ts,STANDARD,341,341,0,0,0,0,0,SURVIVING
apps/web/tests/e2e/platform-v7-public-deal-explorer-mobile.spec.ts,STANDARD,97,97,0,0,0,0,0,SURVIVING
apps/web/tests/e2e/platform-v7-public-experience-v4.spec.ts,STANDARD,251,251,0,0,0,0,0,SURVIVING
apps/web/tests/e2e/platform-v7-public-intelligence-layer.spec.ts,STANDARD,335,335,0,0,0,0,0,SURVIVING
apps/web/tests/e2e/platform-v7-public-mobile-shell.spec.ts,STANDARD,29,29,0,0,0,0,0,SURVIVING
apps/web/tests/e2e/platform-v7-public-product-experience-v3.spec.ts,STANDARD,242,242,0,0,0,0,0,SURVIVING
apps/web/tests/e2e/platform-v7-public-smoke.spec.ts,STANDARD,79,79,0,0,0,0,0,SURVIVING
apps/web/tests/e2e/platform-v7-registration-official.spec.ts,STANDARD,100,100,0,0,0,0,0,SURVIVING
apps/web/tests/e2e/platform-v7-release-safety.spec.ts,STANDARD,17,17,0,0,0,0,0,SURVIVING
apps/web/tests/e2e/platform-v7-role-boundary-smoke.spec.ts,STANDARD,32,32,0,0,0,0,0,SURVIVING
apps/web/tests/e2e/platform-v7-role-cockpit-selector.spec.ts,STANDARD,21,21,0,0,0,0,0,SURVIVING
apps/web/tests/e2e/platform-v7-role-human-acceptance.spec.ts,STANDARD,554,554,0,0,0,0,0,SURVIVING
apps/web/tests/e2e/platform-v7-role-leakage-deep.spec.ts,STANDARD,72,72,0,0,0,0,0,SURVIVING
apps/web/tests/e2e/platform-v7-role-redirect-smoke.spec.ts,STANDARD,45,45,0,0,0,0,0,SURVIVING
apps/web/tests/e2e/platform-v7-role-route-hints.spec.ts,STANDARD,29,29,0,0,0,0,0,SURVIVING
apps/web/tests/e2e/platform-v7-role-screen-contract-mobile.spec.ts,STANDARD,33,33,0,0,0,0,0,SURVIVING
apps/web/tests/e2e/platform-v7-route-audit.spec.ts,STANDARD,216,216,0,0,0,0,0,SURVIVING
apps/web/tests/e2e/platform-v7-route-control-smoke.spec.ts,STANDARD,29,29,0,0,0,0,0,SURVIVING
apps/web/tests/e2e/platform-v7-route-map-smoke.spec.ts,STANDARD,73,73,0,0,0,0,0,SURVIVING
apps/web/tests/e2e/platform-v7-route-screen-gate.spec.ts,STANDARD,32,32,0,0,0,0,0,SURVIVING
apps/web/tests/e2e/platform-v7-runner-pr-permission-smoke.spec.ts,STANDARD,11,0,0,0,11,0,0,NONE_SURVIVING
apps/web/tests/e2e/platform-v7-seller-cockpit-pass.spec.ts,STANDARD,21,21,0,0,0,0,0,SURVIVING
apps/web/tests/e2e/platform-v7-strategic-home-v3.spec.ts,STANDARD,486,486,0,0,0,0,0,SURVIVING
apps/web/tests/e2e/platform-v7-test-mode-systems.spec.ts,STANDARD,22,22,0,0,0,0,0,SURVIVING
apps/web/tests/e2e/platform-v7-trust-responsive-acceptance.spec.ts,STANDARD,129,129,0,0,0,0,0,SURVIVING
apps/web/tests/e2e/platform-v7-unified-modal-fullscreen.spec.ts,STANDARD,114,114,0,0,0,0,0,SURVIVING
apps/web/tests/e2e/platform-v7-vil-qa.spec.ts,STANDARD,142,0,0,142,0,0,0,SURVIVING
apps/web/tests/e2e/platform-v7-visual-regression-core.spec.ts,STANDARD,36,36,0,0,0,0,0,SURVIVING
apps/web/tests/e2e/platform-v7-visual-smoke.spec.ts,STANDARD,66,66,0,0,0,0,0,SURVIVING
apps/web/tests/e2e/platform-v7-work-route-nav.spec.ts,STANDARD,55,55,0,0,0,0,0,SURVIVING
apps/web/tests/e2e/scenario-01-full-deal-cycle.spec.ts,STANDARD,47,47,0,0,0,0,0,SURVIVING
apps/web/tests/e2e/scenario-02-dispute-resolution.spec.ts,STANDARD,31,31,0,0,0,0,0,SURVIVING
apps/web/tests/e2e/scenario-03-offline-driver.spec.ts,STANDARD,72,72,0,0,0,0,0,SURVIVING
apps/web/tests/e2e/scenario-04-integration-failure.spec.ts,STANDARD,54,54,0,0,0,0,0,SURVIVING
apps/web/tests/e2e/support/acceptance-https-server.mjs,STANDARD,48,0,48,0,0,0,0,NONE_SURVIVING
apps/web/tests/e2e/support/acceptance-login.ts,STANDARD,131,6,125,0,0,0,0,SURVIVING
apps/web/tests/fixtures/tai-semantic-acceptance-corpus.ts,STANDARD,338,338,0,0,0,0,0,SURVIVING
apps/web/tests/platform-v7-entry-gate-middleware.test.ts,STANDARD,23,23,0,0,0,0,0,SURVIVING
apps/web/tests/platform-v7-navigation-logic.test.ts,STANDARD,27,27,0,0,0,0,0,SURVIVING
apps/web/tests/platform-v7-public-entry-links.test.ts,STANDARD,94,94,0,0,0,0,0,SURVIVING
apps/web/tests/platform-v7-public-route-allowlist.test.ts,STANDARD,60,60,0,0,0,0,0,SURVIVING
apps/web/tests/setup.ts,STANDARD,89,80,9,0,0,0,0,SURVIVING
apps/web/tests/unit/actionButtonStateBoundary.test.ts,STANDARD,64,64,0,0,0,0,0,SURVIVING
apps/web/tests/unit/actionMessagesBankBoundary.test.ts,STANDARD,58,58,0,0,0,0,0,SURVIVING
apps/web/tests/unit/actionTargetLabelsBankBoundary.test.ts,STANDARD,39,39,0,0,0,0,0,SURVIVING
apps/web/tests/unit/antiBypassRoute.test.tsx,STANDARD,43,43,0,0,0,0,0,SURVIVING
apps/web/tests/unit/appShellV4CabinetShell.test.tsx,STANDARD,48,48,0,0,0,0,0,SURVIVING
apps/web/tests/unit/appShellV4NotificationDot.test.ts,STANDARD,25,25,0,0,0,0,0,SURVIVING
apps/web/tests/unit/arbitratorDecisionPolish.test.tsx,STANDARD,45,45,0,0,0,0,0,SURVIVING
apps/web/tests/unit/arbitratorJournalPreview.test.tsx,STANDARD,35,35,0,0,0,0,0,SURVIVING
apps/web/tests/unit/arbitratorRoute.test.tsx,STANDARD,37,37,0,0,0,0,0,SURVIVING
apps/web/tests/unit/bank-compliance-115-pdn.test.ts,STANDARD,71,71,0,0,0,0,0,SURVIVING
apps/web/tests/unit/bank-no-fake-release.test.ts,STANDARD,40,40,0,0,0,0,0,SURVIVING
apps/web/tests/unit/bankCleanRoom.test.tsx,STANDARD,24,24,0,0,0,0,0,SURVIVING
apps/web/tests/unit/bankDisputeCockpitState.test.ts,STANDARD,35,35,0,0,0,0,0,SURVIVING
apps/web/tests/unit/bankPaymentBasisRouteSurface.test.ts,STANDARD,16,16,0,0,0,0,0,SURVIVING
apps/web/tests/unit/bankReleaseSafetyRoute.test.tsx,STANDARD,71,71,0,0,0,0,0,SURVIVING
apps/web/tests/unit/bankReleaseServer.test.ts,STANDARD,275,275,0,0,0,0,0,SURVIVING
apps/web/tests/unit/bankRoutes.test.tsx,STANDARD,125,125,0,0,0,0,0,SURVIVING
apps/web/tests/unit/bankSectionNav.test.tsx,STANDARD,56,56,0,0,0,0,0,SURVIVING
apps/web/tests/unit/biCockpit.test.ts,STANDARD,18,18,0,0,0,0,0,SURVIVING
apps/web/tests/unit/buyerExecutionPolish.test.tsx,STANDARD,32,32,0,0,0,0,0,SURVIVING
apps/web/tests/unit/buyerFinancingRoute.test.tsx,STANDARD,52,52,0,0,0,0,0,SURVIVING
apps/web/tests/unit/cabinetContactDockRuntime.test.tsx,STANDARD,94,94,0,0,0,0,0,SURVIVING
apps/web/tests/unit/cabinetSessionCsrf.spec.ts,STANDARD,103,103,0,0,0,0,0,SURVIVING
apps/web/tests/unit/canonicalFixtureRegistry.test.ts,STANDARD,23,23,0,0,0,0,0,SURVIVING
apps/web/tests/unit/canonicalKpiDiff.test.ts,STANDARD,53,53,0,0,0,0,0,SURVIVING
apps/web/tests/unit/cleanDealCardRoute.test.tsx,STANDARD,32,32,0,0,0,0,0,SURVIVING
apps/web/tests/unit/collapsibleSection.test.tsx,STANDARD,37,37,0,0,0,0,0,SURVIVING
apps/web/tests/unit/commodityProfileLiveAdapter.test.ts,STANDARD,226,226,0,0,0,0,0,SURVIVING
apps/web/tests/unit/compactHeaderStaleRolePolicy.test.ts,STANDARD,31,31,0,0,0,0,0,SURVIVING
apps/web/tests/unit/companyOsControlHostBoundary.test.ts,STANDARD,168,168,0,0,0,0,0,SURVIVING
apps/web/tests/unit/components.test.tsx,STANDARD,224,17,207,0,0,0,0,SURVIVING
apps/web/tests/unit/conditionReasonStrip.test.tsx,STANDARD,130,130,0,0,0,0,0,SURVIVING
apps/web/tests/unit/connectorsRoute.test.tsx,STANDARD,28,28,0,0,0,0,0,SURVIVING
apps/web/tests/unit/connectorsRouting.test.ts,STANDARD,41,41,0,0,0,0,0,SURVIVING
apps/web/tests/unit/controlTowerKpis.test.ts,STANDARD,75,75,0,0,0,0,0,SURVIVING
apps/web/tests/unit/controlTowerVisualHierarchy.test.tsx,STANDARD,40,40,0,0,0,0,0,SURVIVING
apps/web/tests/unit/deal-data-consistency.test.ts,STANDARD,80,80,0,0,0,0,0,SURVIVING
apps/web/tests/unit/dealDraftSafeMoneyCopy.test.ts,STANDARD,44,44,0,0,0,0,0,SURVIVING
apps/web/tests/unit/dealEvidencePackPreview.test.tsx,STANDARD,26,26,0,0,0,0,0,SURVIVING
apps/web/tests/unit/dealEvidencePackRoute.test.tsx,STANDARD,20,20,0,0,0,0,0,SURVIVING
apps/web/tests/unit/dealsRoute.test.tsx,STANDARD,35,35,0,0,0,0,0,SURVIVING
apps/web/tests/unit/demoLoginPolicy.test.ts,STANDARD,20,20,0,0,0,0,0,SURVIVING
apps/web/tests/unit/designSystemV8AuctionRoutes.test.ts,STANDARD,111,111,0,0,0,0,0,SURVIVING
apps/web/tests/unit/designSystemV8CriticalRoutes.test.ts,STANDARD,133,133,0,0,0,0,0,SURVIVING
apps/web/tests/unit/designSystemV8DocumentsRoute.test.ts,STANDARD,78,78,0,0,0,0,0,SURVIVING
apps/web/tests/unit/designSystemV8FieldRoles.test.ts,STANDARD,62,62,0,0,0,0,0,SURVIVING
apps/web/tests/unit/designSystemV8Foundation.test.ts,STANDARD,47,47,0,0,0,0,0,SURVIVING
apps/web/tests/unit/designSystemV8MoneyRoles.test.ts,STANDARD,77,77,0,0,0,0,0,SURVIVING
apps/web/tests/unit/designSystemV8OperationalRoles.test.ts,STANDARD,140,140,0,0,0,0,0,SURVIVING
apps/web/tests/unit/designSystemV8PhysicalExecutionChain.test.ts,STANDARD,171,171,0,0,0,0,0,SURVIVING
apps/web/tests/unit/designSystemV8SettlementViews.test.ts,STANDARD,129,129,0,0,0,0,0,SURVIVING
apps/web/tests/unit/dispute-money-impact.test.ts,STANDARD,55,55,0,0,0,0,0,SURVIVING
apps/web/tests/unit/disputeDetailRoute.test.tsx,STANDARD,34,34,0,0,0,0,0,SURVIVING
apps/web/tests/unit/disputesExecutionPolish.test.tsx,STANDARD,51,51,0,0,0,0,0,SURVIVING
apps/web/tests/unit/dl9106CrossRoleConsistency.test.ts,STANDARD,92,92,0,0,0,0,0,SURVIVING
apps/web/tests/unit/document-matrix-completeness.test.ts,STANDARD,61,61,0,0,0,0,0,SURVIVING
apps/web/tests/unit/documentReadinessMiniMatrix.test.tsx,STANDARD,105,105,0,0,0,0,0,SURVIVING
apps/web/tests/unit/domainCore.test.ts,STANDARD,99,99,0,0,0,0,0,SURVIVING
apps/web/tests/unit/domainCoreRoute.test.tsx,STANDARD,15,15,0,0,0,0,0,SURVIVING
apps/web/tests/unit/domainCoreRouting.test.ts,STANDARD,23,23,0,0,0,0,0,SURVIVING
apps/web/tests/unit/domainSelectors.test.ts,STANDARD,112,112,0,0,0,0,0,SURVIVING
apps/web/tests/unit/driver-isolation.test.ts,STANDARD,31,31,0,0,0,0,0,SURVIVING
apps/web/tests/unit/driverCockpitState.test.ts,STANDARD,24,24,0,0,0,0,0,SURVIVING
apps/web/tests/unit/driverFieldShellGuard.test.tsx,STANDARD,64,64,0,0,0,0,0,SURVIVING
apps/web/tests/unit/driverFieldShellPolish.test.tsx,STANDARD,41,41,0,0,0,0,0,SURVIVING
apps/web/tests/unit/driverMissionRouteCard.test.tsx,STANDARD,45,45,0,0,0,0,0,SURVIVING
apps/web/tests/unit/elevator-weight-impact.test.ts,STANDARD,51,51,0,0,0,0,0,SURVIVING
apps/web/tests/unit/elevatorExecutionPolish.test.tsx,STANDARD,46,46,0,0,0,0,0,SURVIVING
apps/web/tests/unit/emptyStateSkeleton.test.tsx,STANDARD,36,36,0,0,0,0,0,SURVIVING
apps/web/tests/unit/epd-package.test.ts,STANDARD,30,30,0,0,0,0,0,SURVIVING
apps/web/tests/unit/evidenceDisputeContinuityPanel.test.tsx,STANDARD,79,79,0,0,0,0,0,SURVIVING
apps/web/tests/unit/evidenceDisputeRoutes.test.tsx,STANDARD,25,25,0,0,0,0,0,SURVIVING
apps/web/tests/unit/evidenceExportReadinessSummary.test.tsx,STANDARD,31,31,0,0,0,0,0,SURVIVING
apps/web/tests/unit/evidencePackIndexRoute.test.tsx,STANDARD,39,39,0,0,0,0,0,SURVIVING
apps/web/tests/unit/evidencePackOperationsQueue.test.tsx,STANDARD,51,51,0,0,0,0,0,SURVIVING
apps/web/tests/unit/exactMainLiveEvidenceContract.test.ts,STANDARD,153,153,0,0,0,0,0,SURVIVING
apps/web/tests/unit/executionSimulationActionPanel.test.tsx,STANDARD,71,71,0,0,0,0,0,SURVIVING
apps/web/tests/unit/executionSimulationDomainCore.test.ts,STANDARD,141,141,0,0,0,0,0,SURVIVING
apps/web/tests/unit/fixtureTokenAudience.spec.ts,STANDARD,156,156,0,0,0,0,0,SURVIVING
apps/web/tests/unit/gektaApiBaseAuthority.test.ts,STANDARD,62,62,0,0,0,0,0,SURVIVING
apps/web/tests/unit/gektaEntitlement.test.ts,STANDARD,219,56,163,0,0,0,0,SURVIVING
apps/web/tests/unit/gektaIosSafariVisualPolish.test.ts,STANDARD,74,74,0,0,0,0,0,SURVIVING
apps/web/tests/unit/gektaKeyboardStartContract.test.ts,STANDARD,68,68,0,0,0,0,0,SURVIVING
apps/web/tests/unit/gektaMobileCopy.test.ts,STANDARD,22,22,0,0,0,0,0,SURVIVING
apps/web/tests/unit/gektaMobileUxRedTeam.test.ts,STANDARD,189,189,0,0,0,0,0,SURVIVING
apps/web/tests/unit/gektaMonetizationArchitecture.test.ts,STANDARD,293,0,293,0,0,0,0,NONE_SURVIVING
apps/web/tests/unit/gektaOwnerConsole.test.ts,STANDARD,222,222,0,0,0,0,0,SURVIVING
apps/web/tests/unit/gektaProductExperience.test.ts,STANDARD,122,0,122,0,0,0,0,NONE_SURVIVING
apps/web/tests/unit/gektaProductSeparation.test.ts,STANDARD,70,21,49,0,0,0,0,SURVIVING
apps/web/tests/unit/gektaProductionBrowserMatrix.test.ts,STANDARD,30,30,0,0,0,0,0,SURVIVING
apps/web/tests/unit/gektaPublicBrandContract.test.ts,STANDARD,145,144,1,0,0,0,0,SURVIVING
apps/web/tests/unit/gektaRealMobileTouchAndSecondaryRoutes.test.ts,STANDARD,73,73,0,0,0,0,0,SURVIVING
apps/web/tests/unit/gektaRegistrationSecurity.test.ts,STANDARD,322,322,0,0,0,0,0,SURVIVING
apps/web/tests/unit/gektaScreenshotDefects.test.ts,STANDARD,38,38,0,0,0,0,0,SURVIVING
apps/web/tests/unit/gektaSeoMicrosite.test.ts,STANDARD,53,53,0,0,0,0,0,SURVIVING
apps/web/tests/unit/gektaServerHistory.test.ts,STANDARD,235,235,0,0,0,0,0,SURVIVING
apps/web/tests/unit/gektaStandaloneExperience.test.ts,STANDARD,134,134,0,0,0,0,0,SURVIVING
apps/web/tests/unit/gektaVoiceAndLegal.test.ts,STANDARD,134,15,119,0,0,0,0,SURVIVING
apps/web/tests/unit/gektaWorkspaceIa.test.ts,STANDARD,97,2,95,0,0,0,0,SURVIVING
apps/web/tests/unit/integrationControlTowerLiveAdapter.test.ts,STANDARD,72,72,0,0,0,0,0,SURVIVING
apps/web/tests/unit/investorExecutiveRoutes.test.tsx,STANDARD,49,49,0,0,0,0,0,SURVIVING
apps/web/tests/unit/journalPreview.test.tsx,STANDARD,177,177,0,0,0,0,0,SURVIVING
apps/web/tests/unit/lab-quality-impact.test.ts,STANDARD,82,82,0,0,0,0,0,SURVIVING
apps/web/tests/unit/labQualityPolish.test.tsx,STANDARD,46,46,0,0,0,0,0,SURVIVING
apps/web/tests/unit/logistics-n-trips.test.ts,STANDARD,30,30,0,0,0,0,0,SURVIVING
apps/web/tests/unit/logisticsExecutionPolish.test.tsx,STANDARD,34,34,0,0,0,0,0,SURVIVING
apps/web/tests/unit/logisticsRoute.test.tsx,STANDARD,45,45,0,0,0,0,0,SURVIVING
apps/web/tests/unit/logoutClearsClientState.spec.ts,STANDARD,125,125,0,0,0,0,0,SURVIVING
apps/web/tests/unit/m3RuntimeBindingScenarios.test.ts,STANDARD,59,59,0,0,0,0,0,SURVIVING
apps/web/tests/unit/marketRfqRoute.test.tsx,STANDARD,54,54,0,0,0,0,0,SURVIVING
apps/web/tests/unit/marketingSocialWaitlist.test.ts,STANDARD,134,134,0,0,0,0,0,SURVIVING
apps/web/tests/unit/mfaPendingLoginTicket.test.ts,STANDARD,62,62,0,0,0,0,0,SURVIVING
apps/web/tests/unit/mfaRecoveryMailLifetime.spec.ts,STANDARD,96,96,0,0,0,0,0,SURVIVING
apps/web/tests/unit/money-formula.test.ts,STANDARD,53,53,0,0,0,0,0,SURVIVING
apps/web/tests/unit/moneyGateRing.test.tsx,STANDARD,34,34,0,0,0,0,0,SURVIVING
apps/web/tests/unit/moneyImpactSummaryStrip.test.tsx,STANDARD,66,66,0,0,0,0,0,SURVIVING
apps/web/tests/unit/moneyTreeStrip.test.tsx,STANDARD,16,16,0,0,0,0,0,SURVIVING
apps/web/tests/unit/next15RuntimeBoundary.test.ts,STANDARD,78,77,0,0,1,0,0,SURVIVING
apps/web/tests/unit/next15RuntimeContracts.test.ts,STANDARD,115,112,0,0,3,0,0,SURVIVING
apps/web/tests/unit/no-fake-maturity-copy.test.ts,STANDARD,68,68,0,0,0,0,0,SURVIVING
apps/web/tests/unit/observabilityCockpit.test.ts,STANDARD,25,25,0,0,0,0,0,SURVIVING
apps/web/tests/unit/offerToDealRoute.test.tsx,STANDARD,50,50,0,0,0,0,0,SURVIVING
apps/web/tests/unit/operationalPanelsCopyBoundary.test.tsx,STANDARD,61,61,0,0,0,0,0,SURVIVING
apps/web/tests/unit/p0AuthFailClosed.test.ts,STANDARD,75,62,13,0,0,0,0,SURVIVING
apps/web/tests/unit/p0FirstCustomerCompletion.test.ts,STANDARD,426,426,0,0,0,0,0,SURVIVING
apps/web/tests/unit/p0HumanReviewerCeremony.test.ts,STANDARD,156,156,0,0,0,0,0,SURVIVING
apps/web/tests/unit/p0RegistrationPresentationCookie.test.ts,STANDARD,25,25,0,0,0,0,0,SURVIVING
apps/web/tests/unit/p7ActionButton.test.tsx,STANDARD,59,59,0,0,0,0,0,SURVIVING
apps/web/tests/unit/p7ActionLog.test.tsx,STANDARD,68,68,0,0,0,0,0,SURVIVING
apps/web/tests/unit/p7ActionStateChip.test.tsx,STANDARD,118,118,0,0,0,0,0,SURVIVING
apps/web/tests/unit/p7DealWorkspaceTabs.test.tsx,STANDARD,37,37,0,0,0,0,0,SURVIVING
apps/web/tests/unit/p7EvidenceReadinessAuditStrip.test.tsx,STANDARD,30,30,0,0,0,0,0,SURVIVING
apps/web/tests/unit/p7ExecutionActionsPanelRuntimeEvents.test.tsx,STANDARD,102,102,0,0,0,0,0,SURVIVING
apps/web/tests/unit/p7FgisRuntimeCheckPanel.test.tsx,STANDARD,47,47,0,0,0,0,0,SURVIVING
apps/web/tests/unit/p7GuardedActionButton.test.tsx,STANDARD,55,55,0,0,0,0,0,SURVIVING
apps/web/tests/unit/p7MetricLinkCard.test.tsx,STANDARD,18,18,0,0,0,0,0,SURVIVING
apps/web/tests/unit/p7MoneySafetyAuditStrip.test.tsx,STANDARD,56,56,0,0,0,0,0,SURVIVING
apps/web/tests/unit/p7PersistenceQueueStatus.test.tsx,STANDARD,37,37,0,0,0,0,0,SURVIVING
apps/web/tests/unit/p7UiPrimitives.test.tsx,STANDARD,32,32,0,0,0,0,0,SURVIVING
apps/web/tests/unit/p7UiPrimitivesVisualBaseline.test.tsx,STANDARD,50,50,0,0,0,0,0,SURVIVING
apps/web/tests/unit/passwordResetTransactionalMailMime.test.ts,STANDARD,65,65,0,0,0,0,0,SURVIVING
apps/web/tests/unit/pilot-runbook.test.ts,STANDARD,32,32,0,0,0,0,0,SURVIVING
apps/web/tests/unit/platform-v7-rbac-money-document-bank-action-boundary.test.ts,STANDARD,34,34,0,0,0,0,0,SURVIVING
apps/web/tests/unit/platform-v7-stage4-money-document-bank-rbac-integration.test.ts,STANDARD,53,53,0,0,0,0,0,SURVIVING
apps/web/tests/unit/platformCommandCenterFieldScope.test.tsx,STANDARD,37,37,0,0,0,0,0,SURVIVING
apps/web/tests/unit/platformCommandCenterHubEntry.test.tsx,STANDARD,33,33,0,0,0,0,0,SURVIVING
apps/web/tests/unit/platformV7AcceptanceParticipantActionBoundary.test.ts,STANDARD,56,56,0,0,0,0,0,SURVIVING
apps/web/tests/unit/platformV7AccessControl.test.ts,STANDARD,341,341,0,0,0,0,0,SURVIVING
apps/web/tests/unit/platformV7AccessDecisionReasons.test.ts,STANDARD,25,25,0,0,0,0,0,SURVIVING
apps/web/tests/unit/platformV7AccessRequest.test.tsx,STANDARD,38,38,0,0,0,0,0,SURVIVING
apps/web/tests/unit/platformV7AccountingBffBoundary.test.ts,STANDARD,143,0,143,0,0,0,0,NONE_SURVIVING
apps/web/tests/unit/platformV7AccountingBoard.test.tsx,STANDARD,130,0,130,0,0,0,0,NONE_SURVIVING
apps/web/tests/unit/platformV7AccountingClosureValue.test.ts,STANDARD,72,72,0,0,0,0,0,SURVIVING
apps/web/tests/unit/platformV7AccountingMobileContract.test.ts,STANDARD,83,0,83,0,0,0,0,NONE_SURVIVING
apps/web/tests/unit/platformV7AccountingRouteAccess.test.ts,STANDARD,50,0,50,0,0,0,0,NONE_SURVIVING
apps/web/tests/unit/platformV7ActionBoundaryGuard.test.ts,STANDARD,39,39,0,0,0,0,0,SURVIVING
apps/web/tests/unit/platformV7ActionButtonState.test.ts,STANDARD,97,97,0,0,0,0,0,SURVIVING
apps/web/tests/unit/platformV7ActionContractRegistryCurrentMain.test.ts,STANDARD,133,133,0,0,0,0,0,SURVIVING
apps/web/tests/unit/platformV7ActionControl.test.ts,STANDARD,32,32,0,0,0,0,0,SURVIVING
apps/web/tests/unit/platformV7ActionDecisionReasons.test.ts,STANDARD,47,47,0,0,0,0,0,SURVIVING
apps/web/tests/unit/platformV7ActionFeedback.spec.ts,STANDARD,30,30,0,0,0,0,0,SURVIVING
apps/web/tests/unit/platformV7ActionFeedback.test.ts,STANDARD,105,105,0,0,0,0,0,SURVIVING
apps/web/tests/unit/platformV7ActionFeedbackPreviewCurrentMain.test.ts,STANDARD,151,151,0,0,0,0,0,SURVIVING
apps/web/tests/unit/platformV7ActionFeedbackRoleScope.spec.ts,STANDARD,23,23,0,0,0,0,0,SURVIVING
apps/web/tests/unit/platformV7ActionLog.test.ts,STANDARD,47,47,0,0,0,0,0,SURVIVING
apps/web/tests/unit/platformV7ActionLogFeedback.test.ts,STANDARD,47,47,0,0,0,0,0,SURVIVING
apps/web/tests/unit/platformV7ActionMessages.test.ts,STANDARD,49,49,0,0,0,0,0,SURVIVING
apps/web/tests/unit/platformV7ActionPermissionBoundary.test.ts,STANDARD,205,205,0,0,0,0,0,SURVIVING
apps/web/tests/unit/platformV7ActionPermissionSummary.test.ts,STANDARD,15,15,0,0,0,0,0,SURVIVING
apps/web/tests/unit/platformV7ActionPolicyRoles.test.ts,STANDARD,138,138,0,0,0,0,0,SURVIVING
apps/web/tests/unit/platformV7ActionPolicyRouteCheck.test.ts,STANDARD,48,48,0,0,0,0,0,SURVIVING
apps/web/tests/unit/platformV7ActionRegistry.test.ts,STANDARD,97,97,0,0,0,0,0,SURVIVING
apps/web/tests/unit/platformV7ActionRoutes.test.ts,STANDARD,102,102,0,0,0,0,0,SURVIVING
apps/web/tests/unit/platformV7ActionRunner.test.ts,STANDARD,50,50,0,0,0,0,0,SURVIVING
apps/web/tests/unit/platformV7ActionRuntime.test.ts,STANDARD,12,12,0,0,0,0,0,SURVIVING
apps/web/tests/unit/platformV7ActionRuntimeWriteRequirements.test.ts,STANDARD,55,55,0,0,0,0,0,SURVIVING
apps/web/tests/unit/platformV7ActionServiceMap.test.ts,STANDARD,17,17,0,0,0,0,0,SURVIVING
apps/web/tests/unit/platformV7ActionServiceMapCompleteness.test.ts,STANDARD,16,16,0,0,0,0,0,SURVIVING
apps/web/tests/unit/platformV7ActionServiceMapInvariant.test.ts,STANDARD,72,72,0,0,0,0,0,SURVIVING
apps/web/tests/unit/platformV7ActionServicePolicyBoundary.test.ts,STANDARD,44,44,0,0,0,0,0,SURVIVING
apps/web/tests/unit/platformV7ActionSummaryConsistency.test.ts,STANDARD,15,15,0,0,0,0,0,SURVIVING
apps/web/tests/unit/platformV7ActionTargets.test.ts,STANDARD,55,55,0,0,0,0,0,SURVIVING
apps/web/tests/unit/platformV7ActionWorkflow.test.ts,STANDARD,47,47,0,0,0,0,0,SURVIVING
apps/web/tests/unit/platformV7AdapterFactory.test.ts,STANDARD,85,85,0,0,0,0,0,SURVIVING
apps/web/tests/unit/platformV7AgroChatModelFirstRoute.test.ts,STANDARD,105,94,11,0,0,0,0,SURVIVING
apps/web/tests/unit/platformV7AiAntiBypassCompatibility.test.ts,STANDARD,67,67,0,0,0,0,0,SURVIVING
apps/web/tests/unit/platformV7AiDrawerLanguage.test.ts,STANDARD,23,23,0,0,0,0,0,SURVIVING
apps/web/tests/unit/platformV7AiGatewayMockProvider.test.ts,STANDARD,108,108,0,0,0,0,0,SURVIVING
apps/web/tests/unit/platformV7AiGatewayProviderPort.test.ts,STANDARD,96,96,0,0,0,0,0,SURVIVING
apps/web/tests/unit/platformV7AiGatewayRuntimeQa.test.ts,STANDARD,100,100,0,0,0,0,0,SURVIVING
apps/web/tests/unit/platformV7AiGatewayStream.test.ts,STANDARD,263,228,35,0,0,0,0,SURVIVING
apps/web/tests/unit/platformV7AiIntegrationGateway.test.ts,STANDARD,194,194,0,0,0,0,0,SURVIVING
apps/web/tests/unit/platformV7AiRoleScope.test.ts,STANDARD,59,59,0,0,0,0,0,SURVIVING
apps/web/tests/unit/platformV7AiShellEnhancerNotificationBridge.test.tsx,STANDARD,102,102,0,0,0,0,0,SURVIVING
apps/web/tests/unit/platformV7AntiBypass.test.ts,STANDARD,55,55,0,0,0,0,0,SURVIVING
apps/web/tests/unit/platformV7AntiBypassLogic.test.ts,STANDARD,28,28,0,0,0,0,0,SURVIVING
apps/web/tests/unit/platformV7ApiActionMap.test.ts,STANDARD,74,74,0,0,0,0,0,SURVIVING
apps/web/tests/unit/platformV7ApiActionMapBacklog.test.ts,STANDARD,29,29,0,0,0,0,0,SURVIVING
apps/web/tests/unit/platformV7ApiActionServiceTrace.test.ts,STANDARD,24,24,0,0,0,0,0,SURVIVING
apps/web/tests/unit/platformV7ApiBoundaryContracts.test.ts,STANDARD,102,102,0,0,0,0,0,SURVIVING
apps/web/tests/unit/platformV7ApiContracts.test.ts,STANDARD,99,99,0,0,0,0,0,SURVIVING
apps/web/tests/unit/platformV7ApiDocsAuthority.test.ts,STANDARD,94,94,0,0,0,0,0,SURVIVING
apps/web/tests/unit/platformV7ApiDocsLegacyIsolation.test.ts,STANDARD,42,42,0,0,0,0,0,SURVIVING
apps/web/tests/unit/platformV7ApiPayloadContracts.test.ts,STANDARD,85,85,0,0,0,0,0,SURVIVING
apps/web/tests/unit/platformV7ApiPayloadValidator.test.ts,STANDARD,55,55,0,0,0,0,0,SURVIVING
apps/web/tests/unit/platformV7ArbitratorCanonicalImport.test.ts,STANDARD,47,47,0,0,0,0,0,SURVIVING
apps/web/tests/unit/platformV7ArbitratorRouteBoundary.test.ts,STANDARD,11,11,0,0,0,0,0,SURVIVING
apps/web/tests/unit/platformV7AssistantQuestionUnderstanding.test.ts,STANDARD,73,73,0,0,0,0,0,SURVIVING
apps/web/tests/unit/platformV7AssistantRouteLanguage.test.ts,STANDARD,37,37,0,0,0,0,0,SURVIVING
apps/web/tests/unit/platformV7AuditAndMoneyHaloCopyGuard.test.ts,STANDARD,33,33,0,0,0,0,0,SURVIVING
apps/web/tests/unit/platformV7AuditContentHash.test.ts,STANDARD,35,35,0,0,0,0,0,SURVIVING
apps/web/tests/unit/platformV7AuditEventHelper.test.ts,STANDARD,138,138,0,0,0,0,0,SURVIVING
apps/web/tests/unit/platformV7AuditEvidenceExport.test.ts,STANDARD,112,112,0,0,0,0,0,SURVIVING
apps/web/tests/unit/platformV7AuditLogAuthority.test.ts,STANDARD,76,76,0,0,0,0,0,SURVIVING
apps/web/tests/unit/platformV7AuditSurfaceSummary.test.tsx,STANDARD,49,49,0,0,0,0,0,SURVIVING
apps/web/tests/unit/platformV7AuditTrail.test.ts,STANDARD,90,90,0,0,0,0,0,SURVIVING
apps/web/tests/unit/platformV7BankActionBoundary.test.ts,STANDARD,42,42,0,0,0,0,0,SURVIVING
apps/web/tests/unit/platformV7BankAdapterEmulator.test.ts,STANDARD,317,317,0,0,0,0,0,SURVIVING
apps/web/tests/unit/platformV7BankAdapterReal.test.ts,STANDARD,97,97,0,0,0,0,0,SURVIVING
apps/web/tests/unit/platformV7BankBadgeLanguage.test.ts,STANDARD,20,20,0,0,0,0,0,SURVIVING
apps/web/tests/unit/platformV7BankBasis.test.ts,STANDARD,91,91,0,0,0,0,0,SURVIVING
apps/web/tests/unit/platformV7BankCallback.test.ts,STANDARD,84,84,0,0,0,0,0,SURVIVING
apps/web/tests/unit/platformV7BankCanonicalRoute.test.ts,STANDARD,109,109,0,0,0,0,0,SURVIVING
apps/web/tests/unit/platformV7BankEscrowSurface.test.ts,STANDARD,44,44,0,0,0,0,0,SURVIVING
apps/web/tests/unit/platformV7BankLedger.test.ts,STANDARD,38,38,0,0,0,0,0,SURVIVING
apps/web/tests/unit/platformV7BankManualReview.test.ts,STANDARD,71,71,0,0,0,0,0,SURVIVING
apps/web/tests/unit/platformV7BankOperationsDashboard.test.ts,STANDARD,100,100,0,0,0,0,0,SURVIVING
apps/web/tests/unit/platformV7BankPageBasisGuard.test.ts,STANDARD,37,37,0,0,0,0,0,SURVIVING
apps/web/tests/unit/platformV7BankPartnerReadiness.test.ts,STANDARD,80,80,0,0,0,0,0,SURVIVING
apps/web/tests/unit/platformV7BankPaymentBasisRoutesManifest.test.ts,STANDARD,47,47,0,0,0,0,0,SURVIVING
apps/web/tests/unit/platformV7BankPaymentBasisRuntimeGuard.test.ts,STANDARD,32,32,0,0,0,0,0,SURVIVING
apps/web/tests/unit/platformV7BankReadinessGuard.test.ts,STANDARD,39,39,0,0,0,0,0,SURVIVING
apps/web/tests/unit/platformV7BankReconciliation.test.ts,STANDARD,49,49,0,0,0,0,0,SURVIVING
apps/web/tests/unit/platformV7BankReleaseDecision.test.ts,STANDARD,102,102,0,0,0,0,0,SURVIVING
apps/web/tests/unit/platformV7BankReleaseReviewDecisionPackCurrentMain.test.tsx,STANDARD,18,18,0,0,0,0,0,SURVIVING
apps/web/tests/unit/platformV7BankReleaseSafetyGuard.test.ts,STANDARD,44,44,0,0,0,0,0,SURVIVING
apps/web/tests/unit/platformV7BankRouteBoundary.test.ts,STANDARD,11,11,0,0,0,0,0,SURVIVING
apps/web/tests/unit/platformV7BankRuntimeCopyGuard.test.ts,STANDARD,40,40,0,0,0,0,0,SURVIVING
apps/web/tests/unit/platformV7BankRuntimeMoneyCopyGuard.test.ts,STANDARD,40,40,0,0,0,0,0,SURVIVING
apps/web/tests/unit/platformV7BankSecondaryAuthority.test.ts,STANDARD,59,59,0,0,0,0,0,SURVIVING
apps/web/tests/unit/platformV7BankSmartContractsCopyGuard.test.ts,STANDARD,19,19,0,0,0,0,0,SURVIVING
apps/web/tests/unit/platformV7BankWebhooks.test.ts,STANDARD,37,37,0,0,0,0,0,SURVIVING
apps/web/tests/unit/platformV7BatchLotCanonicalAliases.test.ts,STANDARD,62,62,0,0,0,0,0,SURVIVING
apps/web/tests/unit/platformV7BatchModel.test.ts,STANDARD,54,54,0,0,0,0,0,SURVIVING
apps/web/tests/unit/platformV7Breadcrumbs.test.ts,STANDARD,27,27,0,0,0,0,0,SURVIVING
apps/web/tests/unit/platformV7BrowserAcceptanceRepairs.test.ts,STANDARD,129,129,0,0,0,0,0,SURVIVING
apps/web/tests/unit/platformV7BuyerCanonicalAliases.test.ts,STANDARD,50,50,0,0,0,0,0,SURVIVING
apps/web/tests/unit/platformV7BuyerFinancingAuthority.test.ts,STANDARD,59,59,0,0,0,0,0,SURVIVING
apps/web/tests/unit/platformV7BuyerRfqAuthority.test.ts,STANDARD,80,80,0,0,0,0,0,SURVIVING
apps/web/tests/unit/platformV7BuyerRiskAuthority.test.ts,STANDARD,58,58,0,0,0,0,0,SURVIVING
apps/web/tests/unit/platformV7CabinetAccessPolicy.test.ts,STANDARD,59,59,0,0,0,0,0,SURVIVING
apps/web/tests/unit/platformV7CabinetContactDockPolicy.test.ts,STANDARD,58,58,0,0,0,0,0,SURVIVING
apps/web/tests/unit/platformV7CabinetSessionRoute.static.test.ts,STANDARD,33,33,0,0,0,0,0,SURVIVING
apps/web/tests/unit/platformV7CalculatorHeaderWidget.test.ts,STANDARD,55,55,0,0,0,0,0,SURVIVING
apps/web/tests/unit/platformV7CanonicalDealWorkspace.test.ts,STANDARD,179,178,0,0,1,0,0,SURVIVING
apps/web/tests/unit/platformV7CanonicalDomain.test.ts,STANDARD,154,154,0,0,0,0,0,SURVIVING
apps/web/tests/unit/platformV7CasePack.test.ts,STANDARD,60,60,0,0,0,0,0,SURVIVING
apps/web/tests/unit/platformV7CognitiveDrawerLabels.test.ts,STANDARD,13,13,0,0,0,0,0,SURVIVING
apps/web/tests/unit/platformV7CognitiveNavigation.test.ts,STANDARD,19,19,0,0,0,0,0,SURVIVING
apps/web/tests/unit/platformV7CognitiveShellNoRoleOverride.test.ts,STANDARD,12,12,0,0,0,0,0,SURVIVING
apps/web/tests/unit/platformV7CognitiveShellProgressiveDisclosure.test.ts,STANDARD,12,12,0,0,0,0,0,SURVIVING
apps/web/tests/unit/platformV7CognitiveShellStyles.test.ts,STANDARD,15,15,0,0,0,0,0,SURVIVING
apps/web/tests/unit/platformV7Command.test.ts,STANDARD,74,74,0,0,0,0,0,SURVIVING
apps/web/tests/unit/platformV7CommandCenterHub.test.tsx,STANDARD,58,58,0,0,0,0,0,SURVIVING
apps/web/tests/unit/platformV7CommandPaletteRoleBoundaries.test.ts,STANDARD,31,31,0,0,0,0,0,SURVIVING
apps/web/tests/unit/platformV7CommandScenarioHonesty.test.ts,STANDARD,60,60,0,0,0,0,0,SURVIVING
apps/web/tests/unit/platformV7CommodityProfileLiveRegistry.test.ts,STANDARD,140,140,0,0,0,0,0,SURVIVING
apps/web/tests/unit/platformV7CompanyReadinessCopyGuard.test.ts,STANDARD,33,33,0,0,0,0,0,SURVIVING
apps/web/tests/unit/platformV7CompatibilityAliases.test.ts,STANDARD,41,41,0,0,0,0,0,SURVIVING
apps/web/tests/unit/platformV7ComplianceActionBoundary.test.ts,STANDARD,24,24,0,0,0,0,0,SURVIVING
apps/web/tests/unit/platformV7ComplianceOperatorActionBoundary.test.ts,STANDARD,65,65,0,0,0,0,0,SURVIVING
apps/web/tests/unit/platformV7ComplianceRouteBoundary.test.ts,STANDARD,11,11,0,0,0,0,0,SURVIVING
apps/web/tests/unit/platformV7ConnectorModel.test.ts,STANDARD,52,52,0,0,0,0,0,SURVIVING
apps/web/tests/unit/platformV7ConnectorsAuthority.test.ts,STANDARD,80,80,0,0,0,0,0,SURVIVING
apps/web/tests/unit/platformV7ContactMobileLayout.test.ts,STANDARD,29,29,0,0,0,0,0,SURVIVING
apps/web/tests/unit/platformV7ControlTowerMoneyConsistency.test.ts,STANDARD,31,31,0,0,0,0,0,SURVIVING
apps/web/tests/unit/platformV7ControlTowerMoneyGuard.test.ts,STANDARD,37,37,0,0,0,0,0,SURVIVING
apps/web/tests/unit/platformV7ControlTowerSummary.test.ts,STANDARD,10,10,0,0,0,0,0,SURVIVING
apps/web/tests/unit/platformV7ControlledPilotBoundaryReport.test.ts,STANDARD,57,57,0,0,0,0,0,SURVIVING
apps/web/tests/unit/platformV7ControlledPilotNav.test.ts,STANDARD,39,39,0,0,0,0,0,SURVIVING
apps/web/tests/unit/platformV7ControlledTestAccess.test.ts,STANDARD,68,68,0,0,0,0,0,SURVIVING
apps/web/tests/unit/platformV7ControlledTestOrganizationDocsMarker.test.ts,STANDARD,8,8,0,0,0,0,0,SURVIVING
apps/web/tests/unit/platformV7ControlledTestOrganizations.test.ts,STANDARD,149,149,0,0,0,0,0,SURVIVING
apps/web/tests/unit/platformV7CopyGuard.test.ts,STANDARD,38,38,0,0,0,0,0,SURVIVING
apps/web/tests/unit/platformV7CounterpartyCompatibility.test.ts,STANDARD,67,67,0,0,0,0,0,SURVIVING
apps/web/tests/unit/platformV7CounterpartySelfConfirmationBoundary.test.ts,STANDARD,86,86,0,0,0,0,0,SURVIVING
apps/web/tests/unit/platformV7DarkQaManifest.test.ts,STANDARD,50,50,0,0,0,0,0,SURVIVING
apps/web/tests/unit/platformV7DarkRuntimePolish.test.ts,STANDARD,35,35,0,0,0,0,0,SURVIVING
apps/web/tests/unit/platformV7DarkThemeTokens.test.ts,STANDARD,47,47,0,0,0,0,0,SURVIVING
apps/web/tests/unit/platformV7DarkTokens.test.ts,STANDARD,115,115,0,0,0,0,0,SURVIVING
apps/web/tests/unit/platformV7DarkVisualLayers.test.ts,STANDARD,22,22,0,0,0,0,0,SURVIVING
apps/web/tests/unit/platformV7DataExposureGuard.test.ts,STANDARD,55,55,0,0,0,0,0,SURVIVING
apps/web/tests/unit/platformV7DataRoomInvestorCompatibility.test.ts,STANDARD,81,81,0,0,0,0,0,SURVIVING
apps/web/tests/unit/platformV7DataSubjectRights.test.ts,STANDARD,81,81,0,0,0,0,0,SURVIVING
apps/web/tests/unit/platformV7DbPersistenceAdapter.test.ts,STANDARD,104,104,0,0,0,0,0,SURVIVING
apps/web/tests/unit/platformV7DealAccounting.test.tsx,STANDARD,69,0,69,0,0,0,0,NONE_SURVIVING
apps/web/tests/unit/platformV7DealConfirmTermsRuntime.test.ts,STANDARD,122,122,0,0,0,0,0,SURVIVING
apps/web/tests/unit/platformV7DealDetailMoneyCopyGuard.test.ts,STANDARD,29,29,0,0,0,0,0,SURVIVING
apps/web/tests/unit/platformV7DealDisputeBankCrossConsistency.test.ts,STANDARD,48,48,0,0,0,0,0,SURVIVING
apps/web/tests/unit/platformV7DealExecutionChain.test.ts,STANDARD,115,115,0,0,0,0,0,SURVIVING
apps/web/tests/unit/platformV7DealExecutionSot.test.ts,STANDARD,671,671,0,0,0,0,0,SURVIVING
apps/web/tests/unit/platformV7DealFinancialTerms.test.ts,STANDARD,39,39,0,0,0,0,0,SURVIVING
apps/web/tests/unit/platformV7DealMoneyTabGate.test.ts,STANDARD,25,25,0,0,0,0,0,SURVIVING
apps/web/tests/unit/platformV7DealPersistenceTimeline.test.ts,STANDARD,34,34,0,0,0,0,0,SURVIVING
apps/web/tests/unit/platformV7DealScenarioProductionCopy.test.ts,STANDARD,25,25,0,0,0,0,0,SURVIVING
apps/web/tests/unit/platformV7DealSealSupportMoneyCopyGuard.test.ts,STANDARD,31,31,0,0,0,0,0,SURVIVING
apps/web/tests/unit/platformV7DealStateDisputeEvidence.test.ts,STANDARD,452,452,0,0,0,0,0,SURVIVING
apps/web/tests/unit/platformV7DealStateModel.test.ts,STANDARD,44,44,0,0,0,0,0,SURVIVING
apps/web/tests/unit/platformV7DealTermsActionMapping.test.ts,STANDARD,22,22,0,0,0,0,0,SURVIVING
apps/web/tests/unit/platformV7DealTransactionLayer.test.ts,STANDARD,625,625,0,0,0,0,0,SURVIVING
apps/web/tests/unit/platformV7DealWorkspace.test.ts,STANDARD,671,671,0,0,0,0,0,SURVIVING
apps/web/tests/unit/platformV7DealWorkspaceActionServiceContracts.test.ts,STANDARD,60,60,0,0,0,0,0,SURVIVING
apps/web/tests/unit/platformV7DealWorkspaceActions.test.ts,STANDARD,117,117,0,0,0,0,0,SURVIVING
apps/web/tests/unit/platformV7DealWorkspaceDocuments.test.ts,STANDARD,37,37,0,0,0,0,0,SURVIVING
apps/web/tests/unit/platformV7DealWorkspaceLogistics.test.ts,STANDARD,46,46,0,0,0,0,0,SURVIVING
apps/web/tests/unit/platformV7DealWorkspaceReleaseReadiness.test.ts,STANDARD,71,71,0,0,0,0,0,SURVIVING
apps/web/tests/unit/platformV7DealWorkspaceRuntimeBinding.test.ts,STANDARD,71,71,0,0,0,0,0,SURVIVING
apps/web/tests/unit/platformV7DealWorkspaceRuntimeDbContract.test.ts,STANDARD,75,75,0,0,0,0,0,SURVIVING
apps/web/tests/unit/platformV7DealWorkspaceRuntimeIntents.test.ts,STANDARD,54,54,0,0,0,0,0,SURVIVING
apps/web/tests/unit/platformV7DealWorkspaceRuntimeLinkage.test.ts,STANDARD,162,162,0,0,0,0,0,SURVIVING
apps/web/tests/unit/platformV7DealWorkspaceRuntimePipelineBinding.test.ts,STANDARD,51,51,0,0,0,0,0,SURVIVING
apps/web/tests/unit/platformV7DealWorkspaceRuntimePipelineLinkageBinding.test.ts,STANDARD,67,67,0,0,0,0,0,SURVIVING
apps/web/tests/unit/platformV7DealWorkspaceRuntimePrismaSchema.test.ts,STANDARD,87,87,0,0,0,0,0,SURVIVING
apps/web/tests/unit/platformV7DealWorkspaceRuntimeRepositoryAdapter.test.ts,STANDARD,201,201,0,0,0,0,0,SURVIVING
apps/web/tests/unit/platformV7DealWorkspaceRuntimeSnapshot.test.ts,STANDARD,47,47,0,0,0,0,0,SURVIVING
apps/web/tests/unit/platformV7DealWorkspaceRuntimeStore.test.ts,STANDARD,55,55,0,0,0,0,0,SURVIVING
apps/web/tests/unit/platformV7DealWorkspaceRuntimeTransaction.test.ts,STANDARD,293,293,0,0,0,0,0,SURVIVING
apps/web/tests/unit/platformV7DealWorkspaceSidePanel.test.ts,STANDARD,92,92,0,0,0,0,0,SURVIVING
apps/web/tests/unit/platformV7DealWorkspaceTimeline.test.ts,STANDARD,38,38,0,0,0,0,0,SURVIVING
apps/web/tests/unit/platformV7DealsOverviewMoneyCopyGuard.test.ts,STANDARD,46,46,0,0,0,0,0,SURVIVING
apps/web/tests/unit/platformV7DecisionPackMiniPanelCurrentMain.test.tsx,STANDARD,149,149,0,0,0,0,0,SURVIVING
apps/web/tests/unit/platformV7DecisionPackPagePlacementCurrentMain.test.tsx,STANDARD,46,46,0,0,0,0,0,SURVIVING
apps/web/tests/unit/platformV7DecisionPackRoutePlacementCurrentMain.test.tsx,STANDARD,112,112,0,0,0,0,0,SURVIVING
apps/web/tests/unit/platformV7DecisionRecommendationStrip.test.ts,STANDARD,159,159,0,0,0,0,0,SURVIVING
apps/web/tests/unit/platformV7DeepBankDealCopyGuard.test.ts,STANDARD,148,148,0,0,0,0,0,SURVIVING
apps/web/tests/unit/platformV7DemoDashboard.test.ts,STANDARD,20,20,0,0,0,0,0,SURVIVING
apps/web/tests/unit/platformV7DemoTour.test.ts,STANDARD,40,40,0,0,0,0,0,SURVIVING
apps/web/tests/unit/platformV7DemoTourController.test.ts,STANDARD,47,47,0,0,0,0,0,SURVIVING
apps/web/tests/unit/platformV7DemoTourRuntime.test.ts,STANDARD,47,47,0,0,0,0,0,SURVIVING
apps/web/tests/unit/platformV7DeployBuildBoundary.test.ts,STANDARD,18,18,0,0,0,0,0,SURVIVING
apps/web/tests/unit/platformV7Design.test.tsx,STANDARD,245,245,0,0,0,0,0,SURVIVING
apps/web/tests/unit/platformV7DesignSystemV8RuntimeIsolation.test.ts,STANDARD,206,206,0,0,0,0,0,SURVIVING
apps/web/tests/unit/platformV7DisputeCloseCheck.test.ts,STANDARD,63,63,0,0,0,0,0,SURVIVING
apps/web/tests/unit/platformV7DisputeDecisionRoleBoundary.test.ts,STANDARD,40,40,0,0,0,0,0,SURVIVING
apps/web/tests/unit/platformV7DisputeEngine.test.ts,STANDARD,64,64,0,0,0,0,0,SURVIVING
apps/web/tests/unit/platformV7DisputeEvidenceLogic.test.ts,STANDARD,84,84,0,0,0,0,0,SURVIVING
apps/web/tests/unit/platformV7DisputeEvidencePack.test.ts,STANDARD,112,112,0,0,0,0,0,SURVIVING
apps/web/tests/unit/platformV7DisputeModel.test.ts,STANDARD,55,55,0,0,0,0,0,SURVIVING
apps/web/tests/unit/platformV7DisputeOpenRuntime.test.ts,STANDARD,133,133,0,0,0,0,0,SURVIVING
apps/web/tests/unit/platformV7Dl9106ReleaseReviewPageCurrentMain.test.tsx,STANDARD,38,38,0,0,0,0,0,SURVIVING
apps/web/tests/unit/platformV7DocumentExternalConfirmation.spec.ts,STANDARD,70,70,0,0,0,0,0,SURVIVING
apps/web/tests/unit/platformV7DocumentLogicAudit.test.ts,STANDARD,50,50,0,0,0,0,0,SURVIVING
apps/web/tests/unit/platformV7DocumentMatrix.test.ts,STANDARD,309,309,0,0,0,0,0,SURVIVING
apps/web/tests/unit/platformV7DocumentMatrixFoundation.test.ts,STANDARD,73,73,0,0,0,0,0,SURVIVING
apps/web/tests/unit/platformV7DocumentMoneyCopyGuard.test.ts,STANDARD,48,48,0,0,0,0,0,SURVIVING
apps/web/tests/unit/platformV7DomainGrainAliases.test.ts,STANDARD,43,43,0,0,0,0,0,SURVIVING
apps/web/tests/unit/platformV7DomainLayer.test.ts,STANDARD,452,452,0,0,0,0,0,SURVIVING
apps/web/tests/unit/platformV7DraftDisplayMoneyCopyGuard.test.ts,STANDARD,53,53,0,0,0,0,0,SURVIVING
apps/web/tests/unit/platformV7DriverFieldFirstScreen.test.ts,STANDARD,56,56,0,0,0,0,0,SURVIVING
apps/web/tests/unit/platformV7DriverRoleIsolation.test.ts,STANDARD,21,21,0,0,0,0,0,SURVIVING
apps/web/tests/unit/platformV7DriverRoleShellGuard.test.ts,STANDARD,26,26,0,0,0,0,0,SURVIVING
apps/web/tests/unit/platformV7DriverRouteBoundary.test.ts,STANDARD,97,97,0,0,0,0,0,SURVIVING
apps/web/tests/unit/platformV7EdoAdapterEmulator.test.ts,STANDARD,372,372,0,0,0,0,0,SURVIVING
apps/web/tests/unit/platformV7ElevatorActionBoundary.test.ts,STANDARD,26,26,0,0,0,0,0,SURVIVING
apps/web/tests/unit/platformV7ElevatorFirstScreen.test.ts,STANDARD,38,38,0,0,0,0,0,SURVIVING
apps/web/tests/unit/platformV7Environment.test.ts,STANDARD,38,38,0,0,0,0,0,SURVIVING
apps/web/tests/unit/platformV7EnvironmentMaturityCopy.test.ts,STANDARD,35,35,0,0,0,0,0,SURVIVING
apps/web/tests/unit/platformV7EpdAdapterEmulator.test.ts,STANDARD,377,377,0,0,0,0,0,SURVIVING
apps/web/tests/unit/platformV7EvidenceLedger.test.ts,STANDARD,91,91,0,0,0,0,0,SURVIVING
apps/web/tests/unit/platformV7EvidenceModel.test.ts,STANDARD,43,43,0,0,0,0,0,SURVIVING
apps/web/tests/unit/platformV7EvidenceOperationalProjection.test.ts,STANDARD,37,37,0,0,0,0,0,SURVIVING
apps/web/tests/unit/platformV7EvidencePackAdapter.test.ts,STANDARD,36,36,0,0,0,0,0,SURVIVING
apps/web/tests/unit/platformV7EvidencePackCore.test.ts,STANDARD,120,120,0,0,0,0,0,SURVIVING
apps/web/tests/unit/platformV7EvidencePackDisputeGating.spec.ts,STANDARD,105,105,0,0,0,0,0,SURVIVING
apps/web/tests/unit/platformV7EvidencePackUi.test.ts,STANDARD,42,42,0,0,0,0,0,SURVIVING
apps/web/tests/unit/platformV7EvidenceReadinessMatrix.test.ts,STANDARD,169,169,0,0,0,0,0,SURVIVING
apps/web/tests/unit/platformV7EvidenceReleaseGuard.test.ts,STANDARD,94,94,0,0,0,0,0,SURVIVING
apps/web/tests/unit/platformV7EvidenceRetention.test.ts,STANDARD,128,128,0,0,0,0,0,SURVIVING
apps/web/tests/unit/platformV7ExecutionActionCore.test.ts,STANDARD,253,253,0,0,0,0,0,SURVIVING
apps/web/tests/unit/platformV7ExecutionActionGuard.spec.ts,STANDARD,59,59,0,0,0,0,0,SURVIVING
apps/web/tests/unit/platformV7ExecutionCommandContracts.test.ts,STANDARD,50,50,0,0,0,0,0,SURVIVING
apps/web/tests/unit/platformV7ExecutionDesignSystem.test.tsx,STANDARD,121,121,0,0,0,0,0,SURVIVING
apps/web/tests/unit/platformV7ExecutionEnvelopeHelper.test.ts,STANDARD,124,124,0,0,0,0,0,SURVIVING
apps/web/tests/unit/platformV7ExecutionGateHelper.test.ts,STANDARD,136,136,0,0,0,0,0,SURVIVING
apps/web/tests/unit/platformV7ExecutionMachineRoutes.test.ts,STANDARD,23,23,0,0,0,0,0,SURVIVING
apps/web/tests/unit/platformV7ExecutionMapRoute.test.ts,STANDARD,14,14,0,0,0,0,0,SURVIVING
apps/web/tests/unit/platformV7ExecutionModel.test.ts,STANDARD,90,90,0,0,0,0,0,SURVIVING
apps/web/tests/unit/platformV7ExecutionObservabilityHelper.test.ts,STANDARD,97,97,0,0,0,0,0,SURVIVING
apps/web/tests/unit/platformV7ExecutionPositioningEntryCopy.test.ts,STANDARD,51,51,0,0,0,0,0,SURVIVING
apps/web/tests/unit/platformV7ExecutionRegistryBoundary.test.ts,STANDARD,33,33,0,0,0,0,0,SURVIVING
apps/web/tests/unit/platformV7ExecutionResultHelper.test.ts,STANDARD,114,114,0,0,0,0,0,SURVIVING
apps/web/tests/unit/platformV7ExecutionRuntimeEventBridge.test.ts,STANDARD,188,188,0,0,0,0,0,SURVIVING
apps/web/tests/unit/platformV7ExecutionServiceRegistry.test.ts,STANDARD,54,54,0,0,0,0,0,SURVIVING
apps/web/tests/unit/platformV7ExecutionServiceRegistryContract.test.ts,STANDARD,23,23,0,0,0,0,0,SURVIVING
apps/web/tests/unit/platformV7ExecutionSourceOfTruth.test.ts,STANDARD,145,145,0,0,0,0,0,SURVIVING
apps/web/tests/unit/platformV7ExecutionStateMachine.test.ts,STANDARD,190,190,0,0,0,0,0,SURVIVING
apps/web/tests/unit/platformV7ExecutionStateMachineBridge.test.ts,STANDARD,67,67,0,0,0,0,0,SURVIVING
apps/web/tests/unit/platformV7ExecutionStateSpine.test.ts,STANDARD,70,70,0,0,0,0,0,SURVIVING
apps/web/tests/unit/platformV7ExecutionSurfaceCopyGuard.test.ts,STANDARD,62,62,0,0,0,0,0,SURVIVING
apps/web/tests/unit/platformV7ExecutiveActionBoundary.test.ts,STANDARD,18,18,0,0,0,0,0,SURVIVING
apps/web/tests/unit/platformV7ExecutiveRouteBoundary.test.ts,STANDARD,11,11,0,0,0,0,0,SURVIVING
apps/web/tests/unit/platformV7ExhibitionCss.test.ts,STANDARD,52,52,0,0,0,0,0,SURVIVING
apps/web/tests/unit/platformV7ExternalAdapterConfirmationGuard.test.ts,STANDARD,51,51,0,0,0,0,0,SURVIVING
apps/web/tests/unit/platformV7ExternalAdapterEmulators.test.ts,STANDARD,331,331,0,0,0,0,0,SURVIVING
apps/web/tests/unit/platformV7ExternalAdapterRuntimeQA.test.ts,STANDARD,615,615,0,0,0,0,0,SURVIVING
apps/web/tests/unit/platformV7ExternalAdapters.test.ts,STANDARD,82,82,0,0,0,0,0,SURVIVING
apps/web/tests/unit/platformV7ExternalCopyGuardrails.test.ts,STANDARD,94,94,0,0,0,0,0,SURVIVING
apps/web/tests/unit/platformV7FeedbackCopySafety.spec.ts,STANDARD,26,26,0,0,0,0,0,SURVIVING
apps/web/tests/unit/platformV7FeedbackPanel.test.tsx,STANDARD,12,12,0,0,0,0,0,SURVIVING
apps/web/tests/unit/platformV7FeedbackPanelRoleScope.spec.tsx,STANDARD,71,71,0,0,0,0,0,SURVIVING
apps/web/tests/unit/platformV7FeedbackRoleVisibility.spec.ts,STANDARD,17,17,0,0,0,0,0,SURVIVING
apps/web/tests/unit/platformV7FeedbackRunner.test.ts,STANDARD,50,50,0,0,0,0,0,SURVIVING
apps/web/tests/unit/platformV7FeedbackToast.test.ts,STANDARD,50,50,0,0,0,0,0,SURVIVING
apps/web/tests/unit/platformV7FgisAccessFlow.test.ts,STANDARD,94,94,0,0,0,0,0,SURVIVING
apps/web/tests/unit/platformV7FgisAdapterEmulator.test.ts,STANDARD,324,324,0,0,0,0,0,SURVIVING
apps/web/tests/unit/platformV7FgisDomain.test.ts,STANDARD,36,36,0,0,0,0,0,SURVIVING
apps/web/tests/unit/platformV7FgisLotPassport.test.ts,STANDARD,76,76,0,0,0,0,0,SURVIVING
apps/web/tests/unit/platformV7FgisRuntimeAction.test.ts,STANDARD,79,79,0,0,0,0,0,SURVIVING
apps/web/tests/unit/platformV7FieldAccessBoundary.test.ts,STANDARD,50,50,0,0,0,0,0,SURVIVING
apps/web/tests/unit/platformV7FieldDecisionReasons.test.ts,STANDARD,25,25,0,0,0,0,0,SURVIVING
apps/web/tests/unit/platformV7FieldRolesIsolation.test.ts,STANDARD,36,36,0,0,0,0,0,SURVIVING
apps/web/tests/unit/platformV7FinalAcceptanceContract.test.ts,STANDARD,219,219,0,0,0,0,0,SURVIVING
apps/web/tests/unit/platformV7FinalMoneyScenarios.test.ts,STANDARD,26,26,0,0,0,0,0,SURVIVING
apps/web/tests/unit/platformV7FinalShellHardeningPack.test.ts,STANDARD,117,117,0,0,0,0,0,SURVIVING
apps/web/tests/unit/platformV7FinalShellStaticGate.test.ts,STANDARD,85,85,0,0,0,0,0,SURVIVING
apps/web/tests/unit/platformV7FirstCustomerAccessAuthFailClosed.test.ts,STANDARD,26,26,0,0,0,0,0,SURVIVING
apps/web/tests/unit/platformV7FirstCustomerRegistrationBoundary.test.ts,STANDARD,150,143,0,0,7,0,0,SURVIVING
apps/web/tests/unit/platformV7GlobalRouteConsistency.test.ts,STANDARD,87,87,0,0,0,0,0,SURVIVING
apps/web/tests/unit/platformV7GovIdentityBridge.test.ts,STANDARD,36,36,0,0,0,0,0,SURVIVING
apps/web/tests/unit/platformV7GrainAutomationEngines2.test.ts,STANDARD,866,866,0,0,0,0,0,SURVIVING
apps/web/tests/unit/platformV7GrainBatchReadiness.spec.ts,STANDARD,9,9,0,0,0,0,0,SURVIVING
apps/web/tests/unit/platformV7GrainExecutionEngines.test.ts,STANDARD,683,683,0,0,0,0,0,SURVIVING
apps/web/tests/unit/platformV7GrainReleaseCockpitMoneyCopyGuard.test.ts,STANDARD,27,27,0,0,0,0,0,SURVIVING
apps/web/tests/unit/platformV7HeaderConsistency.test.ts,STANDARD,47,25,22,0,0,0,0,SURVIVING
apps/web/tests/unit/platformV7HeaderNotificationsPortal.test.ts,STANDARD,35,35,0,0,0,0,0,SURVIVING
apps/web/tests/unit/platformV7HealthCockpit.test.ts,STANDARD,38,38,0,0,0,0,0,SURVIVING
apps/web/tests/unit/platformV7HealthPage.test.tsx,STANDARD,14,14,0,0,0,0,0,SURVIVING
apps/web/tests/unit/platformV7HeroInfrastructureMessage.test.ts,STANDARD,96,96,0,0,0,0,0,SURVIVING
apps/web/tests/unit/platformV7HiddenDetails.test.ts,STANDARD,62,62,0,0,0,0,0,SURVIVING
apps/web/tests/unit/platformV7HideLegacyHeaderBell.test.ts,STANDARD,29,29,0,0,0,0,0,SURVIVING
apps/web/tests/unit/platformV7HomeFinalPolish.test.ts,STANDARD,103,103,0,0,0,0,0,SURVIVING
apps/web/tests/unit/platformV7HomeTaiRoleEntry.test.ts,STANDARD,88,88,0,0,0,0,0,SURVIVING
apps/web/tests/unit/platformV7HomepageProductCopy.test.ts,STANDARD,223,223,0,0,0,0,0,SURVIVING
apps/web/tests/unit/platformV7HomepageVisibleOperatingCopy.test.ts,STANDARD,210,210,0,0,0,0,0,SURVIVING
apps/web/tests/unit/platformV7I18nRequestLocaleGuard.test.ts,STANDARD,31,31,0,0,0,0,0,SURVIVING
apps/web/tests/unit/platformV7IdempotencyKeyHelper.test.ts,STANDARD,137,137,0,0,0,0,0,SURVIVING
apps/web/tests/unit/platformV7IndustrialAssistantShortcuts.test.ts,STANDARD,83,83,0,0,0,0,0,SURVIVING
apps/web/tests/unit/platformV7InspectionRouteBoundaries.test.ts,STANDARD,29,29,0,0,0,0,0,SURVIVING
apps/web/tests/unit/platformV7IntegrationControlTower.test.ts,STANDARD,97,97,0,0,0,0,0,SURVIVING
apps/web/tests/unit/platformV7IntegrationReadiness.test.ts,STANDARD,50,50,0,0,0,0,0,SURVIVING
apps/web/tests/unit/platformV7InternationalHomepageFix.test.ts,STANDARD,158,158,0,0,0,0,0,SURVIVING
apps/web/tests/unit/platformV7InvestorActionBoundary.test.ts,STANDARD,18,18,0,0,0,0,0,SURVIVING
apps/web/tests/unit/platformV7InvestorDashboard.test.ts,STANDARD,21,21,0,0,0,0,0,SURVIVING
apps/web/tests/unit/platformV7InvestorMetrics.test.ts,STANDARD,32,32,0,0,0,0,0,SURVIVING
apps/web/tests/unit/platformV7InvestorRoadmap.test.ts,STANDARD,29,29,0,0,0,0,0,SURVIVING
apps/web/tests/unit/platformV7InvestorStory.test.ts,STANDARD,30,30,0,0,0,0,0,SURVIVING
apps/web/tests/unit/platformV7LabActionBoundary.test.ts,STANDARD,24,24,0,0,0,0,0,SURVIVING
apps/web/tests/unit/platformV7LanguageReloadGuard.test.ts,STANDARD,30,30,0,0,0,0,0,SURVIVING
apps/web/tests/unit/platformV7LanguageSwitchGuard.test.ts,STANDARD,31,31,0,0,0,0,0,SURVIVING
apps/web/tests/unit/platformV7LegacyRouteClosure.test.ts,STANDARD,157,157,0,0,0,0,0,SURVIVING
apps/web/tests/unit/platformV7LegacyRuntimeZeroReference.test.ts,STANDARD,48,48,0,0,0,0,0,SURVIVING
apps/web/tests/unit/platformV7LegacyScenarioRouteCopy.test.ts,STANDARD,53,53,0,0,0,0,0,SURVIVING
apps/web/tests/unit/platformV7LegalContracts.test.ts,STANDARD,39,39,0,0,0,0,0,SURVIVING
apps/web/tests/unit/platformV7Lexicon.test.ts,STANDARD,58,58,0,0,0,0,0,SURVIVING
apps/web/tests/unit/platformV7LexiconNavigationLanguage.test.ts,STANDARD,54,54,0,0,0,0,0,SURVIVING
apps/web/tests/unit/platformV7LightThemeDefault.test.ts,STANDARD,85,85,0,0,0,0,0,SURVIVING
apps/web/tests/unit/platformV7LocaleMiddlewareGuard.test.ts,STANDARD,29,29,0,0,0,0,0,SURVIVING
apps/web/tests/unit/platformV7LoginRoleHandoff.test.ts,STANDARD,30,30,0,0,0,0,0,SURVIVING
apps/web/tests/unit/platformV7LoginSecurityBoundary.test.ts,STANDARD,101,101,0,0,0,0,0,SURVIVING
apps/web/tests/unit/platformV7LogisticsActionBoundary.test.ts,STANDARD,26,26,0,0,0,0,0,SURVIVING
apps/web/tests/unit/platformV7LogisticsChain.test.ts,STANDARD,115,115,0,0,0,0,0,SURVIVING
apps/web/tests/unit/platformV7LogisticsDomain.test.ts,STANDARD,51,51,0,0,0,0,0,SURVIVING
apps/web/tests/unit/platformV7LogisticsDriverBoundary.test.ts,STANDARD,68,68,0,0,0,0,0,SURVIVING
apps/web/tests/unit/platformV7LogisticsDriverDemo.test.ts,STANDARD,35,35,0,0,0,0,0,SURVIVING
apps/web/tests/unit/platformV7LogisticsIncidentMoneyConsistency.spec.ts,STANDARD,94,94,0,0,0,0,0,SURVIVING
apps/web/tests/unit/platformV7LogisticsOpsQueue.test.ts,STANDARD,157,157,0,0,0,0,0,SURVIVING
apps/web/tests/unit/platformV7LogisticsReceivingGate.test.ts,STANDARD,90,90,0,0,0,0,0,SURVIVING
apps/web/tests/unit/platformV7LogisticsReleaseReadiness.test.ts,STANDARD,145,145,0,0,0,0,0,SURVIVING
apps/web/tests/unit/platformV7LogisticsSecondaryAuthority.test.ts,STANDARD,63,63,0,0,0,0,0,SURVIVING
apps/web/tests/unit/platformV7LogisticsShipmentGate.test.ts,STANDARD,84,84,0,0,0,0,0,SURVIVING
apps/web/tests/unit/platformV7ManualActions.test.ts,STANDARD,59,59,0,0,0,0,0,SURVIVING
apps/web/tests/unit/platformV7MarketModel.test.ts,STANDARD,99,99,0,0,0,0,0,SURVIVING
apps/web/tests/unit/platformV7MarketRfqRoute.test.ts,STANDARD,15,15,0,0,0,0,0,SURVIVING
apps/web/tests/unit/platformV7MatchingEngine.spec.ts,STANDARD,9,9,0,0,0,0,0,SURVIVING
apps/web/tests/unit/platformV7MetadataSlots.test.ts,STANDARD,48,48,0,0,0,0,0,SURVIVING
apps/web/tests/unit/platformV7MiddlewareRolePrecedence.test.ts,STANDARD,34,34,0,0,0,0,0,SURVIVING
apps/web/tests/unit/platformV7MobileDensityFinal.test.ts,STANDARD,78,78,0,0,0,0,0,SURVIVING
apps/web/tests/unit/platformV7MobileHeaderRoleSwitcher.test.ts,STANDARD,48,48,0,0,0,0,0,SURVIVING
apps/web/tests/unit/platformV7MobileHeaderRuntimeStyle.test.ts,STANDARD,43,43,0,0,0,0,0,SURVIVING
apps/web/tests/unit/platformV7MobileNavigation.test.ts,STANDARD,43,43,0,0,0,0,0,SURVIVING
apps/web/tests/unit/platformV7MobileNotificationSafeCss.test.ts,STANDARD,57,57,0,0,0,0,0,SURVIVING
apps/web/tests/unit/platformV7MobileShellHardening.test.ts,STANDARD,45,45,0,0,0,0,0,SURVIVING
apps/web/tests/unit/platformV7MobileViewportGuard.test.ts,STANDARD,45,45,0,0,0,0,0,SURVIVING
apps/web/tests/unit/platformV7MoneyAdjustments.spec.ts,STANDARD,10,10,0,0,0,0,0,SURVIVING
apps/web/tests/unit/platformV7MoneyBankThemeTokens.test.ts,STANDARD,36,36,0,0,0,0,0,SURVIVING
apps/web/tests/unit/platformV7MoneyCopyLogic.test.ts,STANDARD,32,32,0,0,0,0,0,SURVIVING
apps/web/tests/unit/platformV7MoneyDocumentDisputeGuardDepth.test.ts,STANDARD,198,198,0,0,0,0,0,SURVIVING
apps/web/tests/unit/platformV7MoneyFeedbackDocumentBlocks.spec.ts,STANDARD,47,47,0,0,0,0,0,SURVIVING
apps/web/tests/unit/platformV7MoneyFeedbackReconciliation.spec.ts,STANDARD,28,28,0,0,0,0,0,SURVIVING
apps/web/tests/unit/platformV7MoneyReadinessConsistency.test.ts,STANDARD,179,179,0,0,0,0,0,SURVIVING
apps/web/tests/unit/platformV7MoneyReleaseBankConfirmation.spec.ts,STANDARD,89,89,0,0,0,0,0,SURVIVING
apps/web/tests/unit/platformV7MoneyReserveRequestRuntime.test.ts,STANDARD,167,167,0,0,0,0,0,SURVIVING
apps/web/tests/unit/platformV7MoneyRouteCopySafety.test.ts,STANDARD,27,27,0,0,0,0,0,SURVIVING
apps/web/tests/unit/platformV7MoneySafety.test.ts,STANDARD,248,248,0,0,0,0,0,SURVIVING
apps/web/tests/unit/platformV7MoneySafetyActions.test.ts,STANDARD,31,31,0,0,0,0,0,SURVIVING
apps/web/tests/unit/platformV7MoneySafetyAudit.test.ts,STANDARD,122,122,0,0,0,0,0,SURVIVING
apps/web/tests/unit/platformV7MoneySelectorUsageGuard.test.ts,STANDARD,33,33,0,0,0,0,0,SURVIVING
apps/web/tests/unit/platformV7MoneyTree.test.ts,STANDARD,256,256,0,0,0,0,0,SURVIVING
apps/web/tests/unit/platformV7Navigation.test.ts,STANDARD,53,53,0,0,0,0,0,SURVIVING
apps/web/tests/unit/platformV7NoFakeLiveCopy.test.ts,STANDARD,63,63,0,0,0,0,0,SURVIVING
apps/web/tests/unit/platformV7NoSyntheticRoleNotices.test.ts,STANDARD,14,14,0,0,0,0,0,SURVIVING
apps/web/tests/unit/platformV7NotepadHeaderWidget.test.ts,STANDARD,26,26,0,0,0,0,0,SURVIVING
apps/web/tests/unit/platformV7NotificationAccountScopeCopy.test.ts,STANDARD,12,12,0,0,0,0,0,SURVIVING
apps/web/tests/unit/platformV7NotificationActionErrors.test.ts,STANDARD,14,14,0,0,0,0,0,SURVIVING
apps/web/tests/unit/platformV7NotificationCenter.test.tsx,STANDARD,81,81,0,0,0,0,0,SURVIVING
apps/web/tests/unit/platformV7NotificationDateFormatting.test.ts,STANDARD,12,12,0,0,0,0,0,SURVIVING
apps/web/tests/unit/platformV7NotificationErrorStates.test.ts,STANDARD,13,13,0,0,0,0,0,SURVIVING
apps/web/tests/unit/platformV7NotificationInbox.test.ts,STANDARD,32,32,0,0,0,0,0,SURVIVING
apps/web/tests/unit/platformV7NotificationMobileActions.test.ts,STANDARD,13,13,0,0,0,0,0,SURVIVING
apps/web/tests/unit/platformV7NotificationNoDecorativeMetrics.test.ts,STANDARD,13,13,0,0,0,0,0,SURVIVING
apps/web/tests/unit/platformV7NotificationNoFakeActions.test.ts,STANDARD,15,15,0,0,0,0,0,SURVIVING
apps/web/tests/unit/platformV7NotificationNoFixtureIds.test.ts,STANDARD,13,13,0,0,0,0,0,SURVIVING
apps/web/tests/unit/platformV7NotificationPlainLanguage.test.ts,STANDARD,14,14,0,0,0,0,0,SURVIVING
apps/web/tests/unit/platformV7NotificationReadState.test.ts,STANDARD,12,12,0,0,0,0,0,SURVIVING
apps/web/tests/unit/platformV7NotificationRouteAccess.test.ts,STANDARD,11,11,0,0,0,0,0,SURVIVING
apps/web/tests/unit/platformV7NotificationSinglePurpose.test.ts,STANDARD,12,12,0,0,0,0,0,SURVIVING
apps/web/tests/unit/platformV7NotificationsAuthority.test.ts,STANDARD,91,91,0,0,0,0,0,SURVIVING
apps/web/tests/unit/platformV7ObservabilityContracts.test.ts,STANDARD,47,47,0,0,0,0,0,SURVIVING
apps/web/tests/unit/platformV7ObserverActionBoundary.test.ts,STANDARD,44,44,0,0,0,0,0,SURVIVING
apps/web/tests/unit/platformV7OfferToDealCopySafety.test.ts,STANDARD,42,42,0,0,0,0,0,SURVIVING
apps/web/tests/unit/platformV7OfflineCommandQueue.test.ts,STANDARD,119,119,0,0,0,0,0,SURVIVING
apps/web/tests/unit/platformV7OnboardingAccessGate.test.ts,STANDARD,121,121,0,0,0,0,0,SURVIVING
apps/web/tests/unit/platformV7OnboardingAuthority.test.ts,STANDARD,97,97,0,0,0,0,0,SURVIVING
apps/web/tests/unit/platformV7OnboardingComplianceQueue.test.ts,STANDARD,167,167,0,0,0,0,0,SURVIVING
apps/web/tests/unit/platformV7OnboardingDocuments.test.ts,STANDARD,86,86,0,0,0,0,0,SURVIVING
apps/web/tests/unit/platformV7OnboardingKyc.test.ts,STANDARD,87,87,0,0,0,0,0,SURVIVING
apps/web/tests/unit/platformV7OnboardingRiskScore.test.ts,STANDARD,138,138,0,0,0,0,0,SURVIVING
apps/web/tests/unit/platformV7OperationalRoleCockpit.test.tsx,STANDARD,211,211,0,0,0,0,0,SURVIVING
apps/web/tests/unit/platformV7OperatorActions.test.ts,STANDARD,24,24,0,0,0,0,0,SURVIVING
apps/web/tests/unit/platformV7OperatorAuditEntry.test.ts,STANDARD,21,21,0,0,0,0,0,SURVIVING
apps/web/tests/unit/platformV7OperatorCompatibilityAliases.test.ts,STANDARD,56,56,0,0,0,0,0,SURVIVING
apps/web/tests/unit/platformV7OperatorQueuesCanonicalRoute.test.ts,STANDARD,44,44,0,0,0,0,0,SURVIVING
apps/web/tests/unit/platformV7OrganizationConnectIntake.test.ts,STANDARD,142,142,0,0,0,0,0,SURVIVING
apps/web/tests/unit/platformV7OrganizationConnectProductionApiAuthority.test.ts,STANDARD,26,26,0,0,0,0,0,SURVIVING
apps/web/tests/unit/platformV7OrganizationTeamAuthority.test.ts,STANDARD,84,84,0,0,0,0,0,SURVIVING
apps/web/tests/unit/platformV7OwnerAccessCenterTaskUx.test.ts,STANDARD,128,128,0,0,0,0,0,SURVIVING
apps/web/tests/unit/platformV7OwnerRealCabinets.test.ts,STANDARD,68,68,0,0,0,0,0,SURVIVING
apps/web/tests/unit/platformV7OwnerShowroom.test.ts,STANDARD,56,56,0,0,0,0,0,SURVIVING
apps/web/tests/unit/platformV7PasswordRecoveryBoundary.test.ts,STANDARD,55,55,0,0,0,0,0,SURVIVING
apps/web/tests/unit/platformV7PersistenceContracts.test.ts,STANDARD,39,39,0,0,0,0,0,SURVIVING
apps/web/tests/unit/platformV7PersistenceQueue.test.ts,STANDARD,137,137,0,0,0,0,0,SURVIVING
apps/web/tests/unit/platformV7PersistenceQueueAdapter.test.ts,STANDARD,42,42,0,0,0,0,0,SURVIVING
apps/web/tests/unit/platformV7PersistenceRepository.test.ts,STANDARD,122,122,0,0,0,0,0,SURVIVING
apps/web/tests/unit/platformV7PersistenceSnapshot.test.ts,STANDARD,119,119,0,0,0,0,0,SURVIVING
apps/web/tests/unit/platformV7PilotMetrics.test.ts,STANDARD,35,35,0,0,0,0,0,SURVIVING
apps/web/tests/unit/platformV7PilotReadyGuard.test.ts,STANDARD,40,40,0,0,0,0,0,SURVIVING
apps/web/tests/unit/platformV7PolicyIdentity.test.ts,STANDARD,58,58,0,0,0,0,0,SURVIVING
apps/web/tests/unit/platformV7PreDealCompatibility.test.ts,STANDARD,75,75,0,0,0,0,0,SURVIVING
apps/web/tests/unit/platformV7PremiumExecutionUi.test.ts,STANDARD,315,315,0,0,0,0,0,SURVIVING
apps/web/tests/unit/platformV7PremiumGlyphUsageGuard.test.ts,STANDARD,51,51,0,0,0,0,0,SURVIVING
apps/web/tests/unit/platformV7PremiumMobileText.test.ts,STANDARD,32,32,0,0,0,0,0,SURVIVING
apps/web/tests/unit/platformV7PremiumMoneyCopySafety.test.ts,STANDARD,37,37,0,0,0,0,0,SURVIVING
apps/web/tests/unit/platformV7PremiumRhythmCss.test.ts,STANDARD,48,48,0,0,0,0,0,SURVIVING
apps/web/tests/unit/platformV7PresentationDownload.test.ts,STANDARD,169,169,0,0,0,0,0,SURVIVING
apps/web/tests/unit/platformV7PrimaryRoleCockpit.test.tsx,STANDARD,97,97,0,0,0,0,0,SURVIVING
apps/web/tests/unit/platformV7PrivateAssistantStreamBinding.test.tsx,STANDARD,181,181,0,0,0,0,0,SURVIVING
apps/web/tests/unit/platformV7PrivateGatewayStreamProxy.test.ts,STANDARD,221,221,0,0,0,0,0,SURVIVING
apps/web/tests/unit/platformV7ProcurementMoneyCopyGuard.test.ts,STANDARD,26,26,0,0,0,0,0,SURVIVING
apps/web/tests/unit/platformV7ProductEntryOnboarding.test.ts,STANDARD,26,26,0,0,0,0,0,SURVIVING
apps/web/tests/unit/platformV7ProductionI18nRuntimeBridge.test.tsx,STANDARD,84,84,0,0,0,0,0,SURVIVING
apps/web/tests/unit/platformV7ProfileAuthority.test.ts,STANDARD,89,89,0,0,0,0,0,SURVIVING
apps/web/tests/unit/platformV7ProfileTeamAuthority.test.ts,STANDARD,76,76,0,0,0,0,0,SURVIVING
apps/web/tests/unit/platformV7ProposalModel.test.ts,STANDARD,46,46,0,0,0,0,0,SURVIVING
apps/web/tests/unit/platformV7ProspectAssistantKnowledge.test.ts,STANDARD,206,206,0,0,0,0,0,SURVIVING
apps/web/tests/unit/platformV7ProtectedGridAndRoleScope.test.ts,STANDARD,27,27,0,0,0,0,0,SURVIVING
apps/web/tests/unit/platformV7ProviderRegistry.test.ts,STANDARD,71,71,0,0,0,0,0,SURVIVING
apps/web/tests/unit/platformV7PublicAiInAction.test.ts,STANDARD,118,118,0,0,0,0,0,SURVIVING
apps/web/tests/unit/platformV7PublicAiMarketingBlock.test.ts,STANDARD,66,66,0,0,0,0,0,SURVIVING
apps/web/tests/unit/platformV7PublicAiRouteAuthority.test.ts,STANDARD,52,48,0,0,4,0,0,SURVIVING
apps/web/tests/unit/platformV7PublicAssistantAttachmentMiddleware.test.ts,STANDARD,28,27,0,0,1,0,0,SURVIVING
apps/web/tests/unit/platformV7PublicAssistantBrandingCleanup.test.ts,STANDARD,235,217,16,0,2,0,0,SURVIVING
apps/web/tests/unit/platformV7PublicAssistantCleanUi.test.ts,STANDARD,64,64,0,0,0,0,0,SURVIVING
apps/web/tests/unit/platformV7PublicAssistantMobileKeyboard.test.ts,STANDARD,101,101,0,0,0,0,0,SURVIVING
apps/web/tests/unit/platformV7PublicAssistantMobileLayoutAuthority.test.ts,STANDARD,125,125,0,0,0,0,0,SURVIVING
apps/web/tests/unit/platformV7PublicAssistantStreamBinding.test.tsx,STANDARD,170,170,0,0,0,0,0,SURVIVING
apps/web/tests/unit/platformV7PublicAssistantStreamContract.test.ts,STANDARD,294,238,56,0,0,0,0,SURVIVING
apps/web/tests/unit/platformV7PublicAssistantSupportUx.test.ts,STANDARD,63,63,0,0,0,0,0,SURVIVING
apps/web/tests/unit/platformV7PublicAssistantTransportResilience.test.ts,STANDARD,41,41,0,0,0,0,0,SURVIVING
apps/web/tests/unit/platformV7PublicBrandDomainAuthority.test.ts,STANDARD,50,50,0,0,0,0,0,SURVIVING
apps/web/tests/unit/platformV7PublicCjkTypography.test.ts,STANDARD,33,33,0,0,0,0,0,SURVIVING
apps/web/tests/unit/platformV7PublicCopyQuality.test.ts,STANDARD,240,240,0,0,0,0,0,SURVIVING
apps/web/tests/unit/platformV7PublicCopySmoke.test.ts,STANDARD,28,28,0,0,0,0,0,SURVIVING
apps/web/tests/unit/platformV7PublicDealExplorerMobileUx.test.ts,STANDARD,86,86,0,0,0,0,0,SURVIVING
apps/web/tests/unit/platformV7PublicDealJourneyV5.test.ts,STANDARD,110,110,0,0,0,0,0,SURVIVING
apps/web/tests/unit/platformV7PublicDemoContact.test.ts,STANDARD,62,55,7,0,0,0,0,SURVIVING
apps/web/tests/unit/platformV7PublicEntryStable.test.ts,STANDARD,45,45,0,0,0,0,0,SURVIVING
apps/web/tests/unit/platformV7PublicExperienceV4.test.ts,STANDARD,175,175,0,0,0,0,0,SURVIVING
apps/web/tests/unit/platformV7PublicIndustrialCopy.test.ts,STANDARD,84,84,0,0,0,0,0,SURVIVING
apps/web/tests/unit/platformV7PublicIntelligenceLayer.test.ts,STANDARD,98,98,0,0,0,0,0,SURVIVING
apps/web/tests/unit/platformV7PublicLayoutSplit.test.ts,STANDARD,188,186,0,0,2,0,0,SURVIVING
apps/web/tests/unit/platformV7PublicLiveHardening.test.ts,STANDARD,67,7,0,0,60,0,0,SURVIVING
apps/web/tests/unit/platformV7PublicOrganizationIntakeMiddleware.test.ts,STANDARD,32,32,0,0,0,0,0,SURVIVING
apps/web/tests/unit/platformV7PublicProductExperienceState.test.ts,STANDARD,98,98,0,0,0,0,0,SURVIVING
apps/web/tests/unit/platformV7PublicRegisterRoleSelection.test.ts,STANDARD,26,26,0,0,0,0,0,SURVIVING
apps/web/tests/unit/platformV7PublicRegistrationPatch.test.ts,STANDARD,58,58,0,0,0,0,0,SURVIVING
apps/web/tests/unit/platformV7PublicRouteGuards.test.ts,STANDARD,25,25,0,0,0,0,0,SURVIVING
apps/web/tests/unit/platformV7PublicSeoRouteAuthority.test.ts,STANDARD,82,82,0,0,0,0,0,SURVIVING
apps/web/tests/unit/platformV7PublicSmoke.test.ts,STANDARD,48,48,0,0,0,0,0,SURVIVING
apps/web/tests/unit/platformV7PublicTrustBlockRemoval.test.ts,STANDARD,16,16,0,0,0,0,0,SURVIVING
apps/web/tests/unit/platformV7PublicTypography.test.ts,STANDARD,63,63,0,0,0,0,0,SURVIVING
apps/web/tests/unit/platformV7PublicWebKitSafety.test.ts,STANDARD,44,44,0,0,0,0,0,SURVIVING
apps/web/tests/unit/platformV7PublicWorldClassGate.test.ts,STANDARD,119,119,0,0,0,0,0,SURVIVING
apps/web/tests/unit/platformV7QualityAcceptanceLogic.test.ts,STANDARD,102,102,0,0,0,0,0,SURVIVING
apps/web/tests/unit/platformV7QualityControlGate.test.ts,STANDARD,105,105,0,0,0,0,0,SURVIVING
apps/web/tests/unit/platformV7QualityDiscount.test.ts,STANDARD,119,119,0,0,0,0,0,SURVIVING
apps/web/tests/unit/platformV7QualityModel.test.ts,STANDARD,47,47,0,0,0,0,0,SURVIVING
apps/web/tests/unit/platformV7QualityReleaseReadiness.test.ts,STANDARD,131,131,0,0,0,0,0,SURVIVING
apps/web/tests/unit/platformV7QuickJumpCopySafety.test.ts,STANDARD,23,23,0,0,0,0,0,SURVIVING
apps/web/tests/unit/platformV7QuickJumpDeepLinkScope.test.ts,STANDARD,27,27,0,0,0,0,0,SURVIVING
apps/web/tests/unit/platformV7QuickJumpRoleActions.test.ts,STANDARD,26,26,0,0,0,0,0,SURVIVING
apps/web/tests/unit/platformV7QuickJumpUniqueness.test.ts,STANDARD,28,28,0,0,0,0,0,SURVIVING
apps/web/tests/unit/platformV7RatingModel.test.ts,STANDARD,55,55,0,0,0,0,0,SURVIVING
apps/web/tests/unit/platformV7RbacNavigationConsistency.test.ts,STANDARD,16,16,0,0,0,0,0,SURVIVING
apps/web/tests/unit/platformV7RbacRouteGuard.test.ts,STANDARD,60,60,0,0,0,0,0,SURVIVING
apps/web/tests/unit/platformV7RealAdapterShell.test.ts,STANDARD,68,68,0,0,0,0,0,SURVIVING
apps/web/tests/unit/platformV7RealDealsRegistry.test.ts,STANDARD,120,120,0,0,0,0,0,SURVIVING
apps/web/tests/unit/platformV7RecentRouteSurface.test.ts,STANDARD,72,72,0,0,0,0,0,SURVIVING
apps/web/tests/unit/platformV7ReleaseGuard.test.ts,STANDARD,100,100,0,0,0,0,0,SURVIVING
apps/web/tests/unit/platformV7ReleaseSafetyRoute.test.ts,STANDARD,13,13,0,0,0,0,0,SURVIVING
apps/web/tests/unit/platformV7ReliabilityRating.test.ts,STANDARD,43,43,0,0,0,0,0,SURVIVING
apps/web/tests/unit/platformV7ReportsAuthority.test.ts,STANDARD,91,91,0,0,0,0,0,SURVIVING
apps/web/tests/unit/platformV7RepositoryContracts.test.ts,STANDARD,67,67,0,0,0,0,0,SURVIVING
apps/web/tests/unit/platformV7ResolvedRoleUtilities.test.ts,STANDARD,16,16,0,0,0,0,0,SURVIVING
apps/web/tests/unit/platformV7RestrictedPublicQwenRoute.test.ts,STANDARD,413,315,45,0,53,0,0,SURVIVING
apps/web/tests/unit/platformV7RiskDocumentSecurityLayer.test.ts,STANDARD,687,687,0,0,0,0,0,SURVIVING
apps/web/tests/unit/platformV7RoleAccessHome.test.ts,STANDARD,28,28,0,0,0,0,0,SURVIVING
apps/web/tests/unit/platformV7RoleAssistantWidget.test.ts,STANDARD,63,63,0,0,0,0,0,SURVIVING
apps/web/tests/unit/platformV7RoleCardsStable.test.ts,STANDARD,24,24,0,0,0,0,0,SURVIVING
apps/web/tests/unit/platformV7RoleCockpitLoading.test.ts,STANDARD,53,53,0,0,0,0,0,SURVIVING
apps/web/tests/unit/platformV7RoleExecutionSummary.test.ts,STANDARD,84,84,0,0,0,0,0,SURVIVING
apps/web/tests/unit/platformV7RoleExecutionSummaryCore.test.tsx,STANDARD,63,63,0,0,0,0,0,SURVIVING
apps/web/tests/unit/platformV7RoleExecutionSummaryGate.test.ts,STANDARD,27,27,0,0,0,0,0,SURVIVING
apps/web/tests/unit/platformV7RoleFieldAccess.test.ts,STANDARD,38,38,0,0,0,0,0,SURVIVING
apps/web/tests/unit/platformV7RoleFocusLabels.test.ts,STANDARD,34,34,0,0,0,0,0,SURVIVING
apps/web/tests/unit/platformV7RoleGrainAliases.test.ts,STANDARD,46,46,0,0,0,0,0,SURVIVING
apps/web/tests/unit/platformV7RoleHomeRouteBoundary.test.ts,STANDARD,37,37,0,0,0,0,0,SURVIVING
apps/web/tests/unit/platformV7RoleHomeRoutes.test.ts,STANDARD,25,25,0,0,0,0,0,SURVIVING
apps/web/tests/unit/platformV7RoleIntentDashboard.test.ts,STANDARD,261,259,0,0,2,0,0,SURVIVING
apps/web/tests/unit/platformV7RoleJourney.test.ts,STANDARD,66,66,0,0,0,0,0,SURVIVING
apps/web/tests/unit/platformV7RoleLeakage.test.ts,STANDARD,113,113,0,0,0,0,0,SURVIVING
apps/web/tests/unit/platformV7RoleNavigationIsolation.test.ts,STANDARD,24,24,0,0,0,0,0,SURVIVING
apps/web/tests/unit/platformV7RoleNavigationRegistry.test.ts,STANDARD,47,47,0,0,0,0,0,SURVIVING
apps/web/tests/unit/platformV7RolePolicyRegistries.test.ts,STANDARD,19,19,0,0,0,0,0,SURVIVING
apps/web/tests/unit/platformV7RoleRouteSurface.test.ts,STANDARD,16,16,0,0,0,0,0,SURVIVING
apps/web/tests/unit/platformV7RoleRoutes.test.ts,STANDARD,105,105,0,0,0,0,0,SURVIVING
apps/web/tests/unit/platformV7RoleRoutesUnique.test.ts,STANDARD,10,10,0,0,0,0,0,SURVIVING
apps/web/tests/unit/platformV7RoleScopedAiAssistant.test.ts,STANDARD,73,73,0,0,0,0,0,SURVIVING
apps/web/tests/unit/platformV7RoleScreenContract.test.tsx,STANDARD,42,42,0,0,0,0,0,SURVIVING
apps/web/tests/unit/platformV7RoleSurfaceAccess.test.ts,STANDARD,99,99,0,0,0,0,0,SURVIVING
apps/web/tests/unit/platformV7RoleUxRegressions.test.ts,STANDARD,172,172,0,0,0,0,0,SURVIVING
apps/web/tests/unit/platformV7RoleVisibility.spec.ts,STANDARD,10,10,0,0,0,0,0,SURVIVING
apps/web/tests/unit/platformV7Roles.test.ts,STANDARD,30,30,0,0,0,0,0,SURVIVING
apps/web/tests/unit/platformV7RootWorkEntry.test.ts,STANDARD,376,376,0,0,0,0,0,SURVIVING
apps/web/tests/unit/platformV7RouteAccessBoundary.test.ts,STANDARD,40,40,0,0,0,0,0,SURVIVING
apps/web/tests/unit/platformV7RouteActionInvariant.test.ts,STANDARD,36,36,0,0,0,0,0,SURVIVING
apps/web/tests/unit/platformV7RouteActionPermissionInvariants.test.ts,STANDARD,103,103,0,0,0,0,0,SURVIVING
apps/web/tests/unit/platformV7RouteAudit.test.ts,STANDARD,83,83,0,0,0,0,0,SURVIVING
apps/web/tests/unit/platformV7RouteCanonicalization.test.ts,STANDARD,34,34,0,0,0,0,0,SURVIVING
apps/web/tests/unit/platformV7RouteOwnedRoleSync.test.ts,STANDARD,17,17,0,0,0,0,0,SURVIVING
apps/web/tests/unit/platformV7RoutePrefixSafety.test.ts,STANDARD,19,19,0,0,0,0,0,SURVIVING
apps/web/tests/unit/platformV7RuntimeActionApply.test.ts,STANDARD,195,195,0,0,0,0,0,SURVIVING
apps/web/tests/unit/platformV7RuntimeActionContract.test.ts,STANDARD,89,89,0,0,0,0,0,SURVIVING
apps/web/tests/unit/platformV7RuntimeActionContractSafety.test.ts,STANDARD,70,70,0,0,0,0,0,SURVIVING
apps/web/tests/unit/platformV7RuntimeActionEvents.test.ts,STANDARD,150,150,0,0,0,0,0,SURVIVING
apps/web/tests/unit/platformV7RuntimeApplicationServices.test.ts,STANDARD,242,242,0,0,0,0,0,SURVIVING
apps/web/tests/unit/platformV7RuntimeCheckHelper.test.ts,STANDARD,103,103,0,0,0,0,0,SURVIVING
apps/web/tests/unit/platformV7RuntimeCopyGuard.test.ts,STANDARD,42,42,0,0,0,0,0,SURVIVING
apps/web/tests/unit/platformV7RuntimeDtoSchemas.dto.test.ts,STANDARD,124,124,0,0,0,0,0,SURVIVING
apps/web/tests/unit/platformV7RuntimeEntryCockpit.test.ts,STANDARD,40,40,0,0,0,0,0,SURVIVING
apps/web/tests/unit/platformV7RuntimeFinalQa.test.ts,STANDARD,82,82,0,0,0,0,0,SURVIVING
apps/web/tests/unit/platformV7RuntimeIntegration.test.ts,STANDARD,128,128,0,0,0,0,0,SURVIVING
apps/web/tests/unit/platformV7RuntimeMockPersistenceAdapter.test.ts,STANDARD,378,378,0,0,0,0,0,SURVIVING
apps/web/tests/unit/platformV7RuntimePersistencePorts.persistence.test.ts,STANDARD,278,278,0,0,0,0,0,SURVIVING
apps/web/tests/unit/platformV7RuntimeServerActions.test.ts,STANDARD,194,194,0,0,0,0,0,SURVIVING
apps/web/tests/unit/platformV7ScrollRestorationGuard.test.ts,STANDARD,17,17,0,0,0,0,0,SURVIVING
apps/web/tests/unit/platformV7SdizStageBlocking.spec.ts,STANDARD,69,69,0,0,0,0,0,SURVIVING
apps/web/tests/unit/platformV7SecurityContracts.test.ts,STANDARD,77,77,0,0,0,0,0,SURVIVING
apps/web/tests/unit/platformV7SecurityMiddlewareLogic.test.ts,STANDARD,45,45,0,0,0,0,0,SURVIVING
apps/web/tests/unit/platformV7SecurityRbac.test.ts,STANDARD,86,86,0,0,0,0,0,SURVIVING
apps/web/tests/unit/platformV7SecurityTrustCompatibility.test.ts,STANDARD,67,67,0,0,0,0,0,SURVIVING
apps/web/tests/unit/platformV7SellerCanonicalAliases.test.ts,STANDARD,45,45,0,0,0,0,0,SURVIVING
apps/web/tests/unit/platformV7SellerInventoryAliases.test.ts,STANDARD,34,34,0,0,0,0,0,SURVIVING
apps/web/tests/unit/platformV7SellerMobileViewportGuard.test.ts,STANDARD,18,18,0,0,0,0,0,SURVIVING
apps/web/tests/unit/platformV7SellerMoneyAccess.test.ts,STANDARD,26,26,0,0,0,0,0,SURVIVING
apps/web/tests/unit/platformV7SellerReputationAuthority.test.ts,STANDARD,49,49,0,0,0,0,0,SURVIVING
apps/web/tests/unit/platformV7SellerRfqAuthority.test.ts,STANDARD,61,61,0,0,0,0,0,SURVIVING
apps/web/tests/unit/platformV7SensitiveFieldBoundaries.test.ts,STANDARD,24,24,0,0,0,0,0,SURVIVING
apps/web/tests/unit/platformV7SensitiveRoleActionMatrix.test.ts,STANDARD,99,99,0,0,0,0,0,SURVIVING
apps/web/tests/unit/platformV7SensitiveRoleActions.test.ts,STANDARD,55,55,0,0,0,0,0,SURVIVING
apps/web/tests/unit/platformV7ServerActionContractWrapper.test.ts,STANDARD,104,104,0,0,0,0,0,SURVIVING
apps/web/tests/unit/platformV7ServerActionRouteAudit.test.ts,STANDARD,96,96,0,0,0,0,0,SURVIVING
apps/web/tests/unit/platformV7ServerActionRouteBodyReader.test.ts,STANDARD,84,84,0,0,0,0,0,SURVIVING
apps/web/tests/unit/platformV7ServerActionRouteDisputeGate.test.ts,STANDARD,231,231,0,0,0,0,0,SURVIVING
apps/web/tests/unit/platformV7ServerActionRouteDocumentGate.test.ts,STANDARD,302,302,0,0,0,0,0,SURVIVING
apps/web/tests/unit/platformV7ServerActionRouteForbiddenRoleMeaning.test.ts,STANDARD,38,38,0,0,0,0,0,SURVIVING
apps/web/tests/unit/platformV7ServerActionRouteHandler.test.ts,STANDARD,258,258,0,0,0,0,0,SURVIVING
apps/web/tests/unit/platformV7ServerActionRouteHttpMeaning.test.ts,STANDARD,72,72,0,0,0,0,0,SURVIVING
apps/web/tests/unit/platformV7ServerActionRouteHttpMeaningBlocked.test.ts,STANDARD,84,84,0,0,0,0,0,SURVIVING
apps/web/tests/unit/platformV7ServerActionRouteIdempotency.test.ts,STANDARD,122,122,0,0,0,0,0,SURVIVING
apps/web/tests/unit/platformV7ServerActionRouteInvalidBody.test.ts,STANDARD,23,23,0,0,0,0,0,SURVIVING
apps/web/tests/unit/platformV7ServerActionRouteMoneyGuard.test.ts,STANDARD,200,200,0,0,0,0,0,SURVIVING
apps/web/tests/unit/platformV7ServerActionRouteMoneyKey.test.ts,STANDARD,50,50,0,0,0,0,0,SURVIVING
apps/web/tests/unit/platformV7ServerActionRouteResult.test.ts,STANDARD,157,157,0,0,0,0,0,SURVIVING
apps/web/tests/unit/platformV7ServerActionRouteRiskReviewGate.test.ts,STANDARD,98,98,0,0,0,0,0,SURVIVING
apps/web/tests/unit/platformV7ServerActionRouteServiceName.test.ts,STANDARD,60,60,0,0,0,0,0,SURVIVING
apps/web/tests/unit/platformV7ServerActionRouteSummary.test.ts,STANDARD,81,81,0,0,0,0,0,SURVIVING
apps/web/tests/unit/platformV7ServerActionRouteSupportGate.test.ts,STANDARD,148,148,0,0,0,0,0,SURVIVING
apps/web/tests/unit/platformV7ServerActionRouteTripGate.test.ts,STANDARD,261,261,0,0,0,0,0,SURVIVING
apps/web/tests/unit/platformV7ServerActorIdentity.test.ts,STANDARD,65,65,0,0,0,0,0,SURVIVING
apps/web/tests/unit/platformV7ServerAuditBoundary.test.ts,STANDARD,101,101,0,0,0,0,0,SURVIVING
apps/web/tests/unit/platformV7ServerCabinetAccess.test.ts,STANDARD,65,65,0,0,0,0,0,SURVIVING
apps/web/tests/unit/platformV7ServerDisputeGate.test.ts,STANDARD,117,117,0,0,0,0,0,SURVIVING
apps/web/tests/unit/platformV7ServerDocumentGate.test.ts,STANDARD,120,120,0,0,0,0,0,SURVIVING
apps/web/tests/unit/platformV7ServerFieldMasking.test.ts,STANDARD,73,73,0,0,0,0,0,SURVIVING
apps/web/tests/unit/platformV7ServerIdempotencyBoundary.test.ts,STANDARD,137,137,0,0,0,0,0,SURVIVING
apps/web/tests/unit/platformV7ServerMoneyOperationGuard.test.ts,STANDARD,159,159,0,0,0,0,0,SURVIVING
apps/web/tests/unit/platformV7ServerPersistenceBoundary.test.ts,STANDARD,67,67,0,0,0,0,0,SURVIVING
apps/web/tests/unit/platformV7ServerRiskReviewGate.test.ts,STANDARD,127,127,0,0,0,0,0,SURVIVING
apps/web/tests/unit/platformV7ServerSupportGate.test.ts,STANDARD,115,115,0,0,0,0,0,SURVIVING
apps/web/tests/unit/platformV7ServerTripGate.test.ts,STANDARD,126,126,0,0,0,0,0,SURVIVING
apps/web/tests/unit/platformV7ServerVerifiedShell.test.ts,STANDARD,55,55,0,0,0,0,0,SURVIVING
apps/web/tests/unit/platformV7ServiceBoundaryRunner.test.ts,STANDARD,98,98,0,0,0,0,0,SURVIVING
apps/web/tests/unit/platformV7ServiceContracts.test.ts,STANDARD,147,147,0,0,0,0,0,SURVIVING
apps/web/tests/unit/platformV7ServiceWorkerNoReloadLoop.test.ts,STANDARD,14,14,0,0,0,0,0,SURVIVING
apps/web/tests/unit/platformV7ServiceWriteSurfaceContract.test.ts,STANDARD,51,51,0,0,0,0,0,SURVIVING
apps/web/tests/unit/platformV7ServiceWriteSurfaceSanity.test.ts,STANDARD,25,25,0,0,0,0,0,SURVIVING
apps/web/tests/unit/platformV7Shell.test.ts,STANDARD,26,26,0,0,0,0,0,SURVIVING
apps/web/tests/unit/platformV7ShellBankSafeCopy.test.ts,STANDARD,25,25,0,0,0,0,0,SURVIVING
apps/web/tests/unit/platformV7ShellBreadcrumbs.test.ts,STANDARD,45,45,0,0,0,0,0,SURVIVING
apps/web/tests/unit/platformV7ShellClarityCss.test.ts,STANDARD,40,40,0,0,0,0,0,SURVIVING
apps/web/tests/unit/platformV7ShellLabels.test.ts,STANDARD,40,40,0,0,0,0,0,SURVIVING
apps/web/tests/unit/platformV7ShellModel.test.ts,STANDARD,131,131,0,0,0,0,0,SURVIVING
apps/web/tests/unit/platformV7ShellModelBreadcrumbs.test.ts,STANDARD,73,73,0,0,0,0,0,SURVIVING
apps/web/tests/unit/platformV7ShellModelEnvironment.test.ts,STANDARD,95,95,0,0,0,0,0,SURVIVING
apps/web/tests/unit/platformV7ShellModelNavigation.test.ts,STANDARD,153,153,0,0,0,0,0,SURVIVING
apps/web/tests/unit/platformV7ShellModelNotificationCenter.test.ts,STANDARD,24,24,0,0,0,0,0,SURVIVING
apps/web/tests/unit/platformV7ShellModelPrimaryNotification.test.ts,STANDARD,14,14,0,0,0,0,0,SURVIVING
apps/web/tests/unit/platformV7ShellModelShortcuts.test.ts,STANDARD,89,89,0,0,0,0,0,SURVIVING
apps/web/tests/unit/platformV7ShellNavCopySafety.test.ts,STANDARD,25,25,0,0,0,0,0,SURVIVING
apps/web/tests/unit/platformV7ShellNavUniqueHrefs.test.ts,STANDARD,29,29,0,0,0,0,0,SURVIVING
apps/web/tests/unit/platformV7ShellNavUniqueLabels.test.ts,STANDARD,29,29,0,0,0,0,0,SURVIVING
apps/web/tests/unit/platformV7ShellNotificationAuthority.test.ts,STANDARD,57,57,0,0,0,0,0,SURVIVING
apps/web/tests/unit/platformV7ShellNotificationCenter.test.ts,STANDARD,71,71,0,0,0,0,0,SURVIVING
apps/web/tests/unit/platformV7ShellNotificationSummaryBounds.test.ts,STANDARD,16,16,0,0,0,0,0,SURVIVING
apps/web/tests/unit/platformV7ShellNotificationSummaryContract.test.ts,STANDARD,16,16,0,0,0,0,0,SURVIVING
apps/web/tests/unit/platformV7ShellNotificationSummaryExactCounts.test.ts,STANDARD,16,16,0,0,0,0,0,SURVIVING
apps/web/tests/unit/platformV7ShellNotificationSummarySystemCounts.test.ts,STANDARD,18,18,0,0,0,0,0,SURVIVING
apps/web/tests/unit/platformV7ShellNotifications.test.ts,STANDARD,176,176,0,0,0,0,0,SURVIVING
apps/web/tests/unit/platformV7ShellPrimaryNotification.test.ts,STANDARD,19,19,0,0,0,0,0,SURVIVING
apps/web/tests/unit/platformV7ShellPrimaryNotificationClaims.test.ts,STANDARD,25,25,0,0,0,0,0,SURVIVING
apps/web/tests/unit/platformV7ShellPrimaryNotificationContract.test.ts,STANDARD,17,17,0,0,0,0,0,SURVIVING
apps/web/tests/unit/platformV7ShellPrimaryNotificationCopy.test.ts,STANDARD,16,16,0,0,0,0,0,SURVIVING
apps/web/tests/unit/platformV7ShellPrimaryNotificationCriticalSet.test.ts,STANDARD,17,17,0,0,0,0,0,SURVIVING
apps/web/tests/unit/platformV7ShellPrimaryNotificationDeal.test.ts,STANDARD,13,13,0,0,0,0,0,SURVIVING
apps/web/tests/unit/platformV7ShellPrimaryNotificationFallback.test.ts,STANDARD,15,15,0,0,0,0,0,SURVIVING
apps/web/tests/unit/platformV7ShellPrimaryNotificationHref.test.ts,STANDARD,15,15,0,0,0,0,0,SURVIVING
apps/web/tests/unit/platformV7ShellPrimaryNotificationKind.test.ts,STANDARD,14,14,0,0,0,0,0,SURVIVING
apps/web/tests/unit/platformV7ShellPrimaryNotificationRecency.test.ts,STANDARD,18,18,0,0,0,0,0,SURVIVING
apps/web/tests/unit/platformV7ShellPrimaryNotificationSeverity.test.ts,STANDARD,16,16,0,0,0,0,0,SURVIVING
apps/web/tests/unit/platformV7ShellPrimaryNotificationSeverityScope.test.ts,STANDARD,14,14,0,0,0,0,0,SURVIVING
apps/web/tests/unit/platformV7ShellPrimaryNotificationTimestamp.test.ts,STANDARD,14,14,0,0,0,0,0,SURVIVING
apps/web/tests/unit/platformV7ShellPrimaryNotificationUnread.test.ts,STANDARD,13,13,0,0,0,0,0,SURVIVING
apps/web/tests/unit/platformV7ShellQuickJump.test.ts,STANDARD,36,36,0,0,0,0,0,SURVIVING
apps/web/tests/unit/platformV7ShellRouteForbiddenFamilies.test.ts,STANDARD,34,34,0,0,0,0,0,SURVIVING
apps/web/tests/unit/platformV7ShellRoutes.test.ts,STANDARD,64,64,0,0,0,0,0,SURVIVING
apps/web/tests/unit/platformV7ShellShortcuts.test.ts,STANDARD,52,52,0,0,0,0,0,SURVIVING
apps/web/tests/unit/platformV7ShellSimulationDeal360.test.ts,STANDARD,378,378,0,0,0,0,0,SURVIVING
apps/web/tests/unit/platformV7ShellTouchTargets.test.ts,STANDARD,13,13,0,0,0,0,0,SURVIVING
apps/web/tests/unit/platformV7ShellUxController.test.ts,STANDARD,74,74,0,0,0,0,0,SURVIVING
apps/web/tests/unit/platformV7ShellUxRegistry.test.ts,STANDARD,33,33,0,0,0,0,0,SURVIVING
apps/web/tests/unit/platformV7ShellVisualClutter.test.ts,STANDARD,13,13,0,0,0,0,0,SURVIVING
apps/web/tests/unit/platformV7ShowcaseHardeningCss.test.ts,STANDARD,47,47,0,0,0,0,0,SURVIVING
apps/web/tests/unit/platformV7SimulationContinuity.test.ts,STANDARD,19,19,0,0,0,0,0,SURVIVING
apps/web/tests/unit/platformV7SingleEntryLogin.test.ts,STANDARD,36,36,0,0,0,0,0,SURVIVING
apps/web/tests/unit/platformV7Smoke.test.ts,STANDARD,13,13,0,0,0,0,0,SURVIVING
apps/web/tests/unit/platformV7SpacingAndContactDock.regression.test.ts,STANDARD,23,23,0,0,0,0,0,SURVIVING
apps/web/tests/unit/platformV7SpineRoleNegativeMatrix.test.ts,STANDARD,198,198,0,0,0,0,0,SURVIVING
apps/web/tests/unit/platformV7StableShell.test.ts,STANDARD,31,31,0,0,0,0,0,SURVIVING
apps/web/tests/unit/platformV7StaffCapabilitiesContract.test.ts,STANDARD,153,153,0,0,0,0,0,SURVIVING
apps/web/tests/unit/platformV7StaffControlCenter.test.ts,STANDARD,190,190,0,0,0,0,0,SURVIVING
apps/web/tests/unit/platformV7StaffControlCenterControlledAccess.test.ts,STANDARD,18,18,0,0,0,0,0,SURVIVING
apps/web/tests/unit/platformV7StaffControlCenterInitialRender.test.ts,STANDARD,58,55,0,0,3,0,0,SURVIVING
apps/web/tests/unit/platformV7StaffOperationalWorkspaces.test.ts,STANDARD,188,171,0,0,17,0,0,SURVIVING
apps/web/tests/unit/platformV7StateTransitionContracts.test.ts,STANDARD,102,102,0,0,0,0,0,SURVIVING
apps/web/tests/unit/platformV7StaticShellPolicy.test.ts,STANDARD,72,72,0,0,0,0,0,SURVIVING
apps/web/tests/unit/platformV7StatusAuthority.test.ts,STANDARD,88,88,0,0,0,0,0,SURVIVING
apps/web/tests/unit/platformV7StrategicHomeSafety.test.ts,STANDARD,154,154,0,0,0,0,0,SURVIVING
apps/web/tests/unit/platformV7StrictRoleBoundary.test.ts,STANDARD,53,53,0,0,0,0,0,SURVIVING
apps/web/tests/unit/platformV7StrictSettlementGate.test.ts,STANDARD,33,33,0,0,0,0,0,SURVIVING
apps/web/tests/unit/platformV7StrictSettlementUiWiring.test.ts,STANDARD,32,32,0,0,0,0,0,SURVIVING
apps/web/tests/unit/platformV7SupportActionBoundary.test.ts,STANDARD,37,37,0,0,0,0,0,SURVIVING
apps/web/tests/unit/platformV7SupportAuditTrace.spec.ts,STANDARD,67,67,0,0,0,0,0,SURVIVING
apps/web/tests/unit/platformV7SupportChatMobileViewport.test.ts,STANDARD,26,26,0,0,0,0,0,SURVIVING
apps/web/tests/unit/platformV7SupportContour.test.ts,STANDARD,40,40,0,0,0,0,0,SURVIVING
apps/web/tests/unit/platformV7SupportDetailAuditJournal.spec.ts,STANDARD,32,32,0,0,0,0,0,SURVIVING
apps/web/tests/unit/platformV7SupportExecutionCenter.test.ts,STANDARD,150,150,0,0,0,0,0,SURVIVING
apps/web/tests/unit/platformV7SupportInvestorRoutePolicy.test.ts,STANDARD,133,133,0,0,0,0,0,SURVIVING
apps/web/tests/unit/platformV7SupportModel.test.ts,STANDARD,50,50,0,0,0,0,0,SURVIVING
apps/web/tests/unit/platformV7SupportOperatorQueue.spec.ts,STANDARD,58,58,0,0,0,0,0,SURVIVING
apps/web/tests/unit/platformV7SurfaceAccessBoundary.test.ts,STANDARD,46,46,0,0,0,0,0,SURVIVING
apps/web/tests/unit/platformV7SurfaceRules.test.ts,STANDARD,24,24,0,0,0,0,0,SURVIVING
apps/web/tests/unit/platformV7SurveyorActionBoundary.test.ts,STANDARD,26,26,0,0,0,0,0,SURVIVING
apps/web/tests/unit/platformV7SurveyorEmptyState.test.ts,STANDARD,39,39,0,0,0,0,0,SURVIVING
apps/web/tests/unit/platformV7SystemRouteSummary.test.tsx,STANDARD,61,61,0,0,0,0,0,SURVIVING
apps/web/tests/unit/platformV7TenantIsolation.test.ts,STANDARD,75,75,0,0,0,0,0,SURVIVING
apps/web/tests/unit/platformV7ThemeCss.test.ts,STANDARD,99,99,0,0,0,0,0,SURVIVING
apps/web/tests/unit/platformV7ThemeSync.test.ts,STANDARD,47,47,0,0,0,0,0,SURVIVING
apps/web/tests/unit/platformV7ThemeVisualRoleCockpit.test.ts,STANDARD,320,320,0,0,0,0,0,SURVIVING
apps/web/tests/unit/platformV7TodayWorkspace.test.ts,STANDARD,38,38,0,0,0,0,0,SURVIVING
apps/web/tests/unit/platformV7TradingRouteBoundaries.test.ts,STANDARD,19,19,0,0,0,0,0,SURVIVING
apps/web/tests/unit/platformV7TradingSourceOfTruth.test.ts,STANDARD,89,89,0,0,0,0,0,SURVIVING
apps/web/tests/unit/platformV7TranslationRuntime.test.ts,STANDARD,261,0,261,0,0,0,0,NONE_SURVIVING
apps/web/tests/unit/platformV7Translator.test.tsx,STANDARD,119,0,119,0,0,0,0,NONE_SURVIVING
apps/web/tests/unit/platformV7TransportDocumentsGate.test.ts,STANDARD,121,121,0,0,0,0,0,SURVIVING
apps/web/tests/unit/platformV7TripAcceptRuntime.test.ts,STANDARD,120,120,0,0,0,0,0,SURVIVING
apps/web/tests/unit/platformV7TripAcceptanceActionMapping.test.ts,STANDARD,20,20,0,0,0,0,0,SURVIVING
apps/web/tests/unit/platformV7TripIncidentActionMapping.test.ts,STANDARD,20,20,0,0,0,0,0,SURVIVING
apps/web/tests/unit/platformV7TripServiceContract.test.ts,STANDARD,23,23,0,0,0,0,0,SURVIVING
apps/web/tests/unit/platformV7TripServiceWriteSurface.test.ts,STANDARD,36,36,0,0,0,0,0,SURVIVING
apps/web/tests/unit/platformV7TripStateModel.test.ts,STANDARD,41,41,0,0,0,0,0,SURVIVING
apps/web/tests/unit/platformV7TrustIntelligenceLayer.test.ts,STANDARD,577,577,0,0,0,0,0,SURVIVING
apps/web/tests/unit/platformV7UnifiedCommandPalette.test.ts,STANDARD,28,28,0,0,0,0,0,SURVIVING
apps/web/tests/unit/platformV7UnifiedDealLifecycle.test.ts,STANDARD,98,98,0,0,0,0,0,SURVIVING
apps/web/tests/unit/platformV7UnifiedPublicContactDock.test.ts,STANDARD,142,142,0,0,0,0,0,SURVIVING
apps/web/tests/unit/platformV7UsecaseService.test.ts,STANDARD,62,62,0,0,0,0,0,SURVIVING
apps/web/tests/unit/platformV7UxGate.test.ts,STANDARD,47,47,0,0,0,0,0,SURVIVING
apps/web/tests/unit/platformV7VerifiedSession.test.ts,STANDARD,137,137,0,0,0,0,0,SURVIVING
apps/web/tests/unit/platformV7VisibleEntry.test.ts,STANDARD,176,158,18,0,0,0,0,SURVIVING
apps/web/tests/unit/platformV7VisibleExecutionCopy.test.ts,STANDARD,86,86,0,0,0,0,0,SURVIVING
apps/web/tests/unit/platformV7VisibleFieldFilter.test.ts,STANDARD,18,18,0,0,0,0,0,SURVIVING
apps/web/tests/unit/platformV7VisibleFieldRules.test.ts,STANDARD,20,20,0,0,0,0,0,SURVIVING
apps/web/tests/unit/platformV7VisibleRuntimeMoneyCopyGuard.test.ts,STANDARD,35,35,0,0,0,0,0,SURVIVING
apps/web/tests/unit/platformV7VisualQaGuardrails.test.ts,STANDARD,79,79,0,0,0,0,0,SURVIVING
apps/web/tests/unit/platformV7WeighingModel.test.ts,STANDARD,48,48,0,0,0,0,0,SURVIVING
apps/web/tests/unit/platformV7WorkCopyGuard.test.ts,STANDARD,37,37,0,0,0,0,0,SURVIVING
apps/web/tests/unit/platformV7WorkSurfacesCss.test.ts,STANDARD,29,29,0,0,0,0,0,SURVIVING
apps/web/tests/unit/platformV7WorkspaceModeCss.test.ts,STANDARD,43,43,0,0,0,0,0,SURVIVING
apps/web/tests/unit/platformV7WorkspacePermissionInvariant.test.ts,STANDARD,77,77,0,0,0,0,0,SURVIVING
apps/web/tests/unit/platformV7WriteAuditTraceValidation.test.ts,STANDARD,31,31,0,0,0,0,0,SURVIVING
apps/web/tests/unit/premiumCockpitPrimitives.test.tsx,STANDARD,77,77,0,0,0,0,0,SURVIVING
apps/web/tests/unit/productEntryM31.test.tsx,STANDARD,44,44,0,0,0,0,0,SURVIVING
apps/web/tests/unit/productionWebHardeningContract.test.ts,STANDARD,48,0,48,0,0,0,0,NONE_SURVIVING
apps/web/tests/unit/proofUiLabelsRussian.test.ts,STANDARD,12,12,0,0,0,0,0,SURVIVING
apps/web/tests/unit/publicAnalyticsBoundary.test.ts,STANDARD,350,350,0,0,0,0,0,SURVIVING
apps/web/tests/unit/publicContactDockRuntime.test.tsx,STANDARD,194,194,0,0,0,0,0,SURVIVING
apps/web/tests/unit/publicPlatformAssistantDomainCopy.test.ts,STANDARD,37,30,3,0,4,0,0,SURVIVING
apps/web/tests/unit/qualityDeltaBarsWeighStation.test.tsx,STANDARD,50,50,0,0,0,0,0,SURVIVING
apps/web/tests/unit/readinessRoute.test.tsx,STANDARD,44,44,0,0,0,0,0,SURVIVING
apps/web/tests/unit/riskKpiMigrationSafety.test.ts,STANDARD,57,57,0,0,0,0,0,SURVIVING
apps/web/tests/unit/role-header.test.ts,STANDARD,33,33,0,0,0,0,0,SURVIVING
apps/web/tests/unit/role-notifications.test.ts,STANDARD,113,113,0,0,0,0,0,SURVIVING
apps/web/tests/unit/roleActionDispatchBridge.test.tsx,STANDARD,65,65,0,0,0,0,0,SURVIVING
apps/web/tests/unit/roleContinuityLayouts.test.tsx,STANDARD,49,49,0,0,0,0,0,SURVIVING
apps/web/tests/unit/roleContinuityPanel.test.tsx,STANDARD,32,32,0,0,0,0,0,SURVIVING
apps/web/tests/unit/roleExecutionHandoff.test.tsx,STANDARD,289,289,0,0,0,0,0,SURVIVING
apps/web/tests/unit/routeAliasRoleInference.test.ts,STANDARD,22,22,0,0,0,0,0,SURVIVING
apps/web/tests/unit/routeBodyBounds.spec.ts,STANDARD,169,169,0,0,0,0,0,SURVIVING
apps/web/tests/unit/runtimeDealCompleteness.test.ts,STANDARD,22,22,0,0,0,0,0,SURVIVING
apps/web/tests/unit/runtimeFixtureBridge.test.ts,STANDARD,17,17,0,0,0,0,0,SURVIVING
apps/web/tests/unit/runtimeSelectorHelpers.test.ts,STANDARD,32,32,0,0,0,0,0,SURVIVING
apps/web/tests/unit/scopedShellGuard.test.tsx,STANDARD,88,88,0,0,0,0,0,SURVIVING
apps/web/tests/unit/scopedShellGuardMobileHeader.test.ts,STANDARD,14,14,0,0,0,0,0,SURVIVING
apps/web/tests/unit/sdiz-lifecycle.test.ts,STANDARD,42,42,0,0,0,0,0,SURVIVING
apps/web/tests/unit/sellerExecutionPolish.test.tsx,STANDARD,33,33,0,0,0,0,0,SURVIVING
apps/web/tests/unit/sellerFgisPartiesRoute.test.tsx,STANDARD,41,41,0,0,0,0,0,SURVIVING
apps/web/tests/unit/sellerMobileClarity.test.tsx,STANDARD,23,23,0,0,0,0,0,SURVIVING
apps/web/tests/unit/sellerOffersRoute.test.tsx,STANDARD,47,47,0,0,0,0,0,SURVIVING
apps/web/tests/unit/serverApiOrigin.test.ts,STANDARD,89,89,0,0,0,0,0,SURVIVING
apps/web/tests/unit/serverComponentClientImportBoundary.test.ts,STANDARD,113,113,0,0,0,0,0,SURVIVING
apps/web/tests/unit/serverRequestSecurity.test.ts,STANDARD,233,233,0,0,0,0,0,SURVIVING
apps/web/tests/unit/sessionMintingSurface.spec.ts,STANDARD,79,79,0,0,0,0,0,SURVIVING
apps/web/tests/unit/settlementMoneyCsrf.spec.ts,STANDARD,105,105,0,0,0,0,0,SURVIVING
apps/web/tests/unit/shellRolePolicy.test.ts,STANDARD,156,156,0,0,0,0,0,SURVIVING
apps/web/tests/unit/support-sla.test.ts,STANDARD,60,60,0,0,0,0,0,SURVIVING
apps/web/tests/unit/supportDetailNewRoleScope.test.tsx,STANDARD,97,97,0,0,0,0,0,SURVIVING
apps/web/tests/unit/supportIndexRoleScope.test.tsx,STANDARD,77,77,0,0,0,0,0,SURVIVING
apps/web/tests/unit/surfaceRoleMappingParity.test.ts,STANDARD,54,0,54,0,0,0,0,NONE_SURVIVING
apps/web/tests/unit/surveyorEvidencePolish.test.tsx,STANDARD,44,44,0,0,0,0,0,SURVIVING
apps/web/tests/unit/taiConversationState.test.ts,STANDARD,297,0,297,0,0,0,0,NONE_SURVIVING
apps/web/tests/unit/taiConversationSubjectContract.test.ts,STANDARD,115,0,115,0,0,0,0,NONE_SURVIVING
apps/web/tests/unit/taiInformationalOnlyUi.test.ts,STANDARD,89,89,0,0,0,0,0,SURVIVING
apps/web/tests/unit/taiInternalStreamEndpoint.test.ts,STANDARD,115,0,115,0,0,0,0,NONE_SURVIVING
apps/web/tests/unit/taiInternalStreamRelay.test.ts,STANDARD,252,55,197,0,0,0,0,SURVIVING
apps/web/tests/unit/taiLiveBrowserMatrixContract.test.ts,STANDARD,241,5,236,0,0,0,0,SURVIVING
apps/web/tests/unit/taiLivePublicAiAcceptanceContract.test.ts,STANDARD,34,34,0,0,0,0,0,SURVIVING
apps/web/tests/unit/taiLivePublicQwenInferenceAcceptance.test.ts,STANDARD,99,0,47,0,52,0,0,NONE_SURVIVING
apps/web/tests/unit/taiNoFakeStreamingAudit.test.ts,STANDARD,102,0,102,0,0,0,0,NONE_SURVIVING
apps/web/tests/unit/taiPotatoRoutingRegression.test.ts,STANDARD,142,64,78,0,0,0,0,SURVIVING
apps/web/tests/unit/taiPublicAssessmentContract.test.ts,STANDARD,248,0,248,0,0,0,0,NONE_SURVIVING
apps/web/tests/unit/taiPublicAssistantRetryRegenerate.test.tsx,STANDARD,345,1,344,0,0,0,0,SURVIVING
apps/web/tests/unit/taiRollbackVerificationContract.test.ts,STANDARD,163,0,163,0,0,0,0,NONE_SURVIVING
apps/web/tests/unit/taiSemanticAcceptanceCorpus.test.ts,STANDARD,208,208,0,0,0,0,0,SURVIVING
apps/web/tests/unit/taiSemanticRelevanceRouter.test.ts,STANDARD,386,386,0,0,0,0,0,SURVIVING
apps/web/tests/unit/taiSpeedBaseline.test.ts,STANDARD,480,480,0,0,0,0,0,SURVIVING
apps/web/tests/unit/tokenPurposeBinding.spec.ts,STANDARD,250,250,0,0,0,0,0,SURVIVING
apps/web/tests/unit/tradingRoute.test.tsx,STANDARD,44,44,0,0,0,0,0,SURVIVING
apps/web/tests/unit/transactionRoleCockpitsV8.test.ts,STANDARD,78,78,0,0,0,0,0,SURVIVING
apps/web/tests/unit/transactionUxV8Migration.test.ts,STANDARD,64,64,0,0,0,0,0,SURVIVING
apps/web/tests/unit/unknownRouteRoleFallback.test.ts,STANDARD,20,20,0,0,0,0,0,SURVIVING
apps/web/tests/unit/uploadBodyBound.spec.ts,STANDARD,167,167,0,0,0,0,0,SURVIVING
apps/web/tests/unit/uploadContentSignature.spec.ts,STANDARD,197,197,0,0,0,0,0,SURVIVING
apps/web/tests/unit/uploadDecompressionBudget.spec.ts,STANDARD,357,357,0,0,0,0,0,SURVIVING
apps/web/tests/unit/uploadImagePixelBudget.spec.ts,STANDARD,216,216,0,0,0,0,0,SURVIVING
apps/web/tests/unit/workRouteNavCopyGuard.test.ts,STANDARD,24,24,0,0,0,0,0,SURVIVING
apps/web/tests/unit/workRouteNavDriverRole.test.tsx,STANDARD,60,60,0,0,0,0,0,SURVIVING
apps/web/tests/unit/workRouteNavPolicy.test.ts,STANDARD,25,25,0,0,0,0,0,SURVIVING
apps/web/tests/vitest-globals.d.ts,STANDARD,1,1,0,0,0,0,0,SURVIVING
apps/web/tsconfig.json,STANDARD,83,48,35,0,0,0,0,SURVIVING
apps/web/tsconfig.pc-crop.json,STANDARD,53,53,0,0,0,0,0,SURVIVING
apps/web/vitest.config.ts,STANDARD,33,6,27,0,0,0,0,SURVIVING
automation/n8n/README.md,STANDARD,23,23,0,0,0,0,0,SURVIVING
codeql/insufficient-password-hash-corrected/InsufficientPasswordHashCorrected.ql,STANDARD,63,1,62,0,0,0,0,SURVIVING
codeql/insufficient-password-hash-corrected/OpaqueCredentialBarrier.qll,STANDARD,202,0,202,0,0,0,0,NONE_SURVIVING
codeql/insufficient-password-hash-corrected/expectations.json,STANDARD,290,0,290,0,0,0,0,NONE_SURVIVING
codeql/insufficient-password-hash-corrected/qlpack.yml,STANDARD,8,0,8,0,0,0,0,NONE_SURVIVING
codeql/insufficient-password-hash-corrected/tests/negative/NegativeOpaqueCredentials.expected,STANDARD,4,0,4,0,0,0,0,NONE_SURVIVING
codeql/insufficient-password-hash-corrected/tests/negative/NegativeOpaqueCredentials.qlref,STANDARD,1,0,1,0,0,0,0,NONE_SURVIVING
codeql/insufficient-password-hash-corrected/tests/negative/opaqueCredentials.js,STANDARD,125,0,125,0,0,0,0,NONE_SURVIVING
codeql/insufficient-password-hash-corrected/tests/positive/PositivePasswordFlows.expected,STANDARD,199,0,199,0,0,0,0,NONE_SURVIVING
codeql/insufficient-password-hash-corrected/tests/positive/PositivePasswordFlows.qlref,STANDARD,1,0,1,0,0,0,0,NONE_SURVIVING
codeql/insufficient-password-hash-corrected/tests/positive/passwordFlows.js,STANDARD,152,0,152,0,0,0,0,NONE_SURVIVING
codeql/insufficient-password-hash-corrected/tests/qlpack.yml,STANDARD,8,0,8,0,0,0,0,NONE_SURVIVING
codeql/insufficient-password-hash-corrected/upstream.lock.json,STANDARD,30,12,18,0,0,0,0,SURVIVING
components,STANDARD,1,1,0,0,0,0,0,SURVIVING
config/catalog/federal-counterparties.catalog.json,STANDARD,42,0,42,0,0,0,0,NONE_SURVIVING
config/catalog/service-providers.catalog.json,STANDARD,336,0,336,0,0,0,0,NONE_SURVIVING
config/eligibility/farmer-okved-v1.json,STANDARD,16,16,0,0,0,0,0,SURVIVING
config/eligibility/registration-protected-manifest.json,STANDARD,22,22,0,0,0,0,0,SURVIVING
config/fixtures/tambov-pilot-fixtures.json,STANDARD,18,0,18,0,0,0,0,NONE_SURVIVING
config/integration/integration.env.example,STANDARD,11,0,11,0,0,0,0,NONE_SURVIVING
config/integration/sber-business-and-bank.env.example,STANDARD,22,0,22,0,0,0,0,NONE_SURVIVING
config/modes/demo.env.example,STANDARD,9,0,9,0,0,0,0,NONE_SURVIVING
config/modes/pilot-controlled.env.example,STANDARD,11,0,11,0,0,0,0,NONE_SURVIVING
config/modes/pilot.env.example,STANDARD,28,0,28,0,0,0,0,NONE_SURVIVING
config/modes/runtime.full.env.example,STANDARD,39,0,39,0,0,0,0,NONE_SURVIVING
config/pilot/tambov.pilot.json,STANDARD,36,0,36,0,0,0,0,NONE_SURVIVING
config/release/release-package.manifest.json,STANDARD,20,0,20,0,0,0,0,NONE_SURVIVING
design-governance-v8.json,STANDARD,97,97,0,0,0,0,0,SURVIVING
docker-compose.yml,STANDARD,368,120,248,0,0,0,0,SURVIVING
docs/COMMERCIAL_EXPANSION_GAP_ANALYSIS.md,STANDARD,117,0,117,0,0,0,0,NONE_SURVIVING
docs/CONTROLLED_PILOT_EXECUTION_PLAN_2026_04_04.md,STANDARD,73,0,73,0,0,0,0,NONE_SURVIVING
docs/INTEGRATION_BACKLOG.md,STANDARD,19,0,19,0,0,0,0,NONE_SURVIVING
docs/INTEGRATION_CAPABILITY_MATRIX.md,STANDARD,11,0,11,0,0,0,0,NONE_SURVIVING
docs/KNOWN_LIMITATIONS.md,STANDARD,16,0,16,0,0,0,0,NONE_SURVIVING
docs/MONEY_RAIL_HARDENING_PLAN_2026_04_04.md,STANDARD,68,0,68,0,0,0,0,NONE_SURVIVING
docs/PROJECT_REPO_BASELINE.md,STANDARD,39,0,39,0,0,0,0,NONE_SURVIVING
docs/ROLE_UAT_MATRIX_2026_04_04.md,STANDARD,91,0,91,0,0,0,0,NONE_SURVIVING
docs/RUNTIME_EXECUTION_STATUS_2026_04_04.md,STANDARD,43,0,43,0,0,0,0,NONE_SURVIVING
docs/SOURCE_TRANSFER_STATUS.md,STANDARD,37,0,37,0,0,0,0,NONE_SURVIVING
docs/TASK_14_PROBLEM_HARDENING.md,STANDARD,23,0,23,0,0,0,0,NONE_SURVIVING
docs/TZ-GRAINFLOW-V3-FINAL.md,STANDARD,1673,0,1673,0,0,0,0,NONE_SURVIVING
docs/adr/ADR-001-money-integer-kopecks.md,STANDARD,37,0,37,0,0,0,0,NONE_SURVIVING
docs/adr/ADR-002-adapter-pattern-integrations.md,STANDARD,43,0,43,0,0,0,0,NONE_SURVIVING
docs/adr/ADR-003-outbox-pattern.md,STANDARD,43,0,43,0,0,0,0,NONE_SURVIVING
docs/adr/ADR-004-hash-chain-audit.md,STANDARD,39,0,39,0,0,0,0,NONE_SURVIVING
docs/adr/ADR-005-native-timers-no-schedule.md,STANDARD,50,0,50,0,0,0,0,NONE_SURVIVING
docs/adr/ADR-006-rbac-13-roles.md,STANDARD,65,0,65,0,0,0,0,NONE_SURVIVING
docs/adr/ADR-007-s3-presigned-url-storage.md,STANDARD,48,0,48,0,0,0,0,NONE_SURVIVING
docs/adr/ADR-008-waf-coraza-nginx.md,STANDARD,49,0,49,0,0,0,0,NONE_SURVIVING
docs/adr/ADR-009-ml-service-fastapi.md,STANDARD,42,42,0,0,0,0,0,SURVIVING
docs/adr/ADR-010-postgresql-rls-tenant-isolation.md,STANDARD,44,44,0,0,0,0,0,SURVIVING
docs/adr/ADR-011-gitops-argocd.md,STANDARD,50,50,0,0,0,0,0,SURVIVING
docs/agent-workpacks/p0-04-role-continuity-agents.md,STANDARD,98,98,0,0,0,0,0,SURVIVING
docs/api/openapi.yaml,STANDARD,198,188,10,0,0,0,0,SURVIVING
docs/audit/P0-identity-rls-authority-boundary.md,STANDARD,23,23,0,0,0,0,0,SURVIVING
docs/baseline/README.md,STANDARD,41,41,0,0,0,0,0,SURVIVING
docs/codebase-map.md,STANDARD,119,119,0,0,0,0,0,SURVIVING
docs/company-os/f2b-readiness.md,STANDARD,104,104,0,0,0,0,0,SURVIVING
docs/company-os/truth-audit-f1-1.md,STANDARD,128,128,0,0,0,0,0,SURVIVING
docs/company-os/truth-audit-f2a.md,STANDARD,143,143,0,0,0,0,0,SURVIVING
docs/company-os/truth-audit-v1.md,STANDARD,222,222,0,0,0,0,0,SURVIVING
docs/crop-platform/PC-CROP-01A-DOMAIN-AND-UX.md,STANDARD,181,181,0,0,0,0,0,SURVIVING
docs/crop-platform/PC-CROP-01B1-POSTGRESQL-AUTHORITY.md,STANDARD,177,177,0,0,0,0,0,SURVIVING
docs/crop-platform/scopes/pc-crop-01a-commodity-registry-foundation-2875.json,STANDARD,52,52,0,0,0,0,0,SURVIVING
docs/crop-platform/scopes/pc-crop-01b1-postgresql-authority-2883.json,STANDARD,50,50,0,0,0,0,0,SURVIVING
docs/data-sources.md,STANDARD,109,109,0,0,0,0,0,SURVIVING
docs/epics/E00-report.md,STANDARD,54,54,0,0,0,0,0,SURVIVING
docs/epics/E01-report.md,STANDARD,35,35,0,0,0,0,0,SURVIVING
docs/epics/E02-report.md,STANDARD,81,81,0,0,0,0,0,SURVIVING
docs/epics/E03-report.md,STANDARD,77,77,0,0,0,0,0,SURVIVING
docs/epics/E04-report.md,STANDARD,83,83,0,0,0,0,0,SURVIVING
docs/epics/E05-report.md,STANDARD,83,83,0,0,0,0,0,SURVIVING
docs/epics/E06-report.md,STANDARD,85,85,0,0,0,0,0,SURVIVING
docs/epics/E07-report.md,STANDARD,87,87,0,0,0,0,0,SURVIVING
docs/epics/E08-report.md,STANDARD,86,86,0,0,0,0,0,SURVIVING
docs/epics/E09-report.md,STANDARD,88,88,0,0,0,0,0,SURVIVING
docs/epics/E10-report.md,STANDARD,82,82,0,0,0,0,0,SURVIVING
docs/gekta/configuration.md,STANDARD,137,62,75,0,0,0,0,SURVIVING
docs/gekta/legal-source-audit-20260812.md,STANDARD,186,0,186,0,0,0,0,NONE_SURVIVING
docs/investor-demo-internal-prompt.md,STANDARD,124,124,0,0,0,0,0,SURVIVING
docs/ip/AI_ASSISTED_PROVENANCE.md,STANDARD,86,0,86,0,0,0,0,NONE_SURVIVING
docs/ip/CHAIN_OF_TITLE_REGISTER.md,STANDARD,168,0,168,0,0,0,0,NONE_SURVIVING
docs/ip/CONTRIBUTION_IP_POLICY.md,STANDARD,31,31,0,0,0,0,0,SURVIVING
docs/ip/CONTRIBUTORS.csv,STANDARD,22,0,22,0,0,0,0,NONE_SURVIVING
docs/ip/DATA_AND_MODEL_PROVENANCE.csv,STANDARD,9,0,9,0,0,0,0,NONE_SURVIVING
docs/ip/FILE_PROVENANCE.csv,STANDARD,6176,0,6176,0,0,0,0,NONE_SURVIVING
docs/ip/FILE_PROVENANCE.json,STANDARD,111158,0,111158,0,0,0,0,NONE_SURVIVING
docs/ip/IP_CLEAN_ROOM_REPORT.md,STANDARD,92,92,0,0,0,0,0,SURVIVING
docs/ip/PROPRIETARY_CORE_BOUNDARY.md,STANDARD,42,42,0,0,0,0,0,SURVIVING
docs/ip/PROPRIETARY_SOFTWARE_POLICY.md,STANDARD,94,94,0,0,0,0,0,SURVIVING
docs/ip/internal-package-metadata-exceptions.json,STANDARD,16,16,0,0,0,0,0,SURVIVING
docs/ip/proprietary-core-boundary.json,STANDARD,58,58,0,0,0,0,0,SURVIVING
docs/ip/publishable-packages.json,STANDARD,1,1,0,0,0,0,0,SURVIVING
docs/ip/sbom-coverage-scope.json,STANDARD,35,9,26,0,0,0,0,SURVIVING
docs/ip/third-party-license-overrides.json,STANDARD,35,35,0,0,0,0,0,SURVIVING
docs/landing-lead-delivery.md,STANDARD,65,65,0,0,0,0,0,SURVIVING
docs/ops/active-hosting-contour.md,STANDARD,63,63,0,0,0,0,0,SURVIVING
docs/ops/ci-container-supply-chain.md,STANDARD,231,0,231,0,0,0,0,NONE_SURVIVING
docs/ops/deploy-trigger-2026-04-18.txt,STANDARD,1,1,0,0,0,0,0,SURVIVING
docs/ops/ir20-api-database-binding.md,STANDARD,106,106,0,0,0,0,0,SURVIVING
docs/ops/ir20-isolated-restore.md,STANDARD,188,188,0,0,0,0,0,SURVIVING
docs/ops/netlify-retirement.md,STANDARD,32,32,0,0,0,0,0,SURVIVING
docs/ops/pc-crop-federal-accounting/continuation-handoff.md,STANDARD,192,0,192,0,0,0,0,NONE_SURVIVING
docs/ops/pc-crop-federal-accounting/evidence-index.md,STANDARD,284,0,284,0,0,0,0,NONE_SURVIVING
docs/ops/pc-crop-federal-accounting/execution-state.json,STANDARD,745,0,745,0,0,0,0,NONE_SURVIVING
docs/ops/pc-crop-federal-accounting/gap-matrix.md,STANDARD,220,0,220,0,0,0,0,NONE_SURVIVING
docs/ops/pc-crop-federal-accounting/governance-blocker.md,STANDARD,161,0,161,0,0,0,0,NONE_SURVIVING
docs/ops/pc-crop-federal-accounting/integration-compatibility.md,STANDARD,86,0,86,0,0,0,0,NONE_SURVIVING
docs/ops/pc-crop-federal-accounting/next-scope-wave-2.md,STANDARD,89,0,89,0,0,0,0,NONE_SURVIVING
docs/ops/pc-crop-federal-accounting/production-acceptance.md,STANDARD,73,0,73,0,0,0,0,NONE_SURVIVING
docs/ops/pc-crop-federal-accounting/risk-register.md,STANDARD,156,0,156,0,0,0,0,NONE_SURVIVING
docs/ops/pc-crop-federal-accounting/security-acceptance.md,STANDARD,109,0,109,0,0,0,0,NONE_SURVIVING
docs/ops/production-full-stack-release.md,STANDARD,88,88,0,0,0,0,0,SURVIVING
docs/ops/production-gekta-first-user-acceptance.md,STANDARD,55,55,0,0,0,0,0,SURVIVING
docs/ops/production-p0-all-role-registration.md,STANDARD,84,84,0,0,0,0,0,SURVIVING
docs/ops/production-p0-first-customer-acceptance.md,STANDARD,62,62,0,0,0,0,0,SURVIVING
docs/ops/production-web-hardening.md,STANDARD,132,132,0,0,0,0,0,SURVIVING
docs/ops/production-web-owner-exact-command.md,STANDARD,44,44,0,0,0,0,0,SURVIVING
docs/ops/virtual-server-production-runbook.md,STANDARD,255,255,0,0,0,0,0,SURVIVING
docs/ops/vps-post-deploy-checklist.md,STANDARD,156,156,0,0,0,0,0,SURVIVING
docs/platform-v7-controlled-pilot-finish-report.md,STANDARD,94,94,0,0,0,0,0,SURVIVING
docs/platform-v7-e0-state-of-platform.md,STANDARD,63,63,0,0,0,0,0,SURVIVING
docs/platform-v7-e1-domain-layer-report.md,STANDARD,96,96,0,0,0,0,0,SURVIVING
docs/platform-v7-e14-e2-handoff.md,STANDARD,139,139,0,0,0,0,0,SURVIVING
docs/platform-v7-e15-fixture-source-handoff.md,STANDARD,105,105,0,0,0,0,0,SURVIVING
docs/platform-v7-e16-design-foundation-handoff.md,STANDARD,153,153,0,0,0,0,0,SURVIVING
docs/platform-v7-fast-pass-baseline.md,STANDARD,65,65,0,0,0,0,0,SURVIVING
docs/platform-v7-fast-pass-final-qa.md,STANDARD,61,61,0,0,0,0,0,SURVIVING
docs/platform-v7-final-qa-report.md,STANDARD,134,134,0,0,0,0,0,SURVIVING
docs/platform-v7-finish-roadmap.md,STANDARD,484,484,0,0,0,0,0,SURVIVING
docs/platform-v7-grain-execution-foundation.md,STANDARD,87,87,0,0,0,0,0,SURVIVING
docs/platform-v7-hardening-final-status.md,STANDARD,64,64,0,0,0,0,0,SURVIVING
docs/platform-v7-hardening-quality-gates.md,STANDARD,113,113,0,0,0,0,0,SURVIVING
docs/platform-v7-lighthouse-baseline.md,STANDARD,49,49,0,0,0,0,0,SURVIVING
docs/platform-v7-live-smoke-qa-plan.md,STANDARD,103,103,0,0,0,0,0,SURVIVING
docs/platform-v7-operational-status.md,STANDARD,95,95,0,0,0,0,0,SURVIVING
docs/platform-v7-pr-review-gate.md,STANDARD,181,181,0,0,0,0,0,SURVIVING
docs/platform-v7-pr-stack-2026-05-16.md,STANDARD,293,293,0,0,0,0,0,SURVIVING
docs/platform-v7-state-of-product.md,STANDARD,137,137,0,0,0,0,0,SURVIVING
docs/platform-v7-v9-hardening-apply.md,STANDARD,202,202,0,0,0,0,0,SURVIVING
docs/platform-v7-world-class-benchmark.md,STANDARD,60,60,0,0,0,0,0,SURVIVING
docs/platform-v7/DD_INDEX.md,STANDARD,50,50,0,0,0,0,0,SURVIVING
docs/platform-v7/DEAL_JOURNEY_10OF10_ACCEPTANCE_20260808.md,STANDARD,48,48,0,0,0,0,0,SURVIVING
docs/platform-v7/PRODUCTION_POSITIONING.md,STANDARD,33,33,0,0,0,0,0,SURVIVING
docs/platform-v7/TAI_P0_LATENCY_CONTEXT_20260808.md,STANDARD,25,25,0,0,0,0,0,SURVIVING
docs/platform-v7/TAI_P0_LATENCY_CONTEXT_ACCEPTANCE_20260808.md,STANDARD,31,31,0,0,0,0,0,SURVIVING
docs/platform-v7/TAI_P0_LATENCY_CONTEXT_STATUS_20260808.md,STANDARD,5,5,0,0,0,0,0,SURVIVING
docs/platform-v7/ai/agro-first-fail-open-routing-policy.md,STANDARD,83,83,0,0,0,0,0,SURVIVING
docs/platform-v7/ai/expert-review-owner-package.md,STANDARD,379,379,0,0,0,0,0,SURVIVING
docs/platform-v7/ai/gateway-ui-readonly-runtime-binding.md,STANDARD,105,105,0,0,0,0,0,SURVIVING
docs/platform-v7/ai/gpu-model-host-requirements.md,STANDARD,151,151,0,0,0,0,0,SURVIVING
docs/platform-v7/ai/immutable-bundle-storage-requirements.md,STANDARD,223,223,0,0,0,0,0,SURVIVING
docs/platform-v7/ai/restricted-live-qwen-runtime.md,STANDARD,110,110,0,0,0,0,0,SURVIVING
docs/platform-v7/ai/role-scoped-assistant.md,STANDARD,312,312,0,0,0,0,0,SURVIVING
docs/platform-v7/audit/2026-06-24-seller-route-continuity.md,STANDARD,45,45,0,0,0,0,0,SURVIVING
docs/platform-v7/audit/2026-06-25-shell-persistence-root-cause.md,STANDARD,20,20,0,0,0,0,0,SURVIVING
docs/platform-v7/audit/API_RUNTIME_SOT_AUDIT.md,STANDARD,211,211,0,0,0,0,0,SURVIVING
docs/platform-v7/audit/AUDIT_REPORT.md,STANDARD,84,84,0,0,0,0,0,SURVIVING
docs/platform-v7/audit/BANK_BUYER_DD_CHECKLIST.md,STANDARD,74,74,0,0,0,0,0,SURVIVING
docs/platform-v7/audit/COMPREHENSIVE_AUDIT.md,STANDARD,120,120,0,0,0,0,0,SURVIVING
docs/platform-v7/audit/END_TO_END_DEAL_FLOW_AUDIT.md,STANDARD,217,217,0,0,0,0,0,SURVIVING
docs/platform-v7/audit/ENTRY_SURFACE_MOBILE_GAP_AUDIT.md,STANDARD,186,186,0,0,0,0,0,SURVIVING
docs/platform-v7/audit/MOBILE_QA_REPORT.md,STANDARD,52,52,0,0,0,0,0,SURVIVING
docs/platform-v7/audit/MONEY_MINOR_UNITS_AUDIT.md,STANDARD,240,240,0,0,0,0,0,SURVIVING
docs/platform-v7/audit/PHASE_2_CLOSEOUT_AND_ROADMAP.md,STANDARD,143,143,0,0,0,0,0,SURVIVING
docs/platform-v7/audit/PHASE_3_ROUTE_INVENTORY.md,STANDARD,161,161,0,0,0,0,0,SURVIVING
docs/platform-v7/audit/PHASE_4_SERVER_SIDE_ROLE_ENFORCEMENT_DESIGN.md,STANDARD,202,202,0,0,0,0,0,SURVIVING
docs/platform-v7/audit/PROFESSIONAL_CODEBASE_AUDIT.md,STANDARD,168,168,0,0,0,0,0,SURVIVING
docs/platform-v7/audit/README.md,STANDARD,14,14,0,0,0,0,0,SURVIVING
docs/platform-v7/audit/REALITY_AUDIT_2026-06-23.md,STANDARD,67,67,0,0,0,0,0,SURVIVING
docs/platform-v7/audit/REALITY_AUDIT_2026-06-23_ACCEPT.md,STANDARD,15,15,0,0,0,0,0,SURVIVING
docs/platform-v7/audit/REALITY_AUDIT_2026-06-23_ACTION_MATRIX.md,STANDARD,24,24,0,0,0,0,0,SURVIVING
docs/platform-v7/audit/REALITY_AUDIT_2026-06-23_AUTOMATION.md,STANDARD,16,16,0,0,0,0,0,SURVIVING
docs/platform-v7/audit/REALITY_AUDIT_2026-06-23_BLOCKERS.md,STANDARD,25,25,0,0,0,0,0,SURVIVING
docs/platform-v7/audit/REALITY_AUDIT_2026-06-23_DIFF_GUARD.md,STANDARD,27,27,0,0,0,0,0,SURVIVING
docs/platform-v7/audit/REALITY_AUDIT_2026-06-23_DONE.md,STANDARD,18,18,0,0,0,0,0,SURVIVING
docs/platform-v7/audit/REALITY_AUDIT_2026-06-23_END.md,STANDARD,5,5,0,0,0,0,0,SURVIVING
docs/platform-v7/audit/REALITY_AUDIT_2026-06-23_EVIDENCE_GATE.md,STANDARD,35,35,0,0,0,0,0,SURVIVING
docs/platform-v7/audit/REALITY_AUDIT_2026-06-23_EXECUTOR_NOTE.md,STANDARD,19,19,0,0,0,0,0,SURVIVING
docs/platform-v7/audit/REALITY_AUDIT_2026-06-23_FINAL_GATE.md,STANDARD,27,27,0,0,0,0,0,SURVIVING
docs/platform-v7/audit/REALITY_AUDIT_2026-06-23_INDEX.md,STANDARD,24,24,0,0,0,0,0,SURVIVING
docs/platform-v7/audit/REALITY_AUDIT_2026-06-23_LAST.md,STANDARD,3,3,0,0,0,0,0,SURVIVING
docs/platform-v7/audit/REALITY_AUDIT_2026-06-23_LAYERS.md,STANDARD,20,20,0,0,0,0,0,SURVIVING
docs/platform-v7/audit/REALITY_AUDIT_2026-06-23_LOAD_OPS_GATE.md,STANDARD,29,29,0,0,0,0,0,SURVIVING
docs/platform-v7/audit/REALITY_AUDIT_2026-06-23_MERGE_NOTE.md,STANDARD,18,18,0,0,0,0,0,SURVIVING
docs/platform-v7/audit/REALITY_AUDIT_2026-06-23_META.md,STANDARD,17,17,0,0,0,0,0,SURVIVING
docs/platform-v7/audit/REALITY_AUDIT_2026-06-23_MOBILE_SHELL_GATE.md,STANDARD,29,29,0,0,0,0,0,SURVIVING
docs/platform-v7/audit/REALITY_AUDIT_2026-06-23_MONEY_RISK_GATE.md,STANDARD,29,29,0,0,0,0,0,SURVIVING
docs/platform-v7/audit/REALITY_AUDIT_2026-06-23_NEXT.md,STANDARD,10,10,0,0,0,0,0,SURVIVING
docs/platform-v7/audit/REALITY_AUDIT_2026-06-23_NEXT_PR_QUEUE.md,STANDARD,27,27,0,0,0,0,0,SURVIVING
docs/platform-v7/audit/REALITY_AUDIT_2026-06-23_NOTE2.md,STANDARD,3,3,0,0,0,0,0,SURVIVING
docs/platform-v7/audit/REALITY_AUDIT_2026-06-23_NOTE4.md,STANDARD,3,3,0,0,0,0,0,SURVIVING
docs/platform-v7/audit/REALITY_AUDIT_2026-06-23_NOTE5.md,STANDARD,3,3,0,0,0,0,0,SURVIVING
docs/platform-v7/audit/REALITY_AUDIT_2026-06-23_NOTE6.md,STANDARD,3,3,0,0,0,0,0,SURVIVING
docs/platform-v7/audit/REALITY_AUDIT_2026-06-23_NOTE7.md,STANDARD,3,3,0,0,0,0,0,SURVIVING
docs/platform-v7/audit/REALITY_AUDIT_2026-06-23_NO_LIVE_CLAIMS.md,STANDARD,27,27,0,0,0,0,0,SURVIVING
docs/platform-v7/audit/REALITY_AUDIT_2026-06-23_OPEN_PR.md,STANDARD,3,3,0,0,0,0,0,SURVIVING
docs/platform-v7/audit/REALITY_AUDIT_2026-06-23_OWNER_MATRIX.md,STANDARD,19,19,0,0,0,0,0,SURVIVING
docs/platform-v7/audit/REALITY_AUDIT_2026-06-23_POINTER.md,STANDARD,5,5,0,0,0,0,0,SURVIVING
docs/platform-v7/audit/REALITY_AUDIT_2026-06-23_PR_BODY.md,STANDARD,33,33,0,0,0,0,0,SURVIVING
docs/platform-v7/audit/REALITY_AUDIT_2026-06-23_PR_FINAL.md,STANDARD,3,3,0,0,0,0,0,SURVIVING
docs/platform-v7/audit/REALITY_AUDIT_2026-06-23_PR_FINAL_2.md,STANDARD,3,3,0,0,0,0,0,SURVIVING
docs/platform-v7/audit/REALITY_AUDIT_2026-06-23_PR_NOTE.md,STANDARD,3,3,0,0,0,0,0,SURVIVING
docs/platform-v7/audit/REALITY_AUDIT_2026-06-23_PR_READY.md,STANDARD,3,3,0,0,0,0,0,SURVIVING
docs/platform-v7/audit/REALITY_AUDIT_2026-06-23_PR_READY_2.md,STANDARD,3,3,0,0,0,0,0,SURVIVING
docs/platform-v7/audit/REALITY_AUDIT_2026-06-23_PR_SCOPE.md,STANDARD,31,31,0,0,0,0,0,SURVIVING
docs/platform-v7/audit/REALITY_AUDIT_2026-06-23_QA_CHECKLIST.md,STANDARD,33,33,0,0,0,0,0,SURVIVING
docs/platform-v7/audit/REALITY_AUDIT_2026-06-23_QUEUE_COMMENT.md,STANDARD,13,13,0,0,0,0,0,SURVIVING
docs/platform-v7/audit/REALITY_AUDIT_2026-06-23_README.md,STANDARD,11,11,0,0,0,0,0,SURVIVING
docs/platform-v7/audit/REALITY_AUDIT_2026-06-23_READY.md,STANDARD,3,3,0,0,0,0,0,SURVIVING
docs/platform-v7/audit/REALITY_AUDIT_2026-06-23_REVIEW_GATE.md,STANDARD,41,41,0,0,0,0,0,SURVIVING
docs/platform-v7/audit/REALITY_AUDIT_2026-06-23_ROLE_ORDER.md,STANDARD,28,28,0,0,0,0,0,SURVIVING
docs/platform-v7/audit/REALITY_AUDIT_2026-06-23_RUNTIME_DOMAINS.md,STANDARD,34,34,0,0,0,0,0,SURVIVING
docs/platform-v7/audit/REALITY_AUDIT_2026-06-23_SCOPE_RULE.md,STANDARD,26,26,0,0,0,0,0,SURVIVING
docs/platform-v7/audit/REALITY_AUDIT_2026-06-23_SELLER_HANDOFF.md,STANDARD,41,41,0,0,0,0,0,SURVIVING
docs/platform-v7/audit/REALITY_AUDIT_2026-06-23_STATUS_TRUTH.md,STANDARD,33,33,0,0,0,0,0,SURVIVING
docs/platform-v7/audit/REALITY_AUDIT_2026-06-23_STOP.md,STANDARD,17,17,0,0,0,0,0,SURVIVING
docs/platform-v7/audit/REALITY_AUDIT_2026-06-23_TERMS.md,STANDARD,13,13,0,0,0,0,0,SURVIVING
docs/platform-v7/audit/REALITY_AUDIT_2026-06-23_TRACE.md,STANDARD,19,19,0,0,0,0,0,SURVIVING
docs/platform-v7/audit/REAL_OPERATION_READINESS_ALIGNMENT.md,STANDARD,127,127,0,0,0,0,0,SURVIVING
docs/platform-v7/audit/ROLE_COCKPIT_AUDIT.md,STANDARD,215,215,0,0,0,0,0,SURVIVING
docs/platform-v7/audit/RUNTIME_CORE_DECOMPOSITION_AUDIT.md,STANDARD,209,209,0,0,0,0,0,SURVIVING
docs/platform-v7/audit/RUNTIME_PR_SPLIT_CONTROL.md,STANDARD,141,141,0,0,0,0,0,SURVIVING
docs/platform-v7/audit/SBOM_READINESS.md,STANDARD,56,56,0,0,0,0,0,SURVIVING
docs/platform-v7/audit/SCALE_READINESS_100K.md,STANDARD,152,152,0,0,0,0,0,SURVIVING
docs/platform-v7/audit/SECURITY_READINESS.md,STANDARD,112,112,0,0,0,0,0,SURVIVING
docs/platform-v7/audit/SOC2_READINESS.md,STANDARD,75,75,0,0,0,0,0,SURVIVING
docs/platform-v7/audit/SR2_POSTGRES_MIGRATION_PLAN.md,STANDARD,252,252,0,0,0,0,0,SURVIVING
docs/platform-v7/audit/SR3_OBSERVABILITY_BASELINE.md,STANDARD,156,156,0,0,0,0,0,SURVIVING
docs/platform-v7/audit/SR4_OUTBOX_IDEMPOTENCY_PLAN.md,STANDARD,191,191,0,0,0,0,0,SURVIVING
docs/platform-v7/audit/SR5_REDIS_RATELIMIT_WEBSOCKET_PLAN.md,STANDARD,172,172,0,0,0,0,0,SURVIVING
docs/platform-v7/audit/SR7_QUEUES_ASYNC_WORK_PLAN.md,STANDARD,179,179,0,0,0,0,0,SURVIVING
docs/platform-v7/audit/SR8_LOADTEST_SLO_PLAN.md,STANDARD,167,167,0,0,0,0,0,SURVIVING
docs/platform-v7/audit/SSO_IAM_READINESS.md,STANDARD,61,61,0,0,0,0,0,SURVIVING
docs/platform-v7/audit/UX_CTA_CONVENTION.md,STANDARD,38,38,0,0,0,0,0,SURVIVING
docs/platform-v7/audit/VISUAL_AUDIT_EVIDENCE.md,STANDARD,102,102,0,0,0,0,0,SURVIVING
docs/platform-v7/audit/VISUAL_UX_AUDIT.md,STANDARD,66,66,0,0,0,0,0,SURVIVING
docs/platform-v7/audit/platform-v7-audit-closeout-2026-06-23.md,STANDARD,8,8,0,0,0,0,0,SURVIVING
docs/platform-v7/audit/platform-v7-audit-gate-2026-06-23.md,STANDARD,10,10,0,0,0,0,0,SURVIVING
docs/platform-v7/audit/platform-v7-audit-linked-issues-2026-06-23.md,STANDARD,13,13,0,0,0,0,0,SURVIVING
docs/platform-v7/audit/platform-v7-audit-no-live-claim-check-2026-06-23.md,STANDARD,12,12,0,0,0,0,0,SURVIVING
docs/platform-v7/audit/platform-v7-audit-pr-body-2026-06-23.md,STANDARD,27,27,0,0,0,0,0,SURVIVING
docs/platform-v7/audit/platform-v7-audit-summary-2026-06-23.md,STANDARD,20,20,0,0,0,0,0,SURVIVING
docs/platform-v7/audit/platform-v7-branch-ready-2026-06-23.md,STANDARD,3,3,0,0,0,0,0,SURVIVING
docs/platform-v7/audit/platform-v7-complete-note-2026-06-23.md,STANDARD,3,3,0,0,0,0,0,SURVIVING
docs/platform-v7/audit/platform-v7-domain-split-2026-06-23.md,STANDARD,15,15,0,0,0,0,0,SURVIVING
docs/platform-v7/audit/platform-v7-done-note-2026-06-23.md,STANDARD,3,3,0,0,0,0,0,SURVIVING
docs/platform-v7/audit/platform-v7-final-note-2026-06-23.md,STANDARD,3,3,0,0,0,0,0,SURVIVING
docs/platform-v7/audit/platform-v7-finished-note-2026-06-23.md,STANDARD,3,3,0,0,0,0,0,SURVIVING
docs/platform-v7/audit/platform-v7-forbidden-zones-check-2026-06-23.md,STANDARD,24,24,0,0,0,0,0,SURVIVING
docs/platform-v7/audit/platform-v7-merge-scope-2026-06-23.md,STANDARD,8,8,0,0,0,0,0,SURVIVING
docs/platform-v7/audit/platform-v7-next-small-pr-queue-2026-06-23.md,STANDARD,29,29,0,0,0,0,0,SURVIVING
docs/platform-v7/audit/platform-v7-public-entry-followup-2026-06-23.md,STANDARD,23,23,0,0,0,0,0,SURVIVING
docs/platform-v7/audit/platform-v7-qa-note-2026-06-23.md,STANDARD,11,11,0,0,0,0,0,SURVIVING
docs/platform-v7/audit/platform-v7-ready-note-2026-06-23.md,STANDARD,3,3,0,0,0,0,0,SURVIVING
docs/platform-v7/audit/platform-v7-reality-audit-2026-06-23.md,STANDARD,62,62,0,0,0,0,0,SURVIVING
docs/platform-v7/audit/platform-v7-review-gate-note-2026-06-23.md,STANDARD,5,5,0,0,0,0,0,SURVIVING
docs/platform-v7/audit/platform-v7-reviewer-note-2026-06-23.md,STANDARD,11,11,0,0,0,0,0,SURVIVING
docs/platform-v7/audit/platform-v7-role-order-2026-06-23.md,STANDARD,22,22,0,0,0,0,0,SURVIVING
docs/platform-v7/audit/platform-v7-safe-next-action-2026-06-23.md,STANDARD,5,5,0,0,0,0,0,SURVIVING
docs/platform-v7/audit/platform-v7-safe-pr-boundary-2026-06-23.md,STANDARD,7,7,0,0,0,0,0,SURVIVING
docs/platform-v7/audit/platform-v7-stopline-2026-06-23.md,STANDARD,5,5,0,0,0,0,0,SURVIVING
docs/platform-v7/audit/platform-v7-truth-boundary-2026-06-23.md,STANDARD,19,19,0,0,0,0,0,SURVIVING
docs/platform-v7/audits/live-cabinet-shell-audit-2026-06-18.md,STANDARD,108,108,0,0,0,0,0,SURVIVING
docs/platform-v7/audits/pv7-roles-inventory.md,STANDARD,102,102,0,0,0,0,0,SURVIVING
docs/platform-v7/audits/shell-audit-close-2026-06-18.md,STANDARD,58,58,0,0,0,0,0,SURVIVING
docs/platform-v7/audits/status-page-copy-cleanup-2026-06-18.md,STANDARD,12,12,0,0,0,0,0,SURVIVING
docs/platform-v7/audits/support-route-fix-2026-06-18.md,STANDARD,11,11,0,0,0,0,0,SURVIVING
docs/platform-v7/autopilot/OWNER_ACTIONS_FINAL.md,STANDARD,249,184,65,0,0,0,0,SURVIVING
docs/platform-v7/autopilot/README-2026-06-23.md,STANDARD,15,15,0,0,0,0,0,SURVIVING
docs/platform-v7/autopilot/agent-pr-creation-reliability.md,STANDARD,19,19,0,0,0,0,0,SURVIVING
docs/platform-v7/autopilot/agent-runbook.md,STANDARD,81,81,0,0,0,0,0,SURVIVING
docs/platform-v7/autopilot/agent-runner-diagnostics.md,STANDARD,72,72,0,0,0,0,0,SURVIVING
docs/platform-v7/autopilot/agent-runner-health.md,STANDARD,60,60,0,0,0,0,0,SURVIVING
docs/platform-v7/autopilot/audit/2026-06-04T07-27-31-769Z-pr-1493.json,STANDARD,20,20,0,0,0,0,0,SURVIVING
docs/platform-v7/autopilot/audit/2026-06-04T08-20-00-000Z-pr-1495.json,STANDARD,22,22,0,0,0,0,0,SURVIVING
docs/platform-v7/autopilot/audit/2026-06-04T09-40-00-000Z-pr-1499.json,STANDARD,22,22,0,0,0,0,0,SURVIVING
docs/platform-v7/autopilot/audit/2026-06-04T10-40-00-000Z-pr-1500.json,STANDARD,21,21,0,0,0,0,0,SURVIVING
docs/platform-v7/autopilot/audit/2026-06-05T13-20-00-000Z-pr-1517.json,STANDARD,28,28,0,0,0,0,0,SURVIVING
docs/platform-v7/autopilot/audit/2026-06-06T21-12-46-578Z-pr-1562-state-advance.json,STANDARD,15,15,0,0,0,0,0,SURVIVING
docs/platform-v7/autopilot/audit/2026-06-06T21-48-37-961Z-pr-1566-state-advance.json,STANDARD,15,0,0,0,15,0,0,NONE_SURVIVING
docs/platform-v7/autopilot/audit/2026-06-06T22-47-39-461Z-pr-1579-state-advance.json,STANDARD,15,0,0,0,15,0,0,NONE_SURVIVING
docs/platform-v7/autopilot/audit/2026-06-06T23-03-09-949Z-pr-1583-state-advance.json,STANDARD,15,0,0,0,15,0,0,NONE_SURVIVING
docs/platform-v7/autopilot/audit/2026-06-06T23-16-41-473Z-pr-1587-state-advance.json,STANDARD,15,0,0,0,15,0,0,NONE_SURVIVING
docs/platform-v7/autopilot/audit/2026-06-06T23-35-20-338Z-pr-1591-state-advance.json,STANDARD,15,0,0,0,15,0,0,NONE_SURVIVING
docs/platform-v7/autopilot/audit/2026-06-06T23-47-26-634Z-pr-1593-state-advance.json,STANDARD,15,0,0,0,15,0,0,NONE_SURVIVING
docs/platform-v7/autopilot/audit/2026-06-07T01-59-54-182Z-pr-1595-state-advance.json,STANDARD,15,0,0,0,15,0,0,NONE_SURVIVING
docs/platform-v7/autopilot/audit/2026-06-07T06-22-23-848Z-pr-1597-state-advance.json,STANDARD,15,0,0,0,15,0,0,NONE_SURVIVING
docs/platform-v7/autopilot/audit/2026-06-07T08-25-55-682Z-pr-1600-state-advance.json,STANDARD,15,0,0,0,15,0,0,NONE_SURVIVING
docs/platform-v7/autopilot/audit/2026-06-07T09-45-27-352Z-pr-1602-state-advance.json,STANDARD,15,0,0,0,15,0,0,NONE_SURVIVING
docs/platform-v7/autopilot/audit/2026-06-07T21-12-23-640Z-pr-1625-state-advance.json,STANDARD,15,0,0,0,15,0,0,NONE_SURVIVING
docs/platform-v7/autopilot/audit/2026-06-07T21-52-56-507Z-pr-1644-state-advance.json,STANDARD,15,0,0,0,15,0,0,NONE_SURVIVING
docs/platform-v7/autopilot/audit/2026-06-07T22-00-29-777Z-pr-1647-state-advance.json,STANDARD,15,0,0,0,15,0,0,NONE_SURVIVING
docs/platform-v7/autopilot/audit/2026-06-10T09-08-34-274Z-pr-1500-loop-dry-run.json,STANDARD,18,18,0,0,0,0,0,SURVIVING
docs/platform-v7/autopilot/audit/2026-06-11T12-10-54-000Z-vp25-guard-scope-sync.json,STANDARD,28,28,0,0,0,0,0,SURVIVING
docs/platform-v7/autopilot/audit/2026-06-11T12-36-16-000Z-vp25-localhost-backend-test-fallback.json,STANDARD,23,23,0,0,0,0,0,SURVIVING
docs/platform-v7/autopilot/audit/2026-06-11T12-45-00-000Z-vp25-shell-copy-normalizer.json,STANDARD,21,21,0,0,0,0,0,SURVIVING
docs/platform-v7/autopilot/audit/2026-06-11T13-05-00-000Z-vp25-support-detail-searchparams-mock.json,STANDARD,21,21,0,0,0,0,0,SURVIVING
docs/platform-v7/autopilot/audit/2026-06-11T13-15-00-000Z-vp25-connectors-async-route-test.json,STANDARD,21,21,0,0,0,0,0,SURVIVING
docs/platform-v7/autopilot/audit/2026-06-11T13-25-00-000Z-vp25-logistics-async-route-test.json,STANDARD,21,21,0,0,0,0,0,SURVIVING
docs/platform-v7/autopilot/audit/2026-06-11T13-35-00-000Z-vp25-seller-mobile-async-route-test.json,STANDARD,21,21,0,0,0,0,0,SURVIVING
docs/platform-v7/autopilot/audit/2026-06-11T13-45-00-000Z-vp25-decision-pack-async-route-test.json,STANDARD,21,21,0,0,0,0,0,SURVIVING
docs/platform-v7/autopilot/audit/2026-06-11T13-55-00-000Z-vp25-bank-decision-pack-async-route-test.json,STANDARD,21,21,0,0,0,0,0,SURVIVING
docs/platform-v7/autopilot/audit/2026-06-11T14-05-00-000Z-vp25-dispute-detail-metadata-test.json,STANDARD,21,21,0,0,0,0,0,SURVIVING
docs/platform-v7/autopilot/audit/2026-06-11T14-15-00-000Z-vp25-deals-route-copy-test.json,STANDARD,21,21,0,0,0,0,0,SURVIVING
docs/platform-v7/autopilot/audit/2026-06-11T14-25-00-000Z-vp25-decision-pack-minwidth-test.json,STANDARD,21,21,0,0,0,0,0,SURVIVING
docs/platform-v7/autopilot/audit/2026-06-11T14-35-00-000Z-vp25-seller-fgis-route-copy-test.json,STANDARD,21,21,0,0,0,0,0,SURVIVING
docs/platform-v7/autopilot/audit/2026-06-11T14-45-00-000Z-vp25-market-rfq-route-test.json,STANDARD,21,21,0,0,0,0,0,SURVIVING
docs/platform-v7/autopilot/audit/2026-06-11T15-05-00-000Z-vp25-offer-to-deal-route-test.json,STANDARD,21,21,0,0,0,0,0,SURVIVING
docs/platform-v7/autopilot/audit/2026-06-11T15-25-00-000Z-vp25-clean-deal-card-route-test.json,STANDARD,21,21,0,0,0,0,0,SURVIVING
docs/platform-v7/autopilot/audit/2026-06-11T15-40-00-000Z-vp25-readiness-route-test.json,STANDARD,21,21,0,0,0,0,0,SURVIVING
docs/platform-v7/autopilot/audit/2026-06-11T15-55-00-000Z-vp25-investor-executive-route-test.json,STANDARD,14,14,0,0,0,0,0,SURVIVING
docs/platform-v7/autopilot/audit/2026-06-11T16-10-00-000Z-vp25-buyer-financing-route-test.json,STANDARD,14,14,0,0,0,0,0,SURVIVING
docs/platform-v7/autopilot/audit/2026-06-11T16-25-00-000Z-vp25-operational-panels-copy-boundary-test.json,STANDARD,14,14,0,0,0,0,0,SURVIVING
docs/platform-v7/autopilot/audit/2026-06-11T16-40-00-000Z-vp25-bank-payment-basis-runtime-panel-test.json,STANDARD,14,14,0,0,0,0,0,SURVIVING
docs/platform-v7/autopilot/audit/2026-06-11T16-55-00-000Z-vp25-fgis-runtime-check-panel-test.json,STANDARD,14,14,0,0,0,0,0,SURVIVING
docs/platform-v7/autopilot/audit/2026-06-11T17-10-00-000Z-vp25-action-routes-test.json,STANDARD,13,13,0,0,0,0,0,SURVIVING
docs/platform-v7/autopilot/audit/2026-06-11T17-25-00-000Z-vp25-final-shell-hardening-test.json,STANDARD,13,13,0,0,0,0,0,SURVIVING
docs/platform-v7/autopilot/audit/2026-06-11T17-40-00-000Z-vp25-root-work-entry-test.json,STANDARD,13,13,0,0,0,0,0,SURVIVING
docs/platform-v7/autopilot/audit/2026-06-11T17-55-00-000Z-vp25-role-execution-summary-gate-test.json,STANDARD,13,13,0,0,0,0,0,SURVIVING
docs/platform-v7/autopilot/audit/2026-06-11T18-40-00-000Z-vp25-operational-role-cockpit-title-test.json,STANDARD,17,17,0,0,0,0,0,SURVIVING
docs/platform-v7/autopilot/audit/2026-06-11T19-52-00-000Z-vp25-fgis-runtime-safety-note-test.json,STANDARD,13,13,0,0,0,0,0,SURVIVING
docs/platform-v7/autopilot/audit/2026-06-11T19-59-00-000Z-vp25-action-service-trip-write-surface-test.json,STANDARD,13,13,0,0,0,0,0,SURVIVING
docs/platform-v7/autopilot/audit/2026-06-11T20-15-00-000Z-vp25-workspace-dispute-money-permission-test.json,STANDARD,13,13,0,0,0,0,0,SURVIVING
docs/platform-v7/autopilot/audit/2026-06-11T20-22-00-000Z-vp25-money-reserve-amountrub-fixture-test.json,STANDARD,13,13,0,0,0,0,0,SURVIVING
docs/platform-v7/autopilot/audit/2026-06-11T20-29-00-000Z-vp25-action-targets-minimum-count-test.json,STANDARD,13,13,0,0,0,0,0,SURVIVING
docs/platform-v7/autopilot/audit/2026-06-11T20-35-00-000Z-vp25-action-permission-service-count-test.json,STANDARD,13,13,0,0,0,0,0,SURVIVING
docs/platform-v7/autopilot/audit/2026-06-12T01-18-00-000Z-vp25-role-focus-bank-copy-test.json,STANDARD,13,13,0,0,0,0,0,SURVIVING
docs/platform-v7/autopilot/audit/2026-06-12T02-02-00-000Z-vp25-helper-assertions-refresh.json,STANDARD,16,16,0,0,0,0,0,SURVIVING
docs/platform-v7/autopilot/audit/2026-06-12T02-10-00-000Z-vp25-action-feedback-registry.json,STANDARD,17,17,0,0,0,0,0,SURVIVING
docs/platform-v7/autopilot/audit/2026-06-12T02-22-00-000Z-vp25-role-route-guards.json,STANDARD,20,20,0,0,0,0,0,SURVIVING
docs/platform-v7/autopilot/audit/agent-engine-27091976632.json,STANDARD,14,0,0,0,14,0,0,NONE_SURVIVING
docs/platform-v7/autopilot/audit/agent-engine-27092865957.json,STANDARD,14,0,0,0,14,0,0,NONE_SURVIVING
docs/platform-v7/autopilot/audit/agent-engine-27093858039.json,STANDARD,14,0,0,0,14,0,0,NONE_SURVIVING
docs/platform-v7/autopilot/audit/agent-engine-27104323690.json,STANDARD,14,0,0,0,14,0,0,NONE_SURVIVING
docs/platform-v7/autopilot/audit/agent-engine-27105821041.json,STANDARD,14,0,0,0,14,0,0,NONE_SURVIVING
docs/platform-v7/autopilot/audit/agent-engine-27105995027.json,STANDARD,14,0,0,0,14,0,0,NONE_SURVIVING
docs/platform-v7/autopilot/audit/agent-engine-27106658023.json,STANDARD,14,0,0,0,14,0,0,NONE_SURVIVING
docs/platform-v7/autopilot/audit/claude-code-1653-executor-mode.json,STANDARD,18,18,0,0,0,0,0,SURVIVING
docs/platform-v7/autopilot/audit/generated-pr-1562-merged.json,STANDARD,12,12,0,0,0,0,0,SURVIVING
docs/platform-v7/autopilot/audit/generated-pr-1566-merged.json,STANDARD,10,0,0,0,10,0,0,NONE_SURVIVING
docs/platform-v7/autopilot/audit/generated-pr-1579-merged.json,STANDARD,10,0,0,0,10,0,0,NONE_SURVIVING
docs/platform-v7/autopilot/audit/generated-pr-1583-merged.json,STANDARD,10,0,0,0,10,0,0,NONE_SURVIVING
docs/platform-v7/autopilot/audit/generated-pr-1587-merged.json,STANDARD,10,0,0,0,10,0,0,NONE_SURVIVING
docs/platform-v7/autopilot/audit/generated-pr-1591-merged.json,STANDARD,10,0,0,0,10,0,0,NONE_SURVIVING
docs/platform-v7/autopilot/audit/generated-pr-1593-merged.json,STANDARD,10,0,0,0,10,0,0,NONE_SURVIVING
docs/platform-v7/autopilot/audit/generated-pr-1595-merged.json,STANDARD,10,0,0,0,10,0,0,NONE_SURVIVING
docs/platform-v7/autopilot/audit/generated-pr-1597-merged.json,STANDARD,10,0,0,0,10,0,0,NONE_SURVIVING
docs/platform-v7/autopilot/audit/generated-pr-1600-merged.json,STANDARD,10,0,0,0,10,0,0,NONE_SURVIVING
docs/platform-v7/autopilot/audit/generated-pr-1602-merged.json,STANDARD,10,0,0,0,10,0,0,NONE_SURVIVING
docs/platform-v7/autopilot/audit/generated-pr-1625-merged.json,STANDARD,10,0,0,0,10,0,0,NONE_SURVIVING
docs/platform-v7/autopilot/audit/generated-pr-1644-merged.json,STANDARD,10,0,0,0,10,0,0,NONE_SURVIVING
docs/platform-v7/autopilot/audit/generated-pr-1647-merged.json,STANDARD,10,0,0,0,10,0,0,NONE_SURVIVING
docs/platform-v7/autopilot/audit/pr-1545-slice-04-to-05.json,STANDARD,8,8,0,0,0,0,0,SURVIVING
docs/platform-v7/autopilot/audit/pr-1548-slice-05-to-06.json,STANDARD,8,8,0,0,0,0,0,SURVIVING
docs/platform-v7/autopilot/autopilot-state.json,STANDARD,1575,1530,45,0,0,0,0,SURVIVING
docs/platform-v7/autopilot/blocked-visible-runtime-copy-cleanup.md,STANDARD,64,64,0,0,0,0,0,SURVIVING
docs/platform-v7/autopilot/bootstrap/local-mistral-attestation.py.inert,STANDARD,108,108,0,0,0,0,0,SURVIVING
docs/platform-v7/autopilot/bootstrap/local-mistral-authority-binding.py.inert,STANDARD,152,152,0,0,0,0,0,SURVIVING
docs/platform-v7/autopilot/bootstrap/local-mistral-authority.v1.json,STANDARD,49,49,0,0,0,0,0,SURVIVING
docs/platform-v7/autopilot/bootstrap/local-mistral-content-verification.py.inert,STANDARD,225,225,0,0,0,0,0,SURVIVING
docs/platform-v7/autopilot/bootstrap/local-mistral-conversion-evidence.py.inert,STANDARD,167,167,0,0,0,0,0,SURVIVING
docs/platform-v7/autopilot/bootstrap/local-mistral-conversion-root.py.inert,STANDARD,196,196,0,0,0,0,0,SURVIVING
docs/platform-v7/autopilot/bootstrap/local-mistral-runner.py.inert,STANDARD,436,436,0,0,0,0,0,SURVIVING
docs/platform-v7/autopilot/bootstrap/local-mistral-sensitive-output.py.inert,STANDARD,29,29,0,0,0,0,0,SURVIVING
docs/platform-v7/autopilot/branch-note-2026-06-23.md,STANDARD,5,5,0,0,0,0,0,SURVIVING
docs/platform-v7/autopilot/cabinet-sequence-2026-06-23.md,STANDARD,15,15,0,0,0,0,0,SURVIVING
docs/platform-v7/autopilot/check-industrial-readiness-inventory.mjs,STANDARD,193,193,0,0,0,0,0,SURVIVING
docs/platform-v7/autopilot/check-security-release-gate.mjs,STANDARD,438,437,0,0,1,0,0,SURVIVING
docs/platform-v7/autopilot/checkpoint-close-2026-06-23.md,STANDARD,5,5,0,0,0,0,0,SURVIVING
docs/platform-v7/autopilot/claude-code-audit-marker.md,STANDARD,66,66,0,0,0,0,0,SURVIVING
docs/platform-v7/autopilot/claude-code-executor-mode.md,STANDARD,65,65,0,0,0,0,0,SURVIVING
docs/platform-v7/autopilot/claude-code-pr-checklist.md,STANDARD,36,36,0,0,0,0,0,SURVIVING
docs/platform-v7/autopilot/claude-code-task-template.md,STANDARD,56,56,0,0,0,0,0,SURVIVING
docs/platform-v7/autopilot/collect-npm-bulk-audit.mjs,STANDARD,375,375,0,0,0,0,0,SURVIVING
docs/platform-v7/autopilot/collect-npm-bulk-audit.test.mjs,STANDARD,273,273,0,0,0,0,0,SURVIVING
docs/platform-v7/autopilot/compact-pr-note-2026-06-23.md,STANDARD,5,5,0,0,0,0,0,SURVIVING
docs/platform-v7/autopilot/controller-gate-summary-2026-06-23.md,STANDARD,23,23,0,0,0,0,0,SURVIVING
docs/platform-v7/autopilot/controller-result-note-2026-06-23.md,STANDARD,3,3,0,0,0,0,0,SURVIVING
docs/platform-v7/autopilot/controller-run-2026-06-23-1411-msk.md,STANDARD,21,21,0,0,0,0,0,SURVIVING
docs/platform-v7/autopilot/cta-reality-rule-2026-06-23.md,STANDARD,10,10,0,0,0,0,0,SURVIVING
docs/platform-v7/autopilot/current-truth-2026-06-23.md,STANDARD,23,23,0,0,0,0,0,SURVIVING
docs/platform-v7/autopilot/deal-readiness-gap-2026-06-23.md,STANDARD,20,20,0,0,0,0,0,SURVIVING
docs/platform-v7/autopilot/design-reference.md,STANDARD,46,46,0,0,0,0,0,SURVIVING
docs/platform-v7/autopilot/end-note-2026-06-23.md,STANDARD,5,5,0,0,0,0,0,SURVIVING
docs/platform-v7/autopilot/evaluate-pnpm-audit.mjs,STANDARD,248,248,0,0,0,0,0,SURVIVING
docs/platform-v7/autopilot/evaluate-trivy-report.mjs,STANDARD,204,204,0,0,0,0,0,SURVIVING
docs/platform-v7/autopilot/exact-main-live-evidence-2659.md,STANDARD,26,26,0,0,0,0,0,SURVIVING
docs/platform-v7/autopilot/executor-note-2026-06-23.md,STANDARD,7,7,0,0,0,0,0,SURVIVING
docs/platform-v7/autopilot/files-list-note-2026-06-23.md,STANDARD,5,5,0,0,0,0,0,SURVIVING
docs/platform-v7/autopilot/gate-review-list-2026-06-23.md,STANDARD,17,17,0,0,0,0,0,SURVIVING
docs/platform-v7/autopilot/industrial-baseline-2026-07-15.md,STANDARD,46,46,0,0,0,0,0,SURVIVING
docs/platform-v7/autopilot/industrial-integration-readiness-v1.0.md,STANDARD,393,393,0,0,0,0,0,SURVIVING
docs/platform-v7/autopilot/industrial-readiness-inventory.json,STANDARD,345,345,0,0,0,0,0,SURVIVING
docs/platform-v7/autopilot/industrial-readiness-inventory.schema.json,STANDARD,126,126,0,0,0,0,0,SURVIVING
docs/platform-v7/autopilot/known-risks-register.json,STANDARD,153,153,0,0,0,0,0,SURVIVING
docs/platform-v7/autopilot/last-agent-response.json,STANDARD,6,0,0,0,6,0,0,NONE_SURVIVING
docs/platform-v7/autopilot/last-output-note-2026-06-23.md,STANDARD,3,3,0,0,0,0,0,SURVIVING
docs/platform-v7/autopilot/master-tz-2.md,STANDARD,142,142,0,0,0,0,0,SURVIVING
docs/platform-v7/autopilot/master-tz-3-plus-pre-integration-execution-platform-closure.md,STANDARD,114,114,0,0,0,0,0,SURVIVING
docs/platform-v7/autopilot/master-tz-final-map.md,STANDARD,74,74,0,0,0,0,0,SURVIVING
docs/platform-v7/autopilot/master-tz.md,STANDARD,696,696,0,0,0,0,0,SURVIVING
docs/platform-v7/autopilot/merge-after-checks-note-2026-06-23.md,STANDARD,3,3,0,0,0,0,0,SURVIVING
docs/platform-v7/autopilot/merge-control-checkpoint-2026-06-23.md,STANDARD,27,27,0,0,0,0,0,SURVIVING
docs/platform-v7/autopilot/mobile-shell-rule-2026-06-23.md,STANDARD,11,11,0,0,0,0,0,SURVIVING
docs/platform-v7/autopilot/next-pr-breakdown-2026-06-23.md,STANDARD,80,80,0,0,0,0,0,SURVIVING
docs/platform-v7/autopilot/no-live-claim-2026-06-23.md,STANDARD,20,20,0,0,0,0,0,SURVIVING
docs/platform-v7/autopilot/no-more-docs-2026-06-23.md,STANDARD,3,3,0,0,0,0,0,SURVIVING
docs/platform-v7/autopilot/one-pr-one-layer-2026-06-23.md,STANDARD,13,13,0,0,0,0,0,SURVIVING
docs/platform-v7/autopilot/open-pr-marker-2026-06-23.md,STANDARD,3,3,0,0,0,0,0,SURVIVING
docs/platform-v7/autopilot/optional-runtime-inventory.json,STANDARD,47,47,0,0,0,0,0,SURVIVING
docs/platform-v7/autopilot/pc-crop-predecessor-trigger-lock.json,STANDARD,24,24,0,0,0,0,0,SURVIVING
docs/platform-v7/autopilot/pr-body-note-2026-06-23.md,STANDARD,3,3,0,0,0,0,0,SURVIVING
docs/platform-v7/autopilot/pr-ready-note-2026-06-23.md,STANDARD,3,3,0,0,0,0,0,SURVIVING
docs/platform-v7/autopilot/pr-title-note-2026-06-23.md,STANDARD,3,3,0,0,0,0,0,SURVIVING
docs/platform-v7/autopilot/pr-type-taxonomy-2026-06-23.md,STANDARD,14,14,0,0,0,0,0,SURVIVING
docs/platform-v7/autopilot/product-ux-runtime-audit-2026-06-23.md,STANDARD,55,55,0,0,0,0,0,SURVIVING
docs/platform-v7/autopilot/production-topology.json,STANDARD,185,185,0,0,0,0,0,SURVIVING
docs/platform-v7/autopilot/progress.json,STANDARD,18,16,0,0,2,0,0,SURVIVING
docs/platform-v7/autopilot/project-locks/pc-crop-federal-accounting.json,STANDARD,35,0,35,0,0,0,0,NONE_SURVIVING
docs/platform-v7/autopilot/project-locks/pc-crop-remainder.json,STANDARD,94,91,0,0,3,0,0,SURVIVING
docs/platform-v7/autopilot/prompts/blocked-visible-runtime-copy-task.md,STANDARD,59,59,0,0,0,0,0,SURVIVING
docs/platform-v7/autopilot/prompts/codex-pr-5.1.md,STANDARD,222,222,0,0,0,0,0,SURVIVING
docs/platform-v7/autopilot/prompts/codex-pr-5.6.md,STANDARD,54,54,0,0,0,0,0,SURVIVING
docs/platform-v7/autopilot/prompts/current-codex-task-shell-navigation-ai-guard.md,STANDARD,109,109,0,0,0,0,0,SURVIVING
docs/platform-v7/autopilot/prompts/current-codex-task.md,STANDARD,419,417,0,0,2,0,0,SURVIVING
docs/platform-v7/autopilot/prompts/current-review-task.md,STANDARD,405,404,0,0,1,0,0,SURVIVING
docs/platform-v7/autopilot/prompts/review-pr-5.1.md,STANDARD,60,60,0,0,0,0,0,SURVIVING
docs/platform-v7/autopilot/prompts/review-pr-5.6.md,STANDARD,56,56,0,0,0,0,0,SURVIVING
docs/platform-v7/autopilot/public-home-v5-exact-head.md,STANDARD,20,20,0,0,0,0,0,SURVIVING
docs/platform-v7/autopilot/queue-state-note-2026-06-23.md,STANDARD,16,16,0,0,0,0,0,SURVIVING
docs/platform-v7/autopilot/readiness-audit-final.md,STANDARD,92,92,0,0,0,0,0,SURVIVING
docs/platform-v7/autopilot/ready-marker-2026-06-23.md,STANDARD,3,3,0,0,0,0,0,SURVIVING
docs/platform-v7/autopilot/review-gate-handshake-2026-06-23.md,STANDARD,13,13,0,0,0,0,0,SURVIVING
docs/platform-v7/autopilot/review-output-note-2026-06-23.md,STANDARD,3,3,0,0,0,0,0,SURVIVING
docs/platform-v7/autopilot/role-cabinet-pr-template-2026-06-23.md,STANDARD,39,39,0,0,0,0,0,SURVIVING
docs/platform-v7/autopilot/run-output-note-2026-06-23.md,STANDARD,3,3,0,0,0,0,0,SURVIVING
docs/platform-v7/autopilot/runner-dispatch-reliability.md,STANDARD,49,49,0,0,0,0,0,SURVIVING
docs/platform-v7/autopilot/runtime-separation-2026-06-23.md,STANDARD,20,20,0,0,0,0,0,SURVIVING
docs/platform-v7/autopilot/schema/autopilot-state.schema.json,STANDARD,74,74,0,0,0,0,0,SURVIVING
docs/platform-v7/autopilot/scope-guard-2026-06-23.md,STANDARD,33,33,0,0,0,0,0,SURVIVING
docs/platform-v7/autopilot/scopes/README-assistant-scope-2703.md,STANDARD,7,7,0,0,0,0,0,SURVIVING
docs/platform-v7/autopilot/scopes/action-pinning-ratchet-1026.json,STANDARD,34,34,0,0,0,0,0,SURVIVING
docs/platform-v7/autopilot/scopes/action-pinning-ratchet-main.json,STANDARD,35,35,0,0,0,0,0,SURVIVING
docs/platform-v7/autopilot/scopes/admin-initiated-reset-4678.json,STANDARD,39,39,0,0,0,0,0,SURVIVING
docs/platform-v7/autopilot/scopes/analytics-compliance-tenant-scope-4839.json,STANDARD,32,32,0,0,0,0,0,SURVIVING
docs/platform-v7/autopilot/scopes/api-db-principal-confinement-4890.json,STANDARD,35,35,0,0,0,0,0,SURVIVING
docs/platform-v7/autopilot/scopes/api-last-resort-handlers-4459.json,STANDARD,36,36,0,0,0,0,0,SURVIVING
docs/platform-v7/autopilot/scopes/assistant-safety-optional-separator-4459.json,STANDARD,36,36,0,0,0,0,0,SURVIVING
docs/platform-v7/autopilot/scopes/assistant-scope-2703-approval.json,STANDARD,8,8,0,0,0,0,0,SURVIVING
docs/platform-v7/autopilot/scopes/assistant-scope-2703-final.txt,STANDARD,1,1,0,0,0,0,0,SURVIVING
docs/platform-v7/autopilot/scopes/assistant-scope-2703-owner.txt,STANDARD,3,3,0,0,0,0,0,SURVIVING
docs/platform-v7/autopilot/scopes/assistant-scope-2703-review-checklist.md,STANDARD,7,7,0,0,0,0,0,SURVIVING
docs/platform-v7/autopilot/scopes/assistant-scope-2703-threat-boundary.md,STANDARD,5,5,0,0,0,0,0,SURVIVING
docs/platform-v7/autopilot/scopes/asvs-applicability-4529.json,STANDARD,41,41,0,0,0,0,0,SURVIVING
docs/platform-v7/autopilot/scopes/asvs-scan-data-payloads-4764.json,STANDARD,29,29,0,0,0,0,0,SURVIVING
docs/platform-v7/autopilot/scopes/asvs-v1-encoding-sanitization-4610.json,STANDARD,31,31,0,0,0,0,0,SURVIVING
docs/platform-v7/autopilot/scopes/asvs-v10-oauth-oidc-4605.json,STANDARD,31,31,0,0,0,0,0,SURVIVING
docs/platform-v7/autopilot/scopes/asvs-v11-crypto-4555.json,STANDARD,36,36,0,0,0,0,0,SURVIVING
docs/platform-v7/autopilot/scopes/asvs-v12-secure-communication-4535.json,STANDARD,34,34,0,0,0,0,0,SURVIVING
docs/platform-v7/autopilot/scopes/asvs-v13-configuration-4603.json,STANDARD,32,32,0,0,0,0,0,SURVIVING
docs/platform-v7/autopilot/scopes/asvs-v14-data-protection-4569.json,STANDARD,36,36,0,0,0,0,0,SURVIVING
docs/platform-v7/autopilot/scopes/asvs-v15-secure-coding-4614.json,STANDARD,32,32,0,0,0,0,0,SURVIVING
docs/platform-v7/autopilot/scopes/asvs-v16-logging-4553.json,STANDARD,33,33,0,0,0,0,0,SURVIVING
docs/platform-v7/autopilot/scopes/asvs-v2-2-validation-coverage-4547.json,STANDARD,27,27,0,0,0,0,0,SURVIVING
docs/platform-v7/autopilot/scopes/asvs-v2-3-5-correction-4542.json,STANDARD,30,30,0,0,0,0,0,SURVIVING
docs/platform-v7/autopilot/scopes/asvs-v2-business-logic-4533.json,STANDARD,33,33,0,0,0,0,0,SURVIVING
docs/platform-v7/autopilot/scopes/asvs-v3-web-frontend-4612.json,STANDARD,32,32,0,0,0,0,0,SURVIVING
docs/platform-v7/autopilot/scopes/asvs-v4-api-4551.json,STANDARD,32,32,0,0,0,0,0,SURVIVING
docs/platform-v7/autopilot/scopes/asvs-v5-file-handling-4531.json,STANDARD,39,39,0,0,0,0,0,SURVIVING
docs/platform-v7/autopilot/scopes/asvs-v6-authentication-4627.json,STANDARD,32,32,0,0,0,0,0,SURVIVING
docs/platform-v7/autopilot/scopes/asvs-v7-sessions-4541.json,STANDARD,36,36,0,0,0,0,0,SURVIVING
docs/platform-v7/autopilot/scopes/asvs-v8-authorization-4545.json,STANDARD,31,31,0,0,0,0,0,SURVIVING
docs/platform-v7/autopilot/scopes/asvs-v8-rls-coverage-4549.json,STANDARD,30,30,0,0,0,0,0,SURVIVING
docs/platform-v7/autopilot/scopes/asvs-v9-tokens-4537.json,STANDARD,32,32,0,0,0,0,0,SURVIVING
docs/platform-v7/autopilot/scopes/auth-password-cost-parity-4574.json,STANDARD,43,43,0,0,0,0,0,SURVIVING
docs/platform-v7/autopilot/scopes/auth-pathway-inventory-4780.json,STANDARD,33,33,0,0,0,0,0,SURVIVING
docs/platform-v7/autopilot/scopes/authenticated-totp-owner-readiness-3785.json,STANDARD,61,61,0,0,0,0,0,SURVIVING
docs/platform-v7/autopilot/scopes/bounded-otp-lifetimes-4685.json,STANDARD,43,43,0,0,0,0,0,SURVIVING
docs/platform-v7/autopilot/scopes/business-reputation-tenant-scope-4839.json,STANDARD,32,32,0,0,0,0,0,SURVIVING
docs/platform-v7/autopilot/scopes/cabinet-session-csrf-3-5-1.json,STANDARD,37,37,0,0,0,0,0,SURVIVING
docs/platform-v7/autopilot/scopes/canonical-data-classification-4593.json,STANDARD,43,43,0,0,0,0,0,SURVIVING
docs/platform-v7/autopilot/scopes/canonical-email-short-local-4654.json,STANDARD,29,29,0,0,0,0,0,SURVIVING
docs/platform-v7/autopilot/scopes/canonical-masking-in-global-logger-4653.json,STANDARD,33,33,0,0,0,0,0,SURVIVING
docs/platform-v7/autopilot/scopes/codeql-v4-cli-path-4467.json,STANDARD,29,29,0,0,0,0,0,SURVIVING
docs/platform-v7/autopilot/scopes/company-os-compose-service-pipefail-4496.json,STANDARD,32,32,0,0,0,0,0,SURVIVING
docs/platform-v7/autopilot/scopes/company-os-f1-1-endpoint-policy-4158.json,STANDARD,38,38,0,0,0,0,0,SURVIVING
docs/platform-v7/autopilot/scopes/company-os-f2a-control-host-4159.json,STANDARD,47,47,0,0,0,0,0,SURVIVING
docs/platform-v7/autopilot/scopes/company-os-f2b-readiness-4159.json,STANDARD,34,34,0,0,0,0,0,SURVIVING
docs/platform-v7/autopilot/scopes/company-os-foundation-f1-4152.json,STANDARD,47,47,0,0,0,0,0,SURVIVING
docs/platform-v7/autopilot/scopes/company-os-running-revision-4493.json,STANDARD,36,36,0,0,0,0,0,SURVIVING
docs/platform-v7/autopilot/scopes/conjunctive-conditions-auth-4647.json,STANDARD,28,28,0,0,0,0,0,SURVIVING
docs/platform-v7/autopilot/scopes/conjunctive-conditions-batch2-4647.json,STANDARD,28,28,0,0,0,0,0,SURVIVING
docs/platform-v7/autopilot/scopes/consolidate-password-policy-4651.json,STANDARD,31,31,0,0,0,0,0,SURVIVING
docs/platform-v7/autopilot/scopes/content-disposition-encoding-4837.json,STANDARD,39,39,0,0,0,0,0,SURVIVING
docs/platform-v7/autopilot/scopes/correct-v637-verdict-4645.json,STANDARD,28,28,0,0,0,0,0,SURVIVING
docs/platform-v7/autopilot/scopes/crypto-discovery-4581.json,STANDARD,41,41,0,0,0,0,0,SURVIVING
docs/platform-v7/autopilot/scopes/crypto-inventory-baseline-stale.json,STANDARD,26,26,0,0,0,0,0,SURVIVING
docs/platform-v7/autopilot/scopes/crypto-inventory-usage-4791.json,STANDARD,46,46,0,0,0,0,0,SURVIVING
docs/platform-v7/autopilot/scopes/cursor-key-separation-4790.json,STANDARD,39,39,0,0,0,0,0,SURVIVING
docs/platform-v7/autopilot/scopes/data-protection-requirements-4600.json,STANDARD,37,37,0,0,0,0,0,SURVIVING
docs/platform-v7/autopilot/scopes/deal-explorer-web-release-trigger-20260808.json,STANDARD,30,30,0,0,0,0,0,SURVIVING
docs/platform-v7/autopilot/scopes/deals-insert-authority-4814.json,STANDARD,44,44,0,0,0,0,0,SURVIVING
docs/platform-v7/autopilot/scopes/deals-update-shape-4814.json,STANDARD,31,31,0,0,0,0,0,SURVIVING
docs/platform-v7/autopilot/scopes/decision-evidence-integrity-4798.json,STANDARD,33,33,0,0,0,0,0,SURVIVING
docs/platform-v7/autopilot/scopes/decompression-budget-4831.json,STANDARD,45,45,0,0,0,0,0,SURVIVING
docs/platform-v7/autopilot/scopes/design-v8-acceptance-csrf-faq-4503.json,STANDARD,29,29,0,0,0,0,0,SURVIVING
docs/platform-v7/autopilot/scopes/direct-presentation-download-20260829.json,STANDARD,26,26,0,0,0,0,0,SURVIVING
docs/platform-v7/autopilot/scopes/dispatch-current-main-qwen-ui-3372-v2.json,STANDARD,29,29,0,0,0,0,0,SURVIVING
docs/platform-v7/autopilot/scopes/dispatch-current-main-qwen-ui-3372-v3.json,STANDARD,31,31,0,0,0,0,0,SURVIVING
docs/platform-v7/autopilot/scopes/download-disposition-321.json,STANDARD,36,36,0,0,0,0,0,SURVIVING
docs/platform-v7/autopilot/scopes/evidence-bundle-export-role-4839.json,STANDARD,29,29,0,0,0,0,0,SURVIVING
docs/platform-v7/autopilot/scopes/evidence-record-accuracy-4584.json,STANDARD,32,32,0,0,0,0,0,SURVIVING
docs/platform-v7/autopilot/scopes/export-output-encoding-1212.json,STANDARD,36,36,0,0,0,0,0,SURVIVING
docs/platform-v7/autopilot/scopes/export-tenant-scope-4839.json,STANDARD,38,38,0,0,0,0,0,SURVIVING
docs/platform-v7/autopilot/scopes/exports-outbox-tenant-scope-4839.json,STANDARD,30,30,0,0,0,0,0,SURVIVING
docs/platform-v7/autopilot/scopes/factoring-tenant-scope-4839.json,STANDARD,32,32,0,0,0,0,0,SURVIVING
docs/platform-v7/autopilot/scopes/farmer-market-release-preflight-20260916.json,STANDARD,36,36,0,0,0,0,0,SURVIVING
docs/platform-v7/autopilot/scopes/farmer-public-market-teaser-20260913.json,STANDARD,48,48,0,0,0,0,0,SURVIVING
docs/platform-v7/autopilot/scopes/farmer-public-market-teaser-governance-20260913.json,STANDARD,21,21,0,0,0,0,0,SURVIVING
docs/platform-v7/autopilot/scopes/feat-assistant-universal-understanding.json,STANDARD,30,30,0,0,0,0,0,SURVIVING
docs/platform-v7/autopilot/scopes/fix-gekta-live-brand-acceptance-3824.json,STANDARD,78,78,0,0,0,0,0,SURVIVING
docs/platform-v7/autopilot/scopes/fix-gekta-live-brand-international-3824.json,STANDARD,57,57,0,0,0,0,0,SURVIVING
docs/platform-v7/autopilot/scopes/fix-gekta-mobile-locators-3824.json,STANDARD,33,33,0,0,0,0,0,SURVIVING
docs/platform-v7/autopilot/scopes/fix-p0-csrf-reverse-proxy-origin-3785.json,STANDARD,38,38,0,0,0,0,0,SURVIVING
docs/platform-v7/autopilot/scopes/fix-p0-csrf-trusted-proxy-boundary-3785.json,STANDARD,42,42,0,0,0,0,0,SURVIVING
docs/platform-v7/autopilot/scopes/fix-platform-v7-editorial-typography-v4.json,STANDARD,33,33,0,0,0,0,0,SURVIVING
docs/platform-v7/autopilot/scopes/fix-platform-v7-production-mobile-acceptance-3527.json,STANDARD,21,21,0,0,0,0,0,SURVIVING
docs/platform-v7/autopilot/scopes/fix-production-mobile-copy-contract-2026-07-31.json,STANDARD,23,23,0,0,0,0,0,SURVIVING
docs/platform-v7/autopilot/scopes/fix-public-ai-branding-cleanup-3450.json,STANDARD,44,44,0,0,0,0,0,SURVIVING
docs/platform-v7/autopilot/scopes/fix-public-ai-branding-dom-root-cause-20260730.json,STANDARD,38,38,0,0,0,0,0,SURVIVING
docs/platform-v7/autopilot/scopes/fix-public-ai-canonical-copy-3372.json,STANDARD,31,31,0,0,0,0,0,SURVIVING
docs/platform-v7/autopilot/scopes/fix-public-ai-friendly-agro-expert.json,STANDARD,49,49,0,0,0,0,0,SURVIVING
docs/platform-v7/autopilot/scopes/fix-public-ai-generic-platform-routing-3438.json,STANDARD,30,30,0,0,0,0,0,SURVIVING
docs/platform-v7/autopilot/scopes/fix-public-ai-layout-authority.json,STANDARD,21,13,0,0,8,0,0,SURVIVING
docs/platform-v7/autopilot/scopes/fix-public-ai-visible-home.json,STANDARD,23,23,0,0,0,0,0,SURVIVING
docs/platform-v7/autopilot/scopes/fix-public-assistant-mobile-footer-anchor-20260731.json,STANDARD,33,33,0,0,0,0,0,SURVIVING
docs/platform-v7/autopilot/scopes/fix-public-assistant-mobile-keyboard-light-ui.json,STANDARD,37,37,0,0,0,0,0,SURVIVING
docs/platform-v7/autopilot/scopes/fix-public-assistant-mobile-support.json,STANDARD,17,17,0,0,0,0,0,SURVIVING
docs/platform-v7/autopilot/scopes/fix-public-assistant-mobile-viewport-polish-3520.json,STANDARD,25,25,0,0,0,0,0,SURVIVING
docs/platform-v7/autopilot/scopes/fix-public-assistant-production-acceptance-20260731.json,STANDARD,30,30,0,0,0,0,0,SURVIVING
docs/platform-v7/autopilot/scopes/fix-public-assistant-single-keyboard-authority-20260731.json,STANDARD,39,39,0,0,0,0,0,SURVIVING
docs/platform-v7/autopilot/scopes/fix-public-assistant-single-mobile-viewport-20260731.json,STANDARD,31,31,0,0,0,0,0,SURVIVING
docs/platform-v7/autopilot/scopes/fix-public-assistant-terminal-finalizer-20260731.json,STANDARD,30,30,0,0,0,0,0,SURVIVING
docs/platform-v7/autopilot/scopes/fix-public-assistant-yandex-ios-keyboard-gap-3523.json,STANDARD,30,30,0,0,0,0,0,SURVIVING
docs/platform-v7/autopilot/scopes/fix-public-deal-explorer-mobile-ux-20260807.json,STANDARD,38,38,0,0,0,0,0,SURVIVING
docs/platform-v7/autopilot/scopes/fix-public-indexation.json,STANDARD,26,26,0,0,0,0,0,SURVIVING
docs/platform-v7/autopilot/scopes/fix-public-organization-intake-401-3072.json,STANDARD,32,32,0,0,0,0,0,SURVIVING
docs/platform-v7/autopilot/scopes/fix-qwen-broad-agro-semantic-acceptance.json,STANDARD,39,39,0,0,0,0,0,SURVIVING
docs/platform-v7/autopilot/scopes/fix-qwen-images-before-activation-3372.json,STANDARD,32,32,0,0,0,0,0,SURVIVING
docs/platform-v7/autopilot/scopes/fix-qwen-live-ui-acceptance-v2.json,STANDARD,32,25,0,0,7,0,0,SURVIVING
docs/platform-v7/autopilot/scopes/fix-qwen-model-preflight-3372-3.json,STANDARD,48,48,0,0,0,0,0,SURVIVING
docs/platform-v7/autopilot/scopes/fix-qwen-sudo-bridge-3372-5.json,STANDARD,43,43,0,0,0,0,0,SURVIVING
docs/platform-v7/autopilot/scopes/fix-qwen-sudo-password-3372-6.json,STANDARD,50,50,0,0,0,0,0,SURVIVING
docs/platform-v7/autopilot/scopes/fixture-token-audience-4789.json,STANDARD,46,46,0,0,0,0,0,SURVIVING
docs/platform-v7/autopilot/scopes/gekta-body-validation.json,STANDARD,53,53,0,0,0,0,0,SURVIVING
docs/platform-v7/autopilot/scopes/gekta-brand-touch-target-4018.json,STANDARD,46,46,0,0,0,0,0,SURVIVING
docs/platform-v7/autopilot/scopes/gekta-consent-keyboard-race-4332.json,STANDARD,25,25,0,0,0,0,0,SURVIVING
docs/platform-v7/autopilot/scopes/gekta-first-user-consent-race-3072.json,STANDARD,38,38,0,0,0,0,0,SURVIVING
docs/platform-v7/autopilot/scopes/gekta-first-user-mail-diagnostic-31800628106-3072.json,STANDARD,41,41,0,0,0,0,0,SURVIVING
docs/platform-v7/autopilot/scopes/gekta-first-user-mail-idna-3072.json,STANDARD,33,33,0,0,0,0,0,SURVIVING
docs/platform-v7/autopilot/scopes/gekta-first-user-runtime-mail-authority-3072.json,STANDARD,35,35,0,0,0,0,0,SURVIVING
docs/platform-v7/autopilot/scopes/gekta-g3d-bootstrap-stage-3896.json,STANDARD,33,33,0,0,0,0,0,SURVIVING
docs/platform-v7/autopilot/scopes/gekta-home-cta-20260811.json,STANDARD,35,35,0,0,0,0,0,SURVIVING
docs/platform-v7/autopilot/scopes/gekta-ios-safari-visual-polish-4500.json,STANDARD,44,44,0,0,0,0,0,SURVIVING
docs/platform-v7/autopilot/scopes/gekta-keyboard-cycle-focus-4332.json,STANDARD,25,25,0,0,0,0,0,SURVIVING
docs/platform-v7/autopilot/scopes/gekta-live-acceptance-copy-20260811.json,STANDARD,39,39,0,0,0,0,0,SURVIVING
docs/platform-v7/autopilot/scopes/gekta-mobile-consent-acceptance-3048.json,STANDARD,17,17,0,0,0,0,0,SURVIVING
docs/platform-v7/autopilot/scopes/gekta-mobile-ux-redteam-4018.json,STANDARD,62,62,0,0,0,0,0,SURVIVING
docs/platform-v7/autopilot/scopes/gekta-mobile-viewport-regression-4332.json,STANDARD,83,83,0,0,0,0,0,SURVIVING
docs/platform-v7/autopilot/scopes/gekta-mobile-visible-starters-4036.json,STANDARD,44,44,0,0,0,0,0,SURVIVING
docs/platform-v7/autopilot/scopes/gekta-module-di-fix-20260813.json,STANDARD,27,27,0,0,0,0,0,SURVIVING
docs/platform-v7/autopilot/scopes/gekta-module-registration-20260812.json,STANDARD,34,34,0,0,0,0,0,SURVIVING
docs/platform-v7/autopilot/scopes/gekta-owner-mobile-acceptance-4038.json,STANDARD,44,44,0,0,0,0,0,SURVIVING
docs/platform-v7/autopilot/scopes/gekta-p0-speed-20260811.json,STANDARD,46,46,0,0,0,0,0,SURVIVING
docs/platform-v7/autopilot/scopes/gekta-p0-speed-g3a-3896.json,STANDARD,87,87,0,0,0,0,0,SURVIVING
docs/platform-v7/autopilot/scopes/gekta-p0-speed-g3b-bootstrap-3896.json,STANDARD,36,36,0,0,0,0,0,SURVIVING
docs/platform-v7/autopilot/scopes/gekta-p0-speed-g3b-capacity-3896.json,STANDARD,31,31,0,0,0,0,0,SURVIVING
docs/platform-v7/autopilot/scopes/gekta-p0-speed-g3b-control-probe-3896.json,STANDARD,30,30,0,0,0,0,0,SURVIVING
docs/platform-v7/autopilot/scopes/gekta-p0-speed-g3b-diagnostic-3896.json,STANDARD,27,27,0,0,0,0,0,SURVIVING
docs/platform-v7/autopilot/scopes/gekta-p0-speed-g3b-nonroot-3896.json,STANDARD,31,31,0,0,0,0,0,SURVIVING
docs/platform-v7/autopilot/scopes/gekta-p0-speed-g3c-ubatch512-3896.json,STANDARD,39,39,0,0,0,0,0,SURVIVING
docs/platform-v7/autopilot/scopes/gekta-p0-speed-g3d-parallel2-3896.json,STANDARD,37,37,0,0,0,0,0,SURVIVING
docs/platform-v7/autopilot/scopes/gekta-p0-speed-g3e-ubatch256-3896.json,STANDARD,34,34,0,0,0,0,0,SURVIVING
docs/platform-v7/autopilot/scopes/gekta-p0-speed2-canary-all-rows-fix-4251.json,STANDARD,27,27,0,0,0,0,0,SURVIVING
docs/platform-v7/autopilot/scopes/gekta-p0-speed2-canary-jq-fix-4251.json,STANDARD,27,27,0,0,0,0,0,SURVIVING
docs/platform-v7/autopilot/scopes/gekta-p0-speed2-canary-rounding-jq-fix-4251.json,STANDARD,27,27,0,0,0,0,0,SURVIVING
docs/platform-v7/autopilot/scopes/gekta-p0-speed2-progressive-safe-gate-4251.json,STANDARD,36,36,0,0,0,0,0,SURVIVING
docs/platform-v7/autopilot/scopes/gekta-p0-speed2-progressive-safe-gate-v2-4251.json,STANDARD,36,36,0,0,0,0,0,SURVIVING
docs/platform-v7/autopilot/scopes/gekta-p0-speed2-real-prefill-canary-4251.json,STANDARD,31,31,0,0,0,0,0,SURVIVING
docs/platform-v7/autopilot/scopes/gekta-p0-speed2-s2-0-controller-4251.json,STANDARD,33,33,0,0,0,0,0,SURVIVING
docs/platform-v7/autopilot/scopes/gekta-p0-speed2-s2-0-retention-4251.json,STANDARD,30,30,0,0,0,0,0,SURVIVING
docs/platform-v7/autopilot/scopes/gekta-persistence-access-20260812.json,STANDARD,56,56,0,0,0,0,0,SURVIVING
docs/platform-v7/autopilot/scopes/gekta-product-separation-20260812.json,STANDARD,72,0,72,0,0,0,0,NONE_SURVIVING
docs/platform-v7/autopilot/scopes/gekta-product-session-scope-20260813.json,STANDARD,51,51,0,0,0,0,0,SURVIVING
docs/platform-v7/autopilot/scopes/gekta-production-api-base-3048-20260828.json,STANDARD,49,49,0,0,0,0,0,SURVIVING
docs/platform-v7/autopilot/scopes/gekta-production-browser-matrix-4332.json,STANDARD,50,50,0,0,0,0,0,SURVIVING
docs/platform-v7/autopilot/scopes/gekta-public-brand-3824.json,STANDARD,77,77,0,0,0,0,0,SURVIVING
docs/platform-v7/autopilot/scopes/gekta-real-ios-touch-secondary-pages-4332.json,STANDARD,57,57,0,0,0,0,0,SURVIVING
docs/platform-v7/autopilot/scopes/gekta-registration-20260813.json,STANDARD,44,44,0,0,0,0,0,SURVIVING
docs/platform-v7/autopilot/scopes/gekta-registration-ui-20260813.json,STANDARD,56,56,0,0,0,0,0,SURVIVING
docs/platform-v7/autopilot/scopes/gekta-screenshot-defects-4561.json,STANDARD,56,56,0,0,0,0,0,SURVIVING
docs/platform-v7/autopilot/scopes/gekta-security-review-20260813.json,STANDARD,44,44,0,0,0,0,0,SURVIVING
docs/platform-v7/autopilot/scopes/gekta-server-search-20260812.json,STANDARD,30,30,0,0,0,0,0,SURVIVING
docs/platform-v7/autopilot/scopes/gekta-speak-touch-target-4018.json,STANDARD,42,42,0,0,0,0,0,SURVIVING
docs/platform-v7/autopilot/scopes/gekta-standalone-experience-3824.json,STANDARD,72,72,0,0,0,0,0,SURVIVING
docs/platform-v7/autopilot/scopes/gekta-standalone-ux-seo-3824.json,STANDARD,57,57,0,0,0,0,0,SURVIVING
docs/platform-v7/autopilot/scopes/gekta-static-502-runtime-diagnostic-4332.json,STANDARD,31,31,0,0,0,0,0,SURVIVING
docs/platform-v7/autopilot/scopes/gitignore-asvs-matrix-artifacts-4631.json,STANDARD,24,24,0,0,0,0,0,SURVIVING
docs/platform-v7/autopilot/scopes/governance-direct-presentation-binary-20260829.json,STANDARD,9,9,0,0,0,0,0,SURVIVING
docs/platform-v7/autopilot/scopes/governance-direct-presentation-download-20260829.json,STANDARD,9,9,0,0,0,0,0,SURVIVING
docs/platform-v7/autopilot/scopes/governance-production-full-stack-release-v1.json,STANDARD,26,26,0,0,0,0,0,SURVIVING
docs/platform-v7/autopilot/scopes/governance-production-web-live-acceptance-node-free-20260828.json,STANDARD,9,9,0,0,0,0,0,SURVIVING
docs/platform-v7/autopilot/scopes/governance-public-home-role-clarity-scope-20260905.json,STANDARD,28,28,0,0,0,0,0,SURVIVING
docs/platform-v7/autopilot/scopes/governance-public-presentation-embedded-pdf-20260828.json,STANDARD,9,9,0,0,0,0,0,SURVIVING
docs/platform-v7/autopilot/scopes/governance-public-presentation-gekta-product-20260828.json,STANDARD,9,9,0,0,0,0,0,SURVIVING
docs/platform-v7/autopilot/scopes/governance-public-presentation-real-pdf-20260827.json,STANDARD,9,9,0,0,0,0,0,SURVIVING
docs/platform-v7/autopilot/scopes/governance-public-presentation-scope-4695.json,STANDARD,9,9,0,0,0,0,0,SURVIVING
docs/platform-v7/autopilot/scopes/governance-public-presentation-visible-cta-20260828.json,STANDARD,9,9,0,0,0,0,0,SURVIVING
docs/platform-v7/autopilot/scopes/governance-public-presentation-visible-cta-placement-20260828.json,STANDARD,9,9,0,0,0,0,0,SURVIVING
docs/platform-v7/autopilot/scopes/health-readiness-memory-isolation-20260812.json,STANDARD,29,29,0,0,0,0,0,SURVIVING
docs/platform-v7/autopilot/scopes/home-accounting-closure-value-20260818.json,STANDARD,50,50,0,0,0,0,0,SURVIVING
docs/platform-v7/autopilot/scopes/home-accounting-faq-20260818.json,STANDARD,40,40,0,0,0,0,0,SURVIVING
docs/platform-v7/autopilot/scopes/identity-rls-3670.json,STANDARD,135,133,0,0,2,0,0,SURVIVING
docs/platform-v7/autopilot/scopes/image-pixel-budget-4676.json,STANDARD,41,41,0,0,0,0,0,SURVIVING
docs/platform-v7/autopilot/scopes/ip-chain-of-title-ai-provenance-4515.json,STANDARD,34,0,34,0,0,0,0,NONE_SURVIVING
docs/platform-v7/autopilot/scopes/ip-clean-room-baseline-4459.json,STANDARD,59,59,0,0,0,0,0,SURVIVING
docs/platform-v7/autopilot/scopes/ip-file-provenance-register-4512.json,STANDARD,33,0,33,0,0,0,0,NONE_SURVIVING
docs/platform-v7/autopilot/scopes/ip-license-evidence-from-installed-artifact.json,STANDARD,33,33,0,0,0,0,0,SURVIVING
docs/platform-v7/autopilot/scopes/ip-qwen-immutability-gate-4519.json,STANDARD,34,0,34,0,0,0,0,NONE_SURVIVING
docs/platform-v7/autopilot/scopes/ir-k8s-production-like-2659.json,STANDARD,72,72,0,0,0,0,0,SURVIVING
docs/platform-v7/autopilot/scopes/ir-runtime-images-2664.json,STANDARD,42,42,0,0,0,0,0,SURVIVING
docs/platform-v7/autopilot/scopes/ir20-canonical-durable-outbox-20260918.json,STANDARD,61,61,0,0,0,0,0,SURVIVING
docs/platform-v7/autopilot/scopes/ir20-isolated-restore-20260919.json,STANDARD,25,25,0,0,0,0,0,SURVIVING
docs/platform-v7/autopilot/scopes/ir20-persisted-topology-20260918.json,STANDARD,21,21,0,0,0,0,0,SURVIVING
docs/platform-v7/autopilot/scopes/ir20-release-core-20260918.json,STANDARD,24,24,0,0,0,0,0,SURVIVING
docs/platform-v7/autopilot/scopes/ir20-topology-diagnostic-20260918.json,STANDARD,20,20,0,0,0,0,0,SURVIVING
docs/platform-v7/autopilot/scopes/ir20-worker-publication-20260918.json,STANDARD,21,21,0,0,0,0,0,SURVIVING
docs/platform-v7/autopilot/scopes/kyc-rkn-xml-and-body-validation.json,STANDARD,38,38,0,0,0,0,0,SURVIVING
docs/platform-v7/autopilot/scopes/local-mistral-runner-segment-1-20260911.json,STANDARD,19,19,0,0,0,0,0,SURVIVING
docs/platform-v7/autopilot/scopes/local-mistral-runner-segment-2b-20260911.json,STANDARD,21,21,0,0,0,0,0,SURVIVING
docs/platform-v7/autopilot/scopes/local-mistral-runner-segment-3-20260911.json,STANDARD,24,24,0,0,0,0,0,SURVIVING
docs/platform-v7/autopilot/scopes/local-mistral-runner-segment-4-validator-20260911.json,STANDARD,25,25,0,0,0,0,0,SURVIVING
docs/platform-v7/autopilot/scopes/local-mistral-runner-segment-5-runtime-20260911.json,STANDARD,26,26,0,0,0,0,0,SURVIVING
docs/platform-v7/autopilot/scopes/local-mistral-runner-segment-6-authority-20260911.json,STANDARD,24,24,0,0,0,0,0,SURVIVING
docs/platform-v7/autopilot/scopes/local-mistral-runner-segment-6-sensitive-output-20260911.json,STANDARD,24,24,0,0,0,0,0,SURVIVING
docs/platform-v7/autopilot/scopes/local-mistral-runner-segment-7-attestation-20260911.json,STANDARD,25,25,0,0,0,0,0,SURVIVING
docs/platform-v7/autopilot/scopes/local-mistral-segment-10-conversion-root-20260912.json,STANDARD,26,26,0,0,0,0,0,SURVIVING
docs/platform-v7/autopilot/scopes/local-mistral-segment-7-authority-binding-20260911.json,STANDARD,26,26,0,0,0,0,0,SURVIVING
docs/platform-v7/autopilot/scopes/local-mistral-segment-8-conversion-evidence-20260911.json,STANDARD,28,28,0,0,0,0,0,SURVIVING
docs/platform-v7/autopilot/scopes/local-mistral-segment-9-content-verification-20260912.json,STANDARD,30,30,0,0,0,0,0,SURVIVING
docs/platform-v7/autopilot/scopes/local-qwen-bounded-json-output-20260910.json,STANDARD,49,49,0,0,0,0,0,SURVIVING
docs/platform-v7/autopilot/scopes/local-qwen-derived-verdict-20260911.json,STANDARD,53,53,0,0,0,0,0,SURVIVING
docs/platform-v7/autopilot/scopes/local-qwen-direct-evidence-policy-20260911.json,STANDARD,45,45,0,0,0,0,0,SURVIVING
docs/platform-v7/autopilot/scopes/local-qwen-direct-evidence-validator-20260911.json,STANDARD,65,65,0,0,0,0,0,SURVIVING
docs/platform-v7/autopilot/scopes/local-qwen-exact-line-evidence-20260913.json,STANDARD,134,134,0,0,0,0,0,SURVIVING
docs/platform-v7/autopilot/scopes/local-qwen-json-cap-20260910.json,STANDARD,23,23,0,0,0,0,0,SURVIVING
docs/platform-v7/autopilot/scopes/local-qwen-output-budget-1024-20260910.json,STANDARD,46,46,0,0,0,0,0,SURVIVING
docs/platform-v7/autopilot/scopes/local-qwen-qwen3-reviewer-20260911.json,STANDARD,57,57,0,0,0,0,0,SURVIVING
docs/platform-v7/autopilot/scopes/local-qwen-review-controller-bootstrap-20260913.json,STANDARD,55,55,0,0,0,0,0,SURVIVING
docs/platform-v7/autopilot/scopes/local-qwen-review-runtime-fix-20260909.json,STANDARD,22,22,0,0,0,0,0,SURVIVING
docs/platform-v7/autopilot/scopes/local-qwen-server-budget-1024-20260910.json,STANDARD,48,48,0,0,0,0,0,SURVIVING
docs/platform-v7/autopilot/scopes/local-qwen-transport-budget-20260910.json,STANDARD,47,47,0,0,0,0,0,SURVIVING
docs/platform-v7/autopilot/scopes/log-injection-encoding-4459.json,STANDARD,39,39,0,0,0,0,0,SURVIVING
docs/platform-v7/autopilot/scopes/logout-clears-client-state-14-3-1.json,STANDARD,44,44,0,0,0,0,0,SURVIVING
docs/platform-v7/autopilot/scopes/marketing-content-planner-4616.json,STANDARD,36,36,0,0,0,0,0,SURVIVING
docs/platform-v7/autopilot/scopes/marketing-editorial-core-4616.json,STANDARD,36,36,0,0,0,0,0,SURVIVING
docs/platform-v7/autopilot/scopes/mfa-backup-code-entropy-4776.json,STANDARD,38,38,0,0,0,0,0,SURVIVING
docs/platform-v7/autopilot/scopes/migration-cve-exception-3785.json,STANDARD,32,32,0,0,0,0,0,SURVIVING
docs/platform-v7/autopilot/scopes/netlify-retirement-structural-3297.json,STANDARD,22,22,0,0,0,0,0,SURVIVING
docs/platform-v7/autopilot/scopes/next-15-5-21-security-hotfix-v1.json,STANDARD,35,0,0,0,35,0,0,NONE_SURVIVING
docs/platform-v7/autopilot/scopes/observe-qwen-repair-3372-4.json,STANDARD,39,39,0,0,0,0,0,SURVIVING
docs/platform-v7/autopilot/scopes/octopus-independent-review-provider-5148.json,STANDARD,37,37,0,0,0,0,0,SURVIVING
docs/platform-v7/autopilot/scopes/one-shot-external-postgres-evidence-authority-3072.json,STANDARD,28,28,0,0,0,0,0,SURVIVING
docs/platform-v7/autopilot/scopes/ops/qwen-runtime-serial-v2-20260909.json,STANDARD,23,23,0,0,0,0,0,SURVIVING
docs/platform-v7/autopilot/scopes/ops/qwen-server-no-warmup-20260910.json,STANDARD,22,22,0,0,0,0,0,SURVIVING
docs/platform-v7/autopilot/scopes/outbound-request-size-4827.json,STANDARD,32,32,0,0,0,0,0,SURVIVING
docs/platform-v7/autopilot/scopes/outbound-telemetry-parity-4576.json,STANDARD,40,40,0,0,0,0,0,SURVIVING
docs/platform-v7/autopilot/scopes/outbox-cve-exception-4476.json,STANDARD,29,29,0,0,0,0,0,SURVIVING
docs/platform-v7/autopilot/scopes/owner-access-controller-sync-4414.json,STANDARD,26,26,0,0,0,0,0,SURVIVING
docs/platform-v7/autopilot/scopes/owner-access-reset-current-main-4414.json,STANDARD,33,33,0,0,0,0,0,SURVIVING
docs/platform-v7/autopilot/scopes/owner-control-plane-bootstrap-4680.json,STANDARD,34,34,0,0,0,0,0,SURVIVING
docs/platform-v7/autopilot/scopes/owner-real-cabinets-4414.json,STANDARD,42,42,0,0,0,0,0,SURVIVING
docs/platform-v7/autopilot/scopes/owner-real-cabinets-web-release-trigger-4431.json,STANDARD,28,28,0,0,0,0,0,SURVIVING
docs/platform-v7/autopilot/scopes/owner-showroom-4414.json,STANDARD,38,38,0,0,0,0,0,SURVIVING
docs/platform-v7/autopilot/scopes/owner-showroom-web-release-trigger-4414.json,STANDARD,26,26,0,0,0,0,0,SURVIVING
docs/platform-v7/autopilot/scopes/p0-auth-mail-direct-mx-fallback-3785.json,STANDARD,52,52,0,0,0,0,0,SURVIVING
docs/platform-v7/autopilot/scopes/p0-auth-mail-exact-signature-3785-v3.json,STANDARD,45,45,0,0,0,0,0,SURVIVING
docs/platform-v7/autopilot/scopes/p0-employee-join-replay-contract-4882.json,STANDARD,33,33,0,0,0,0,0,SURVIVING
docs/platform-v7/autopilot/scopes/p0-employee-mfa-enrollment-4637.json,STANDARD,29,29,0,0,0,0,0,SURVIVING
docs/platform-v7/autopilot/scopes/p0-fgis-first-confirmed-lot-audit-3585.json,STANDARD,45,44,1,0,0,0,0,SURVIVING
docs/platform-v7/autopilot/scopes/p0-fgis-legacy-quarantine-3609.json,STANDARD,88,0,88,0,0,0,0,NONE_SURVIVING
docs/platform-v7/autopilot/scopes/p0-first-customer-access-3563.json,STANDARD,286,235,35,0,16,0,0,SURVIVING
docs/platform-v7/autopilot/scopes/p0-first-customer-durable-contract-4874.json,STANDARD,37,37,0,0,0,0,0,SURVIVING
docs/platform-v7/autopilot/scopes/p0-login-account-switch-mfa-boundary-3785-v3.json,STANDARD,39,39,0,0,0,0,0,SURVIVING
docs/platform-v7/autopilot/scopes/p0-model-first-agro-chat-3625.json,STANDARD,34,34,0,0,0,0,0,SURVIVING
docs/platform-v7/autopilot/scopes/p0-registration-current-main-images-connector-3785.json,STANDARD,29,29,0,0,0,0,0,SURVIVING
docs/platform-v7/autopilot/scopes/p0-registration-decision-durable-outbox-4858.json,STANDARD,34,34,0,0,0,0,0,SURVIVING
docs/platform-v7/autopilot/scopes/p0-registration-decision-outbox-controller-4858.json,STANDARD,24,24,0,0,0,0,0,SURVIVING
docs/platform-v7/autopilot/scopes/p0-registration-human-poll-resilience-4880.json,STANDARD,32,32,0,0,0,0,0,SURVIVING
docs/platform-v7/autopilot/scopes/p0-registration-smtp-timeout-retry-4637.json,STANDARD,14,14,0,0,0,0,0,SURVIVING
docs/platform-v7/autopilot/scopes/p0-reviewer-auth-mail-outbox-451-3785.json,STANDARD,71,71,0,0,0,0,0,SURVIVING
docs/platform-v7/autopilot/scopes/p0-reviewer-decision-notification-diagnostic-4858.json,STANDARD,42,42,0,0,0,0,0,SURVIVING
docs/platform-v7/autopilot/scopes/p0-reviewer-decision-notification-diagnostic-v2-4858.json,STANDARD,31,31,0,0,0,0,0,SURVIVING
docs/platform-v7/autopilot/scopes/p0-reviewer-login-readiness-3791.json,STANDARD,47,47,0,0,0,0,0,SURVIVING
docs/platform-v7/autopilot/scopes/p0-reviewer-one-shot-reset-reviewed-e213-3785.json,STANDARD,49,49,0,0,0,0,0,SURVIVING
docs/platform-v7/autopilot/scopes/p0-reviewer-reset-durable-outbox-evidence-3785.json,STANDARD,48,48,0,0,0,0,0,SURVIVING
docs/platform-v7/autopilot/scopes/p0-reviewer-reset-preflight-reviewed-55acf-3785.json,STANDARD,44,44,0,0,0,0,0,SURVIVING
docs/platform-v7/autopilot/scopes/p0-reviewer-reset-runtime-manifest-4637.json,STANDARD,47,47,0,0,0,0,0,SURVIVING
docs/platform-v7/autopilot/scopes/p0-staff-api-origin-runtime-4559.json,STANDARD,52,52,0,0,0,0,0,SURVIVING
docs/platform-v7/autopilot/scopes/p0-staff-internal-api-authority-4539.json,STANDARD,38,38,0,0,0,0,0,SURVIVING
docs/platform-v7/autopilot/scopes/p0-staff-unavailable-diagnostic-4556.json,STANDARD,42,42,0,0,0,0,0,SURVIVING
docs/platform-v7/autopilot/scopes/p0-stale-actions-orphan-neutralization-3785.json,STANDARD,87,87,0,0,0,0,0,SURVIVING
docs/platform-v7/autopilot/scopes/p7-production-gekta-stream-2198.json,STANDARD,47,47,0,0,0,0,0,SURVIVING
docs/platform-v7/autopilot/scopes/p7-production-i18n-line-count-2198-r2.json,STANDARD,44,44,0,0,0,0,0,SURVIVING
docs/platform-v7/autopilot/scopes/p7-production-i18n-localized-brand-gate-2198.json,STANDARD,42,42,0,0,0,0,0,SURVIVING
docs/platform-v7/autopilot/scopes/p7-production-web-audit-recovery-2198.json,STANDARD,43,43,0,0,0,0,0,SURVIVING
docs/platform-v7/autopilot/scopes/partner-api-body-validation-2-2-1.json,STANDARD,42,42,0,0,0,0,0,SURVIVING
docs/platform-v7/autopilot/scopes/password-hash-format-doc-4683.json,STANDARD,29,29,0,0,0,0,0,SURVIVING
docs/platform-v7/autopilot/scopes/pc-crop-01a-scope-isolation-4471.json,STANDARD,29,29,0,0,0,0,0,SURVIVING
docs/platform-v7/autopilot/scopes/pc-crop-01b4-postmerge-remediation.json,STANDARD,36,36,0,0,0,0,0,SURVIVING
docs/platform-v7/autopilot/scopes/pc-crop-01b4-private-bff-live-registry.json,STANDARD,37,37,0,0,0,0,0,SURVIVING
docs/platform-v7/autopilot/scopes/pc-crop-07a.json,STANDARD,48,48,0,0,0,0,0,SURVIVING
docs/platform-v7/autopilot/scopes/pc-crop-07b-private-integration-control-tower.json,STANDARD,41,41,0,0,0,0,0,SURVIVING
docs/platform-v7/autopilot/scopes/pc-crop-08a-fgis-artifact-intake.json,STANDARD,24,24,0,0,0,0,0,SURVIVING
docs/platform-v7/autopilot/scopes/pc-crop-08b-fgis-contract-catalog.json,STANDARD,32,32,0,0,0,0,0,SURVIVING
docs/platform-v7/autopilot/scopes/pc-crop-08c-fgis-xml-signing-input.json,STANDARD,31,31,0,0,0,0,0,SURVIVING
docs/platform-v7/autopilot/scopes/pc-crop-08d-fgis-signing-transport.json,STANDARD,42,42,0,0,0,0,0,SURVIVING
docs/platform-v7/autopilot/scopes/pc-crop-08e-fgis-provider-attestation.json,STANDARD,33,33,0,0,0,0,0,SURVIVING
docs/platform-v7/autopilot/scopes/pc-crop-08e-trigger-isolation-3183.json,STANDARD,19,19,0,0,0,0,0,SURVIVING
docs/platform-v7/autopilot/scopes/pc-crop-08f-sdiz-projection.json,STANDARD,32,32,0,0,0,0,0,SURVIVING
docs/platform-v7/autopilot/scopes/pc-crop-08h-exchange-receipt.json,STANDARD,46,46,0,0,0,0,0,SURVIVING
docs/platform-v7/autopilot/scopes/pc-crop-08i-outbound-ack.json,STANDARD,45,45,0,0,0,0,0,SURVIVING
docs/platform-v7/autopilot/scopes/pc-crop-10a-government-systems-registry.json,STANDARD,38,38,0,0,0,0,0,SURVIVING
docs/platform-v7/autopilot/scopes/pc-crop-10b-truth-sync-3390.json,STANDARD,46,46,0,0,0,0,0,SURVIVING
docs/platform-v7/autopilot/scopes/pc-crop-10c-predecessor-trigger-handoff-3446.json,STANDARD,46,46,0,0,0,0,0,SURVIVING
docs/platform-v7/autopilot/scopes/pc-crop-10c.json,STANDARD,84,84,0,0,0,0,0,SURVIVING
docs/platform-v7/autopilot/scopes/pc-crop-10d-final-truth.json,STANDARD,49,49,0,0,0,0,0,SURVIVING
docs/platform-v7/autopilot/scopes/pc-crop-auction-inventory-authority-4997.json,STANDARD,69,69,0,0,0,0,0,SURVIVING
docs/platform-v7/autopilot/scopes/pc-crop-auction-inventory-regression-scope-4997.json,STANDARD,23,23,0,0,0,0,0,SURVIVING
docs/platform-v7/autopilot/scopes/pc-crop-auction-inventory-scope-governance-4997.json,STANDARD,23,23,0,0,0,0,0,SURVIVING
docs/platform-v7/autopilot/scopes/pc-crop-commercial-rules-authority-4997.json,STANDARD,50,50,0,0,0,0,0,SURVIVING
docs/platform-v7/autopilot/scopes/pc-crop-control-compose-cutover-3785.json,STANDARD,35,35,0,0,0,0,0,SURVIVING
docs/platform-v7/autopilot/scopes/pc-crop-control-csrf-exact-origin-3785.json,STANDARD,43,43,0,0,0,0,0,SURVIVING
docs/platform-v7/autopilot/scopes/pc-crop-control-cutover-queue-guard-3785.json,STANDARD,28,28,0,0,0,0,0,SURVIVING
docs/platform-v7/autopilot/scopes/pc-crop-control-edge-topology-3785.json,STANDARD,32,32,0,0,0,0,0,SURVIVING
docs/platform-v7/autopilot/scopes/pc-crop-control-gate-wiring-3785.json,STANDARD,34,34,0,0,0,0,0,SURVIVING
docs/platform-v7/autopilot/scopes/pc-crop-control-preflight-stage-3785.json,STANDARD,28,28,0,0,0,0,0,SURVIVING
docs/platform-v7/autopilot/scopes/pc-crop-control-web-bound-upstream-3785.json,STANDARD,47,47,0,0,0,0,0,SURVIVING
docs/platform-v7/autopilot/scopes/pc-crop-federal-accounting-route-policy.json,STANDARD,32,0,32,0,0,0,0,NONE_SURVIVING
docs/platform-v7/autopilot/scopes/pc-crop-federal-accounting.json,STANDARD,250,0,250,0,0,0,0,NONE_SURVIVING
docs/platform-v7/autopilot/scopes/pc-crop-hosted-docker-headroom-recovery-3785.json,STANDARD,46,46,0,0,0,0,0,SURVIVING
docs/platform-v7/autopilot/scopes/pc-crop-integration-binding-authority-4997.json,STANDARD,56,56,0,0,0,0,0,SURVIVING
docs/platform-v7/autopilot/scopes/pc-crop-inventory-reservation-authority-4997.json,STANDARD,54,54,0,0,0,0,0,SURVIVING
docs/platform-v7/autopilot/scopes/pc-crop-organization-capability-authority-4997.json,STANDARD,45,45,0,0,0,0,0,SURVIVING
docs/platform-v7/autopilot/scopes/pc-crop-p0-ssh-external-stage-diagnostic-4445.json,STANDARD,48,48,0,0,0,0,0,SURVIVING
docs/platform-v7/autopilot/scopes/pc-crop-p0-ssh-host-attestation-3785.json,STANDARD,44,44,0,0,0,0,0,SURVIVING
docs/platform-v7/autopilot/scopes/pc-crop-p0-ssh-host-attestation-v4-3785.json,STANDARD,45,45,0,0,0,0,0,SURVIVING
docs/platform-v7/autopilot/scopes/pc-crop-p0-staff-api-base-prefix-4559.json,STANDARD,68,68,0,0,0,0,0,SURVIVING
docs/platform-v7/autopilot/scopes/pc-crop-p0-staff-api-origin-local-controller-4559.json,STANDARD,63,63,0,0,0,0,0,SURVIVING
docs/platform-v7/autopilot/scopes/pc-crop-password-reset-smtp-idna-3785.json,STANDARD,68,68,0,0,0,0,0,SURVIVING
docs/platform-v7/autopilot/scopes/pc-crop-password-reset-smtp-mime-3785.json,STANDARD,63,63,0,0,0,0,0,SURVIVING
docs/platform-v7/autopilot/scopes/pc-crop-post-registration-w0-4997.json,STANDARD,31,31,0,0,0,0,0,SURVIVING
docs/platform-v7/autopilot/scopes/pc-crop-predecessor-trigger-isolation-3170.json,STANDARD,27,27,0,0,0,0,0,SURVIVING
docs/platform-v7/autopilot/scopes/pc-crop-project-lock-3389.json,STANDARD,80,78,2,0,0,0,0,SURVIVING
docs/platform-v7/autopilot/scopes/pc-crop-provider-registry-authority-4997.json,STANDARD,45,45,0,0,0,0,0,SURVIVING
docs/platform-v7/autopilot/scopes/pc-crop-scope-autodiscovery-3170.json,STANDARD,25,25,0,0,0,0,0,SURVIVING
docs/platform-v7/autopilot/scopes/pc-crop-service-marketplace-authority-4997.json,STANDARD,47,47,0,0,0,0,0,SURVIVING
docs/platform-v7/autopilot/scopes/pc-crop-successor-trigger-handoff-3290.json,STANDARD,39,39,0,0,0,0,0,SURVIVING
docs/platform-v7/autopilot/scopes/pc-crop-w1a-production-preflight-4997.json,STANDARD,29,29,0,0,0,0,0,SURVIVING
docs/platform-v7/autopilot/scopes/pc-prod-runner-connectivity-diagnostic-3365.json,STANDARD,37,37,0,0,0,0,0,SURVIVING
docs/platform-v7/autopilot/scopes/pc-prod-runner-diagnostic-schema-3365.json,STANDARD,37,37,0,0,0,0,0,SURVIVING
docs/platform-v7/autopilot/scopes/pc-prod-runner-recovery-3365.json,STANDARD,35,35,0,0,0,0,0,SURVIVING
docs/platform-v7/autopilot/scopes/pin-checkout-actions-4664.json,STANDARD,28,28,0,0,0,0,0,SURVIVING
docs/platform-v7/autopilot/scopes/platform-v7-autopilot-cleanup-retry-20260913.json,STANDARD,28,28,0,0,0,0,0,SURVIVING
docs/platform-v7/autopilot/scopes/platform-v7-five-block-home.json,STANDARD,29,29,0,0,0,0,0,SURVIVING
docs/platform-v7/autopilot/scopes/platform-v7-home-10of10-v1.json,STANDARD,40,40,0,0,0,0,0,SURVIVING
docs/platform-v7/autopilot/scopes/platform-v7-home-cjk-inline-typography-2198-r2.json,STANDARD,46,46,0,0,0,0,0,SURVIVING
docs/platform-v7/autopilot/scopes/platform-v7-home-final-design-gates-4282-4284-r2.json,STANDARD,62,62,0,0,0,0,0,SURVIVING
docs/platform-v7/autopilot/scopes/platform-v7-home-final-master-2026-07-25.json,STANDARD,46,46,0,0,0,0,0,SURVIVING
docs/platform-v7/autopilot/scopes/platform-v7-home-tai-role-entry-v2.json,STANDARD,29,29,0,0,0,0,0,SURVIVING
docs/platform-v7/autopilot/scopes/platform-v7-i18n-bootstrap-canonical-images-2198.json,STANDARD,23,23,0,0,0,0,0,SURVIVING
docs/platform-v7/autopilot/scopes/platform-v7-i18n-production-acceptance-2198.json,STANDARD,36,36,0,0,0,0,0,SURVIVING
docs/platform-v7/autopilot/scopes/platform-v7-international-home-fix-2026-07-31.json,STANDARD,44,44,0,0,0,0,0,SURVIVING
docs/platform-v7/autopilot/scopes/platform-v7-login-i18n-metadata-2198.json,STANDARD,39,39,0,0,0,0,0,SURVIVING
docs/platform-v7/autopilot/scopes/platform-v7-mobile-hero-acceptance-3214.json,STANDARD,39,39,0,0,0,0,0,SURVIVING
docs/platform-v7/autopilot/scopes/platform-v7-mobile-polish-institute-guided.json,STANDARD,35,35,0,0,0,0,0,SURVIVING
docs/platform-v7/autopilot/scopes/platform-v7-organization-intake-v1.json,STANDARD,38,38,0,0,0,0,0,SURVIVING
docs/platform-v7/autopilot/scopes/platform-v7-product-copy-2026-07-31.json,STANDARD,35,35,0,0,0,0,0,SURVIVING
docs/platform-v7/autopilot/scopes/platform-v7-production-i18n-2198.json,STANDARD,49,49,0,0,0,0,0,SURVIVING
docs/platform-v7/autopilot/scopes/platform-v7-production-i18n-browser-runtime-2198.json,STANDARD,58,58,0,0,0,0,0,SURVIVING
docs/platform-v7/autopilot/scopes/platform-v7-production-i18n-runtime-fix-2198.json,STANDARD,45,45,0,0,0,0,0,SURVIVING
docs/platform-v7/autopilot/scopes/platform-v7-production-i18n-truthful-reporting-2198.json,STANDARD,35,35,0,0,0,0,0,SURVIVING
docs/platform-v7/autopilot/scopes/platform-v7-production-mobile-contract-2026-07-29.json,STANDARD,37,37,0,0,0,0,0,SURVIVING
docs/platform-v7/autopilot/scopes/platform-v7-public-industrial-copy-v1.json,STANDARD,17,17,0,0,0,0,0,SURVIVING
docs/platform-v7/autopilot/scopes/platform-v7-register-brand-a11y-i18n-2198.json,STANDARD,48,48,0,0,0,0,0,SURVIVING
docs/platform-v7/autopilot/scopes/platform-v7-strategic-rebuild-v3.json,STANDARD,106,106,0,0,0,0,0,SURVIVING
docs/platform-v7/autopilot/scopes/platform-v7-unified-deal-tai-home-2026-07-25.json,STANDARD,42,42,0,0,0,0,0,SURVIVING
docs/platform-v7/autopilot/scopes/platform-v7-unified-home-final-release-2026-07-25.json,STANDARD,40,40,0,0,0,0,0,SURVIVING
docs/platform-v7/autopilot/scopes/platform-v7-visible-operating-copy-2026-07-31.json,STANDARD,38,38,0,0,0,0,0,SURVIVING
docs/platform-v7/autopilot/scopes/posthog-public-analytics-5130.json,STANDARD,27,27,0,0,0,0,0,SURVIVING
docs/platform-v7/autopilot/scopes/posthog-public-analytics-activation-5138.json,STANDARD,28,28,0,0,0,0,0,SURVIVING
docs/platform-v7/autopilot/scopes/posthog-public-pageview-loop-fix-5138.json,STANDARD,27,27,0,0,0,0,0,SURVIVING
docs/platform-v7/autopilot/scopes/present-all-at-path-4647.json,STANDARD,28,28,0,0,0,0,0,SURVIVING
docs/platform-v7/autopilot/scopes/presentation-gekta-frame-download-20260830.json,STANDARD,13,13,0,0,0,0,0,SURVIVING
docs/platform-v7/autopilot/scopes/production-api-readiness-diagnostics-3722.json,STANDARD,21,21,0,0,0,0,0,SURVIVING
docs/platform-v7/autopilot/scopes/production-auth-key-provision-3723.json,STANDARD,45,45,0,0,0,0,0,SURVIVING
docs/platform-v7/autopilot/scopes/production-emergency-rollback-3741.json,STANDARD,17,17,0,0,0,0,0,SURVIVING
docs/platform-v7/autopilot/scopes/production-full-stack-release-v1.json,STANDARD,40,40,0,0,0,0,0,SURVIVING
docs/platform-v7/autopilot/scopes/production-gekta-runtime-20260813.json,STANDARD,60,60,0,0,0,0,0,SURVIVING
docs/platform-v7/autopilot/scopes/production-gekta-runtime-mail-authority-handoff-20260813.json,STANDARD,34,34,0,0,0,0,0,SURVIVING
docs/platform-v7/autopilot/scopes/production-gekta-runtime-sha-handoff-20260813.json,STANDARD,32,32,0,0,0,0,0,SURVIVING
docs/platform-v7/autopilot/scopes/production-homepage-content-attestation.json,STANDARD,33,33,0,0,0,0,0,SURVIVING
docs/platform-v7/autopilot/scopes/production-intake-internal-api-authority-20260807.json,STANDARD,21,21,0,0,0,0,0,SURVIVING
docs/platform-v7/autopilot/scopes/production-like-kubernetes-timeout-3750.json,STANDARD,25,25,0,0,0,0,0,SURVIVING
docs/platform-v7/autopilot/scopes/production-like-outbox-poison-isolation-3793.json,STANDARD,31,31,0,0,0,0,0,SURVIVING
docs/platform-v7/autopilot/scopes/production-p0-all-role-registration-3785.json,STANDARD,55,55,0,0,0,0,0,SURVIVING
docs/platform-v7/autopilot/scopes/production-p0-auth-mail-compose-contract-31905081981-3785.json,STANDARD,45,45,0,0,0,0,0,SURVIVING
docs/platform-v7/autopilot/scopes/production-p0-auth-runtime-autodiscover-3785.json,STANDARD,38,38,0,0,0,0,0,SURVIVING
docs/platform-v7/autopilot/scopes/production-p0-auth-runtime-state-inspect-3785.json,STANDARD,39,39,0,0,0,0,0,SURVIVING
docs/platform-v7/autopilot/scopes/production-p0-first-customer-acceptance-3749.json,STANDARD,65,65,0,0,0,0,0,SURVIVING
docs/platform-v7/autopilot/scopes/production-p0-mailbox-protected-input-classifier-3785.json,STANDARD,52,52,0,0,0,0,0,SURVIVING
docs/platform-v7/autopilot/scopes/production-p0-owner-login-denial-diagnostic-3785.json,STANDARD,60,60,0,0,0,0,0,SURVIVING
docs/platform-v7/autopilot/scopes/production-p0-password-reset-diagnostic-3785.json,STANDARD,43,43,0,0,0,0,0,SURVIVING
docs/platform-v7/autopilot/scopes/production-p0-password-reset-runtime-provision-3785.json,STANDARD,48,48,0,0,0,0,0,SURVIVING
docs/platform-v7/autopilot/scopes/production-p0-registration-decision-replay-notification-3750.json,STANDARD,28,28,0,0,0,0,0,SURVIVING
docs/platform-v7/autopilot/scopes/production-p0-registration-lifecycle-receipt-3750.json,STANDARD,41,41,0,0,0,0,0,SURVIVING
docs/platform-v7/autopilot/scopes/production-p0-regru-live-container-mail-recover-3785.json,STANDARD,39,39,0,0,0,0,0,SURVIVING
docs/platform-v7/autopilot/scopes/production-p0-regru-live-resend-recover-3785.json,STANDARD,42,42,0,0,0,0,0,SURVIVING
docs/platform-v7/autopilot/scopes/production-p0-regru-mailbox-smtp-bridge-3785.json,STANDARD,42,42,0,0,0,0,0,SURVIVING
docs/platform-v7/autopilot/scopes/production-p0-regru-smtp-credential-crosscheck-3785.json,STANDARD,37,37,0,0,0,0,0,SURVIVING
docs/platform-v7/autopilot/scopes/production-p0-regru-smtp-runtime-recover-3785.json,STANDARD,39,39,0,0,0,0,0,SURVIVING
docs/platform-v7/autopilot/scopes/production-p0-reuse-active-runtime-v2-3785.json,STANDARD,40,40,0,0,0,0,0,SURVIVING
docs/platform-v7/autopilot/scopes/production-p0-reuse-existing-auth-runtime-3785.json,STANDARD,36,36,0,0,0,0,0,SURVIVING
docs/platform-v7/autopilot/scopes/production-p0-reviewer-auth-mail-runtime-wiring-31901032491-3785.json,STANDARD,46,46,0,0,0,0,0,SURVIVING
docs/platform-v7/autopilot/scopes/production-p0-reviewer-membership-repair-3799.json,STANDARD,40,40,0,0,0,0,0,SURVIVING
docs/platform-v7/autopilot/scopes/production-p0-reviewer-password-reset-request-deployed-3785.json,STANDARD,48,48,0,0,0,0,0,SURVIVING
docs/platform-v7/autopilot/scopes/production-p0-reviewer-password-reset-request-deployed-50990d-3785.json,STANDARD,59,59,0,0,0,0,0,SURVIVING
docs/platform-v7/autopilot/scopes/production-p0-reviewer-preflight-authority-3770.json,STANDARD,47,47,0,0,0,0,0,SURVIVING
docs/platform-v7/autopilot/scopes/production-p0-reviewer-repair-diagnose-3802.json,STANDARD,43,43,0,0,0,0,0,SURVIVING
docs/platform-v7/autopilot/scopes/production-p0-reviewer-reset-api-failure-31901032491-3785.json,STANDARD,50,50,0,0,0,0,0,SURVIVING
docs/platform-v7/autopilot/scopes/production-p0-reviewer-reset-attempt-31781887205-3785.json,STANDARD,56,56,0,0,0,0,0,SURVIVING
docs/platform-v7/autopilot/scopes/production-p0-reviewer-reset-attempt-31819549601-3785.json,STANDARD,55,55,0,0,0,0,0,SURVIVING
docs/platform-v7/autopilot/scopes/production-p0-reviewer-reset-attempt-31821893070-3785.json,STANDARD,55,55,0,0,0,0,0,SURVIVING
docs/platform-v7/autopilot/scopes/production-p0-reviewer-reset-attempt-31896239515-3785.json,STANDARD,55,55,0,0,0,0,0,SURVIVING
docs/platform-v7/autopilot/scopes/production-p0-reviewer-reset-attempt-31899275062-3785.json,STANDARD,55,55,0,0,0,0,0,SURVIVING
docs/platform-v7/autopilot/scopes/production-p0-reviewer-reset-attempt-31899466474-3785.json,STANDARD,55,55,0,0,0,0,0,SURVIVING
docs/platform-v7/autopilot/scopes/production-p0-reviewer-reset-attempt-31899902138-3785.json,STANDARD,55,55,0,0,0,0,0,SURVIVING
docs/platform-v7/autopilot/scopes/production-p0-reviewer-reset-attempt-31901032491-3785.json,STANDARD,55,55,0,0,0,0,0,SURVIVING
docs/platform-v7/autopilot/scopes/production-p0-reviewer-reset-attempt-31914566925-3785.json,STANDARD,55,55,0,0,0,0,0,SURVIVING
docs/platform-v7/autopilot/scopes/production-p0-reviewer-reset-attempt-31917500605-3785.json,STANDARD,48,48,0,0,0,0,0,SURVIVING
docs/platform-v7/autopilot/scopes/production-p0-reviewer-reset-attempt-31920384152-3785.json,STANDARD,48,48,0,0,0,0,0,SURVIVING
docs/platform-v7/autopilot/scopes/production-p0-reviewer-reset-attempt-classifier-3785.json,STANDARD,63,63,0,0,0,0,0,SURVIVING
docs/platform-v7/autopilot/scopes/production-p0-reviewer-reset-auth-durable-3785.json,STANDARD,41,41,0,0,0,0,0,SURVIVING
docs/platform-v7/autopilot/scopes/production-p0-reviewer-reset-db-stage-classifier-3785.json,STANDARD,35,35,0,0,0,0,0,SURVIVING
docs/platform-v7/autopilot/scopes/production-p0-reviewer-reset-delivery-diagnostic-3785.json,STANDARD,52,52,0,0,0,0,0,SURVIVING
docs/platform-v7/autopilot/scopes/production-p0-reviewer-reset-enqueue-db-state-3785.json,STANDARD,52,52,0,0,0,0,0,SURVIVING
docs/platform-v7/autopilot/scopes/production-p0-reviewer-reset-fixed-deployed-3785.json,STANDARD,46,46,0,0,0,0,0,SURVIVING
docs/platform-v7/autopilot/scopes/production-p0-reviewer-reset-http-diagnostic-3785.json,STANDARD,36,36,0,0,0,0,0,SURVIVING
docs/platform-v7/autopilot/scopes/production-p0-reviewer-reset-incident-diagnostic-3785.json,STANDARD,50,50,0,0,0,0,0,SURVIVING
docs/platform-v7/autopilot/scopes/production-p0-reviewer-reset-no-outbox-classifier-3785.json,STANDARD,55,55,0,0,0,0,0,SURVIVING
docs/platform-v7/autopilot/scopes/production-p0-reviewer-reset-runtime-preflight-31901032491-3785.json,STANDARD,47,47,0,0,0,0,0,SURVIVING
docs/platform-v7/autopilot/scopes/production-p0-reviewer-reset-stack-classifier-31901032491-3785.json,STANDARD,46,46,0,0,0,0,0,SURVIVING
docs/platform-v7/autopilot/scopes/production-p0-reviewer-reset-stack-classifier-31974946435-3785.json,STANDARD,55,55,0,0,0,0,0,SURVIVING
docs/platform-v7/autopilot/scopes/production-p0-reviewer-reset-subject-diagnostic-3785.json,STANDARD,34,34,0,0,0,0,0,SURVIVING
docs/platform-v7/autopilot/scopes/production-p0-reviewer-smtp-451-detail-4136.json,STANDARD,50,50,0,0,0,0,0,SURVIVING
docs/platform-v7/autopilot/scopes/production-p0-reviewer-smtp-stage-probe-4136.json,STANDARD,53,53,0,0,0,0,0,SURVIVING
docs/platform-v7/autopilot/scopes/production-p0-staff-decision-idempotency-3750.json,STANDARD,27,27,0,0,0,0,0,SURVIVING
docs/platform-v7/autopilot/scopes/production-p0-staff-decision-session-3750.json,STANDARD,26,26,0,0,0,0,0,SURVIVING
docs/platform-v7/autopilot/scopes/production-p0-web-container-smtp-auth-diagnostic-3785.json,STANDARD,52,52,0,0,0,0,0,SURVIVING
docs/platform-v7/autopilot/scopes/production-p0-web-container-smtp-delivery-proof-3785.json,STANDARD,55,55,0,0,0,0,0,SURVIVING
docs/platform-v7/autopilot/scopes/production-recovery-artifact-3746.json,STANDARD,16,16,0,0,0,0,0,SURVIVING
docs/platform-v7/autopilot/scopes/production-release-owner-bridge-3731.json,STANDARD,18,18,0,0,0,0,0,SURVIVING
docs/platform-v7/autopilot/scopes/production-release-workflow-call-3740.json,STANDARD,17,17,0,0,0,0,0,SURVIVING
docs/platform-v7/autopilot/scopes/production-staff-database-nul-3739.json,STANDARD,24,24,0,0,0,0,0,SURVIVING
docs/platform-v7/autopilot/scopes/production-staff-database-provision-3734.json,STANDARD,26,26,0,0,0,0,0,SURVIVING
docs/platform-v7/autopilot/scopes/production-staff-database-url-syntax-3735.json,STANDARD,24,24,0,0,0,0,0,SURVIVING
docs/platform-v7/autopilot/scopes/production-static-readiness-4341.json,STANDARD,48,48,0,0,0,0,0,SURVIVING
docs/platform-v7/autopilot/scopes/production-web-live-acceptance-node-free-20260828.json,STANDARD,15,15,0,0,0,0,0,SURVIVING
docs/platform-v7/autopilot/scopes/production-web-owner-call-provenance-20260811.json,STANDARD,31,31,0,0,0,0,0,SURVIVING
docs/platform-v7/autopilot/scopes/production-web-owner-command-evidence-20260808.json,STANDARD,27,27,0,0,0,0,0,SURVIVING
docs/platform-v7/autopilot/scopes/production-web-owner-exact-command-20260808.json,STANDARD,33,33,0,0,0,0,0,SURVIVING
docs/platform-v7/autopilot/scopes/production-web-rollback-wait-stream-diagnostics-3048.json,STANDARD,49,49,0,0,0,0,0,SURVIVING
docs/platform-v7/autopilot/scopes/production-web-single-dispatch-authority-2026-07-25.json,STANDARD,27,27,0,0,0,0,0,SURVIVING
docs/platform-v7/autopilot/scopes/production-web-ssh-keepalive-2198.json,STANDARD,31,31,0,0,0,0,0,SURVIVING
docs/platform-v7/autopilot/scopes/provider-independent-review-20260918.json,STANDARD,45,45,0,0,0,0,0,SURVIVING
docs/platform-v7/autopilot/scopes/public-ai-window-clean-ui-3368.json,STANDARD,35,35,0,0,0,0,0,SURVIVING
docs/platform-v7/autopilot/scopes/public-analytics-boundary-4578.json,STANDARD,41,41,0,0,0,0,0,SURVIVING
docs/platform-v7/autopilot/scopes/public-assistant-attachments-public-route-3595.json,STANDARD,27,27,0,0,0,0,0,SURVIVING
docs/platform-v7/autopilot/scopes/public-assistant-document-upload-20260801.json,STANDARD,52,52,0,0,0,0,0,SURVIVING
docs/platform-v7/autopilot/scopes/public-brand-domain-authority.json,STANDARD,23,23,0,0,0,0,0,SURVIVING
docs/platform-v7/autopilot/scopes/public-deal-journey-10of10-20260808.json,STANDARD,44,44,0,0,0,0,0,SURVIVING
docs/platform-v7/autopilot/scopes/public-exact-readiness-authority.json,STANDARD,30,30,0,0,0,0,0,SURVIVING
docs/platform-v7/autopilot/scopes/public-home-mobile-logo-visible-20260911.json,STANDARD,47,47,0,0,0,0,0,SURVIVING
docs/platform-v7/autopilot/scopes/public-home-role-clarity-20260905.json,STANDARD,62,62,0,0,0,0,0,SURVIVING
docs/platform-v7/autopilot/scopes/public-presentation-download-4695.json,STANDARD,36,36,0,0,0,0,0,SURVIVING
docs/platform-v7/autopilot/scopes/public-presentation-gekta-product-20260828.json,STANDARD,46,46,0,0,0,0,0,SURVIVING
docs/platform-v7/autopilot/scopes/public-presentation-real-pdf-20260827.json,STANDARD,15,15,0,0,0,0,0,SURVIVING
docs/platform-v7/autopilot/scopes/public-presentation-visible-cta-20260828.json,STANDARD,24,24,0,0,0,0,0,SURVIVING
docs/platform-v7/autopilot/scopes/public-registration-final-copy-4916.json,STANDARD,58,58,0,0,0,0,0,SURVIVING
docs/platform-v7/autopilot/scopes/public-source-digest-false-positive-5111.json,STANDARD,38,38,0,0,0,0,0,SURVIVING
docs/platform-v7/autopilot/scopes/public-ux-phase3-linked-surfaces-5111.json,STANDARD,136,136,0,0,0,0,0,SURVIVING
docs/platform-v7/autopilot/scopes/public-ux-phase5-role-actions-5111.json,STANDARD,56,56,0,0,0,0,0,SURVIVING
docs/platform-v7/autopilot/scopes/pv7-personal-executive-dashboard-20260908.json,STANDARD,17,17,0,0,0,0,0,SURVIVING
docs/platform-v7/autopilot/scopes/qwen-bounded-context-v2-20260909.json,STANDARD,23,23,0,0,0,0,0,SURVIVING
docs/platform-v7/autopilot/scopes/qwen-recovery-exact-image-chain-3372.json,STANDARD,56,56,0,0,0,0,0,SURVIVING
docs/platform-v7/autopilot/scopes/qwen-recovery-ui-acceptance-3372.json,STANDARD,56,56,0,0,0,0,0,SURVIVING
docs/platform-v7/autopilot/scopes/qwen-recovery-unprivileged-activation-3372.json,STANDARD,57,57,0,0,0,0,0,SURVIVING
docs/platform-v7/autopilot/scopes/qwen-root-key-repair-3372-6.json,STANDARD,43,43,0,0,0,0,0,SURVIVING
docs/platform-v7/autopilot/scopes/readiness-database-deadline-4829.json,STANDARD,34,34,0,0,0,0,0,SURVIVING
docs/platform-v7/autopilot/scopes/readiness-native-provenance-20260918.json,STANDARD,20,20,0,0,0,0,0,SURVIVING
docs/platform-v7/autopilot/scopes/refresh-cryptographic-inventory-4628.json,STANDARD,26,26,0,0,0,0,0,SURVIVING
docs/platform-v7/autopilot/scopes/registration-cookie-api-boundary-3733.json,STANDARD,17,17,0,0,0,0,0,SURVIVING
docs/platform-v7/autopilot/scopes/registration-email-delivery-fail-closed-3721.json,STANDARD,15,15,0,0,0,0,0,SURVIVING
docs/platform-v7/autopilot/scopes/registration-idempotency-csprng-4945.json,STANDARD,28,28,0,0,0,0,0,SURVIVING
docs/platform-v7/autopilot/scopes/registration-official-ux-4915.json,STANDARD,39,39,0,0,0,0,0,SURVIVING
docs/platform-v7/autopilot/scopes/registration-presentation-cookie-3730.json,STANDARD,15,15,0,0,0,0,0,SURVIVING
docs/platform-v7/autopilot/scopes/release-public-ai-exact-main-20260730.json,STANDARD,26,26,0,0,0,0,0,SURVIVING
docs/platform-v7/autopilot/scopes/release-public-ai-qwen-3372.json,STANDARD,49,49,0,0,0,0,0,SURVIVING
docs/platform-v7/autopilot/scopes/remove-dead-mfa-guard-bypass-4638.json,STANDARD,33,33,0,0,0,0,0,SURVIVING
docs/platform-v7/autopilot/scopes/remove-decorative-mfa-4687.json,STANDARD,39,39,0,0,0,0,0,SURVIVING
docs/platform-v7/autopilot/scopes/remove-expired-cve-14456-exceptions-20260826.json,STANDARD,13,13,0,0,0,0,0,SURVIVING
docs/platform-v7/autopilot/scopes/remove-public-maturity-now.json,STANDARD,17,17,0,0,0,0,0,SURVIVING
docs/platform-v7/autopilot/scopes/remove-public-trust-integration-block.json,STANDARD,16,16,0,0,0,0,0,SURVIVING
docs/platform-v7/autopilot/scopes/remove-sber-session-mint-4690.json,STANDARD,35,35,0,0,0,0,0,SURVIVING
docs/platform-v7/autopilot/scopes/request-validation-ratchet-2-2-1.json,STANDARD,41,41,0,0,0,0,0,SURVIVING
docs/platform-v7/autopilot/scopes/restore-global-contact-dock-2810.json,STANDARD,40,40,0,0,0,0,0,SURVIVING
docs/platform-v7/autopilot/scopes/retry-public-ai-qwen-3372-2.json,STANDARD,48,48,0,0,0,0,0,SURVIVING
docs/platform-v7/autopilot/scopes/review-gate-20260905.json,STANDARD,42,42,0,0,0,0,0,SURVIVING
docs/platform-v7/autopilot/scopes/review-gate-authoritative-run-fix-20260917.json,STANDARD,89,89,0,0,0,0,0,SURVIVING
docs/platform-v7/autopilot/scopes/review-gate-authoritative-workflow-run-20260917.json,STANDARD,1,1,0,0,0,0,0,SURVIVING
docs/platform-v7/autopilot/scopes/review-gate-scope-governance-20260905.json,STANDARD,21,21,0,0,0,0,0,SURVIVING
docs/platform-v7/autopilot/scopes/rls-blanket-policy-closure-4814.json,STANDARD,33,33,0,0,0,0,0,SURVIVING
docs/platform-v7/autopilot/scopes/role-eligibility-authoritative-corpus-4922.json,STANDARD,33,33,0,0,0,0,0,SURVIVING
docs/platform-v7/autopilot/scopes/role-eligibility-fns-egrul-authority-5016.json,STANDARD,32,32,0,0,0,0,0,SURVIVING
docs/platform-v7/autopilot/scopes/role-eligibility-fns-egrul-composition-5016.json,STANDARD,25,25,0,0,0,0,0,SURVIVING
docs/platform-v7/autopilot/scopes/role-eligibility-fns-egrul-file-import-5016.json,STANDARD,18,18,0,0,0,0,0,SURVIVING
docs/platform-v7/autopilot/scopes/role-eligibility-fns-egrul-legal-status-5069.json,STANDARD,25,25,0,0,0,0,0,SURVIVING
docs/platform-v7/autopilot/scopes/role-eligibility-fns-registry-coverage-authority-5064.json,STANDARD,35,35,0,0,0,0,0,SURVIVING
docs/platform-v7/autopilot/scopes/role-eligibility-shadow-4913.json,STANDARD,20,20,0,0,0,0,0,SURVIVING
docs/platform-v7/autopilot/scopes/route-body-bounds-4853.json,STANDARD,36,36,0,0,0,0,0,SURVIVING
docs/platform-v7/autopilot/scopes/saga-persist-silent-failure-4887.json,STANDARD,30,30,0,0,0,0,0,SURVIVING
docs/platform-v7/autopilot/scopes/sbom-coverage-100-4528.json,STANDARD,39,0,39,0,0,0,0,NONE_SURVIVING
docs/platform-v7/autopilot/scopes/sbom-scan-watches-workflows-4877.json,STANDARD,28,28,0,0,0,0,0,SURVIVING
docs/platform-v7/autopilot/scopes/sec-action-pinning-ratchet-4521.json,STANDARD,37,0,37,0,0,0,0,NONE_SURVIVING
docs/platform-v7/autopilot/scopes/sec-asvs5-evidence-matrix-4525.json,STANDARD,34,34,0,0,0,0,0,SURVIVING
docs/platform-v7/autopilot/scopes/sec-secret-history-register-4523.json,STANDARD,36,0,36,0,0,0,0,NONE_SURVIVING
docs/platform-v7/autopilot/scopes/sec-security-policy-threat-model-4517.json,STANDARD,32,0,32,0,0,0,0,NONE_SURVIVING
docs/platform-v7/autopilot/scopes/security-evidence-rollup-pagination-3280.json,STANDARD,23,23,0,0,0,0,0,SURVIVING
docs/platform-v7/autopilot/scopes/session-idle-timeout-4795.json,STANDARD,43,43,0,0,0,0,0,SURVIVING
docs/platform-v7/autopilot/scopes/session-idle-timeout-4797.json,STANDARD,34,34,0,0,0,0,0,SURVIVING
docs/platform-v7/autopilot/scopes/settlement-money-csrf-3-5-1.json,STANDARD,36,36,0,0,0,0,0,SURVIVING
docs/platform-v7/autopilot/scopes/ssrf-outbound-guard-136.json,STANDARD,42,42,0,0,0,0,0,SURVIVING
docs/platform-v7/autopilot/scopes/static-presentation-buildtime-download-20260830.json,STANDARD,55,55,0,0,0,0,0,SURVIVING
docs/platform-v7/autopilot/scopes/static-presentation-download-20260828.json,STANDARD,73,73,0,0,0,0,0,SURVIVING
docs/platform-v7/autopilot/scopes/support-body-validation.json,STANDARD,41,41,0,0,0,0,0,SURVIVING
docs/platform-v7/autopilot/scopes/tai-activation-neutral-gate-20260803.json,STANDARD,23,23,0,0,0,0,0,SURVIVING
docs/platform-v7/autopilot/scopes/tai-agro-first-fail-open-20260803.json,STANDARD,39,39,0,0,0,0,0,SURVIVING
docs/platform-v7/autopilot/scopes/tai-agro-os-v4-foundation-20260731.json,STANDARD,41,41,0,0,0,0,0,SURVIVING
docs/platform-v7/autopilot/scopes/tai-agro-os-v4-stage1-always-on-core-20260731.json,STANDARD,39,39,0,0,0,0,0,SURVIVING
docs/platform-v7/autopilot/scopes/tai-agro-os-v4-stage1-model-auth-20260731.json,STANDARD,59,59,0,0,0,0,0,SURVIVING
docs/platform-v7/autopilot/scopes/tai-agro-os-v4-stage1-reg-ru-deploy-20260731.json,STANDARD,71,71,0,0,0,0,0,SURVIVING
docs/platform-v7/autopilot/scopes/tai-agro-os-v4-stage1-reg-ru-preflight-20260731.json,STANDARD,44,44,0,0,0,0,0,SURVIVING
docs/platform-v7/autopilot/scopes/tai-agro-os-v4-stage1-runtime-image-20260731.json,STANDARD,51,51,0,0,0,0,0,SURVIVING
docs/platform-v7/autopilot/scopes/tai-agro-wide-semantic-groups-20260805.json,STANDARD,27,27,0,0,0,0,0,SURVIVING
docs/platform-v7/autopilot/scopes/tai-ap-13c1g-public-role-qwen-3365.json,STANDARD,31,31,0,0,0,0,0,SURVIVING
docs/platform-v7/autopilot/scopes/tai-ap-14c-2788.json,STANDARD,37,37,0,0,0,0,0,SURVIVING
docs/platform-v7/autopilot/scopes/tai-ap-14d-2789.json,STANDARD,78,78,0,0,0,0,0,SURVIVING
docs/platform-v7/autopilot/scopes/tai-ap-14f0-3339.json,STANDARD,41,41,0,0,0,0,0,SURVIVING
docs/platform-v7/autopilot/scopes/tai-ap-14f1a-3345.json,STANDARD,42,42,0,0,0,0,0,SURVIVING
docs/platform-v7/autopilot/scopes/tai-ap-14f1b-3355.json,STANDARD,39,39,0,0,0,0,0,SURVIVING
docs/platform-v7/autopilot/scopes/tai-ap-14f1b2-3362.json,STANDARD,47,47,0,0,0,0,0,SURVIVING
docs/platform-v7/autopilot/scopes/tai-ap-14f1c-3360.json,STANDARD,60,60,0,0,0,0,0,SURVIVING
docs/platform-v7/autopilot/scopes/tai-ap-14f1d-3374.json,STANDARD,62,62,0,0,0,0,0,SURVIVING
docs/platform-v7/autopilot/scopes/tai-automatic-exact-release-chain-20260806.json,STANDARD,32,32,0,0,0,0,0,SURVIVING
docs/platform-v7/autopilot/scopes/tai-bootstrap-authority-stdin-20260802.json,STANDARD,53,53,0,0,0,0,0,SURVIVING
docs/platform-v7/autopilot/scopes/tai-bootstrap-canonical-images-20260806.json,STANDARD,22,22,0,0,0,0,0,SURVIVING
docs/platform-v7/autopilot/scopes/tai-bootstrap-preflight-authority-20260802.json,STANDARD,32,32,0,0,0,0,0,SURVIVING
docs/platform-v7/autopilot/scopes/tai-controller-canonical-trigger-20260801.json,STANDARD,49,49,0,0,0,0,0,SURVIVING
docs/platform-v7/autopilot/scopes/tai-controller-sync-canonical-images-20260803.json,STANDARD,21,21,0,0,0,0,0,SURVIVING
docs/platform-v7/autopilot/scopes/tai-crop-yield-semantic-validator-20260805.json,STANDARD,24,24,0,0,0,0,0,SURVIVING
docs/platform-v7/autopilot/scopes/tai-deploy-failure-evidence-20260801.json,STANDARD,39,39,0,0,0,0,0,SURVIVING
docs/platform-v7/autopilot/scopes/tai-deploy-internal-stage-evidence-20260802.json,STANDARD,48,48,0,0,0,0,0,SURVIVING
docs/platform-v7/autopilot/scopes/tai-deploy-premutation-evidence-20260802.json,STANDARD,43,43,0,0,0,0,0,SURVIVING
docs/platform-v7/autopilot/scopes/tai-exact-controller-sync-20260803.json,STANDARD,39,39,0,0,0,0,0,SURVIVING
docs/platform-v7/autopilot/scopes/tai-exact-main-ruff-20260808.json,STANDARD,29,29,0,0,0,0,0,SURVIVING
docs/platform-v7/autopilot/scopes/tai-finalization-main-drift-recovery-2-20260811.json,STANDARD,36,36,0,0,0,0,0,SURVIVING
docs/platform-v7/autopilot/scopes/tai-finalization-main-drift-recovery-20260811.json,STANDARD,42,42,0,0,0,0,0,SURVIVING
docs/platform-v7/autopilot/scopes/tai-general-agro-completeness-20260803.json,STANDARD,31,22,0,0,9,0,0,SURVIVING
docs/platform-v7/autopilot/scopes/tai-host-sql-stream-20260802.json,STANDARD,46,46,0,0,0,0,0,SURVIVING
docs/platform-v7/autopilot/scopes/tai-incomplete-deployment-recovery-20260807.json,STANDARD,26,26,0,0,0,0,0,SURVIVING
docs/platform-v7/autopilot/scopes/tai-local-model-key-authority-20260801.json,STANDARD,56,56,0,0,0,0,0,SURVIVING
docs/platform-v7/autopilot/scopes/tai-migration-full-manifest-contract-20260802.json,STANDARD,50,50,0,0,0,0,0,SURVIVING
docs/platform-v7/autopilot/scopes/tai-migration-plain-sql-production-v2-20260802.json,STANDARD,51,51,0,0,0,0,0,SURVIVING
docs/platform-v7/autopilot/scopes/tai-mobile-fullscreen-acceptance-20260801.json,STANDARD,32,32,0,0,0,0,0,SURVIVING
docs/platform-v7/autopilot/scopes/tai-model-token-repr-hardening-20260731.json,STANDARD,47,47,0,0,0,0,0,SURVIVING
docs/platform-v7/autopilot/scopes/tai-orphan-role-direct-grant-removal-20260803.json,STANDARD,35,35,0,0,0,0,0,SURVIVING
docs/platform-v7/autopilot/scopes/tai-orphan-runtime-role-repair-20260803.json,STANDARD,33,33,0,0,0,0,0,SURVIVING
docs/platform-v7/autopilot/scopes/tai-owner-activation-command-20260803.json,STANDARD,27,27,0,0,0,0,0,SURVIVING
docs/platform-v7/autopilot/scopes/tai-owner-activation-dispatch-bridge-20260803.json,STANDARD,24,24,0,0,0,0,0,SURVIVING
docs/platform-v7/autopilot/scopes/tai-owner-activation-status-authority-20260803.json,STANDARD,29,29,0,0,0,0,0,SURVIVING
docs/platform-v7/autopilot/scopes/tai-owner-canonical-images-command-20260806.json,STANDARD,27,27,0,0,0,0,0,SURVIVING
docs/platform-v7/autopilot/scopes/tai-owner-child-authority-20260802.json,STANDARD,24,24,0,0,0,0,0,SURVIVING
docs/platform-v7/autopilot/scopes/tai-owner-command-exact-release-20260802.json,STANDARD,22,22,0,0,0,0,0,SURVIVING
docs/platform-v7/autopilot/scopes/tai-owner-deployment-command-20260803.json,STANDARD,33,33,0,0,0,0,0,SURVIVING
docs/platform-v7/autopilot/scopes/tai-owner-deployment-controller-canonical-trigger-20260803.json,STANDARD,22,22,0,0,0,0,0,SURVIVING
docs/platform-v7/autopilot/scopes/tai-owner-preflight-workflow-id-20260802.json,STANDARD,23,23,0,0,0,0,0,SURVIVING
docs/platform-v7/autopilot/scopes/tai-p0-a1-streaming-context.json,STANDARD,100,16,84,0,0,0,0,SURVIVING
docs/platform-v7/autopilot/scopes/tai-p0-latency-conversation-continuity-20260808.json,STANDARD,49,49,0,0,0,0,0,SURVIVING
docs/platform-v7/autopilot/scopes/tai-plant-disease-prevention-completeness-20260805.json,STANDARD,26,26,0,0,0,0,0,SURVIVING
docs/platform-v7/autopilot/scopes/tai-post-full-stack-bootstrap-20260807.json,STANDARD,32,32,0,0,0,0,0,SURVIVING
docs/platform-v7/autopilot/scopes/tai-postgres-authority-20260801.json,STANDARD,48,48,0,0,0,0,0,SURVIVING
docs/platform-v7/autopilot/scopes/tai-potato-direct-route-activation-20260803.json,STANDARD,38,38,0,0,0,0,0,SURVIVING
docs/platform-v7/autopilot/scopes/tai-preflight-dispatched-image-authority-20260802.json,STANDARD,21,21,0,0,0,0,0,SURVIVING
docs/platform-v7/autopilot/scopes/tai-preflight-run-discovery-20260803.json,STANDARD,23,23,0,0,0,0,0,SURVIVING
docs/platform-v7/autopilot/scopes/tai-production-preflight-cli-20260731.json,STANDARD,48,48,0,0,0,0,0,SURVIVING
docs/platform-v7/autopilot/scopes/tai-public-non-tai-acl-repair-20260803.json,STANDARD,35,35,0,0,0,0,0,SURVIVING
docs/platform-v7/autopilot/scopes/tai-public-non-tai-acl-repair-v2-20260803.json,STANDARD,27,27,0,0,0,0,0,SURVIVING
docs/platform-v7/autopilot/scopes/tai-public-qwen-real-inference-20260801.json,STANDARD,56,46,0,0,10,0,0,SURVIVING
docs/platform-v7/autopilot/scopes/tai-qwen-warmup-readiness-20260805.json,STANDARD,22,22,0,0,0,0,0,SURVIVING
docs/platform-v7/autopilot/scopes/tai-reg-ru-bootstrap-repair-20260801.json,STANDARD,86,86,0,0,0,0,0,SURVIVING
docs/platform-v7/autopilot/scopes/tai-reg-ru-docker-headroom-3365.json,STANDARD,35,35,0,0,0,0,0,SURVIVING
docs/platform-v7/autopilot/scopes/tai-reg-ru-least-privilege-controller-20260731.json,STANDARD,81,81,0,0,0,0,0,SURVIVING
docs/platform-v7/autopilot/scopes/tai-reg-ru-local-runner-authority-v2-20260731.json,STANDARD,58,58,0,0,0,0,0,SURVIVING
docs/platform-v7/autopilot/scopes/tai-reg-ru-model-artifact-evidence-20260801.json,STANDARD,74,74,0,0,0,0,0,SURVIVING
docs/platform-v7/autopilot/scopes/tai-reg-ru-preflight-hardening-20260731.json,STANDARD,51,51,0,0,0,0,0,SURVIVING
docs/platform-v7/autopilot/scopes/tai-reg-ru-preflight-trigger-authority-20260731.json,STANDARD,52,52,0,0,0,0,0,SURVIVING
docs/platform-v7/autopilot/scopes/tai-reg-ru-release-chain-gate-20260801.json,STANDARD,65,65,0,0,0,0,0,SURVIVING
docs/platform-v7/autopilot/scopes/tai-reg-ru-runner-dependency-root-fix-20260731.json,STANDARD,51,51,0,0,0,0,0,SURVIVING
docs/platform-v7/autopilot/scopes/tai-release-authority-boundary.json,STANDARD,37,0,37,0,0,0,0,NONE_SURVIVING
docs/platform-v7/autopilot/scopes/tai-runner-evidence-traversal-20260801.json,STANDARD,53,53,0,0,0,0,0,SURVIVING
docs/platform-v7/autopilot/scopes/tai-runner-input-boundary-20260803.json,STANDARD,44,44,0,0,0,0,0,SURVIVING
docs/platform-v7/autopilot/scopes/tai-runner-resume-authority-20260731.json,STANDARD,55,55,0,0,0,0,0,SURVIVING
docs/platform-v7/autopilot/scopes/tai-runtime-role-grant-reconcile-20260803.json,STANDARD,23,23,0,0,0,0,0,SURVIVING
docs/platform-v7/autopilot/scopes/tai-self-contained-agro-routing-3824.json,STANDARD,27,27,0,0,0,0,0,SURVIVING
docs/platform-v7/autopilot/scopes/tai-semantic-factor-validator-20260804.json,STANDARD,23,23,0,0,0,0,0,SURVIVING
docs/platform-v7/autopilot/scopes/tai-state-root-second-writer.json,STANDARD,31,0,31,0,0,0,0,NONE_SURVIVING
docs/platform-v7/autopilot/scopes/tai-stream-endpoint-signing-path.json,STANDARD,30,0,30,0,0,0,0,NONE_SURVIVING
docs/platform-v7/autopilot/scopes/template-regex-injection-4835.json,STANDARD,39,39,0,0,0,0,0,SURVIVING
docs/platform-v7/autopilot/scopes/tenant-rls-uncovered-tables-4828.json,STANDARD,33,33,0,0,0,0,0,SURVIVING
docs/platform-v7/autopilot/scopes/token-purpose-binding-4785.json,STANDARD,42,42,0,0,0,0,0,SURVIVING
docs/platform-v7/autopilot/scopes/totp-replay-prevention-4682.json,STANDARD,41,41,0,0,0,0,0,SURVIVING
docs/platform-v7/autopilot/scopes/trigger-qwen-current-main-push-3372.json,STANDARD,28,28,0,0,0,0,0,SURVIVING
docs/platform-v7/autopilot/scopes/upload-body-bound-4848.json,STANDARD,37,37,0,0,0,0,0,SURVIVING
docs/platform-v7/autopilot/scopes/upload-content-type-validation-4671.json,STANDARD,39,39,0,0,0,0,0,SURVIVING
docs/platform-v7/autopilot/scopes/v16-2-5-evidence-repair-4661.json,STANDARD,27,27,0,0,0,0,0,SURVIVING
docs/platform-v7/autopilot/scopes/v831-condition-applied-chain-4847.json,STANDARD,27,27,0,0,0,0,0,SURVIVING
docs/platform-v7/autopilot/scopes/v831-stale-evidence-ref-4855.json,STANDARD,26,26,0,0,0,0,0,SURVIVING
docs/platform-v7/autopilot/scopes/versioned-password-hashing-4683.json,STANDARD,76,76,0,0,0,0,0,SURVIVING
docs/platform-v7/autopilot/scopes/web-unit-coverage-gate-4786.json,STANDARD,45,45,0,0,0,0,0,SURVIVING
docs/platform-v7/autopilot/scopes/webhook-url-protocol-1222.json,STANDARD,37,37,0,0,0,0,0,SURVIVING
docs/platform-v7/autopilot/security-exceptions.json,STANDARD,8,8,0,0,0,0,0,SURVIVING
docs/platform-v7/autopilot/security-exceptions.schema.json,STANDARD,43,43,0,0,0,0,0,SURVIVING
docs/platform-v7/autopilot/security-release-scope.json,STANDARD,43,43,0,0,0,0,0,SURVIVING
docs/platform-v7/autopilot/seller-pass-start-2026-06-23.md,STANDARD,18,18,0,0,0,0,0,SURVIVING
docs/platform-v7/autopilot/semgrep-security.yml,STANDARD,50,50,0,0,0,0,0,SURVIVING
docs/platform-v7/autopilot/stage-6-adapter-emulator-contracts.md,STANDARD,150,150,0,0,0,0,0,SURVIVING
docs/platform-v7/autopilot/stage-7-ai-gateway-contracts.md,STANDARD,77,77,0,0,0,0,0,SURVIVING
docs/platform-v7/autopilot/stop-marker-2026-06-23.md,STANDARD,3,3,0,0,0,0,0,SURVIVING
docs/platform-v7/autopilot/tai-ap-14c/README.md,STANDARD,97,97,0,0,0,0,0,SURVIVING
docs/platform-v7/autopilot/tai-ap-14c/baseline-assessment.v1.json,STANDARD,67,67,0,0,0,0,0,SURVIVING
docs/platform-v7/autopilot/tai-ap-14c/expert-reviews.v1.json,STANDARD,529,529,0,0,0,0,0,SURVIVING
docs/platform-v7/autopilot/tai-ap-14c/gold-set-authority.mjs,STANDARD,625,625,0,0,0,0,0,SURVIVING
docs/platform-v7/autopilot/tai-ap-14c/gold-set-authority.test.mjs,STANDARD,211,211,0,0,0,0,0,SURVIVING
docs/platform-v7/autopilot/tai-ap-14c/gold-set-source.v1.json,STANDARD,1,1,0,0,0,0,0,SURVIVING
docs/platform-v7/autopilot/tai-ap-14c/record-expert-review.mjs,STANDARD,169,169,0,0,0,0,0,SURVIVING
docs/platform-v7/autopilot/templates/public-intake-evidence-authority.sql,STANDARD,79,79,0,0,0,0,0,SURVIVING
docs/platform-v7/autopilot/terminal-note-2026-06-23.md,STANDARD,3,3,0,0,0,0,0,SURVIVING
docs/platform-v7/autopilot/verify-pr-review-gate.mjs,STANDARD,674,674,0,0,0,0,0,SURVIVING
docs/platform-v7/autopilot/verify-pr-review-gate.test.mjs,STANDARD,738,738,0,0,0,0,0,SURVIVING
docs/platform-v7/autopilot/vp-1-visible-entry-scope.md,STANDARD,13,13,0,0,0,0,0,SURVIVING
docs/platform-v7/autopilot/vp-3-runtime-entry-cockpit-scope.md,STANDARD,19,19,0,0,0,0,0,SURVIVING
docs/platform-v7/crop-platform/ADR-001-commodity-profile-and-deal-state.md,STANDARD,111,111,0,0,0,0,0,SURVIVING
docs/platform-v7/crop-platform/README.md,STANDARD,48,48,0,0,0,0,0,SURVIVING
docs/platform-v7/crop-platform/UX-CONTRACT.md,STANDARD,158,158,0,0,0,0,0,SURVIVING
docs/platform-v7/crop-platform/agricultural-government-systems.authority-bindings.schema.v1.json,STANDARD,238,238,0,0,0,0,0,SURVIVING
docs/platform-v7/crop-platform/agricultural-government-systems.authority-bindings.v1.json,STANDARD,391,391,0,0,0,0,0,SURVIVING
docs/platform-v7/crop-platform/agricultural-government-systems.final-truth.schema.v1.json,STANDARD,273,273,0,0,0,0,0,SURVIVING
docs/platform-v7/crop-platform/agricultural-government-systems.final-truth.v1.json,STANDARD,93,93,0,0,0,0,0,SURVIVING
docs/platform-v7/crop-platform/agricultural-government-systems.readiness.v1.json,STANDARD,64,64,0,0,0,0,0,SURVIVING
docs/platform-v7/crop-platform/agricultural-government-systems.readiness.v2.json,STANDARD,67,67,0,0,0,0,0,SURVIVING
docs/platform-v7/crop-platform/agricultural-government-systems.registry.schema.v1.json,STANDARD,593,593,0,0,0,0,0,SURVIVING
docs/platform-v7/crop-platform/agricultural-government-systems.registry.v1.json,STANDARD,2334,2334,0,0,0,0,0,SURVIVING
docs/platform-v7/crop-platform/fgis-grain-api-1.0.23.ack-policy.lock.json,STANDARD,46,46,0,0,0,0,0,SURVIVING
docs/platform-v7/crop-platform/fgis-grain-api-1.0.23.operation-catalog.json,STANDARD,1,1,0,0,0,0,0,SURVIVING
docs/platform-v7/crop-platform/fgis-grain-api-1.0.23.operation-catalog.lock.json,STANDARD,1,1,0,0,0,0,0,SURVIVING
docs/platform-v7/crop-platform/fgis-grain-api-1.0.23.signing-policy.json,STANDARD,125,125,0,0,0,0,0,SURVIVING
docs/platform-v7/crop-platform/fgis-grain-api-1.0.23.signing-policy.lock.json,STANDARD,22,22,0,0,0,0,0,SURVIVING
docs/platform-v7/crop-platform/fgis-grain-api-1.0.23.source-lock.json,STANDARD,27,27,0,0,0,0,0,SURVIVING
docs/platform-v7/crop-platform/gap-map.v1.json,STANDARD,165,165,0,0,0,0,0,SURVIVING
docs/platform-v7/crop-platform/implementation-plan.v1.json,STANDARD,366,366,0,0,0,0,0,SURVIVING
docs/platform-v7/crop-platform/p0-first-customer-access-gap-audit.md,STANDARD,220,46,174,0,0,0,0,SURVIVING
docs/platform-v7/crop-platform/p0.2-1a-legacy-fgis-quarantine.md,STANDARD,184,0,184,0,0,0,0,NONE_SURVIVING
docs/platform-v7/crop-platform/p0.2-fgis-first-confirmed-lot-audit.md,STANDARD,234,229,5,0,0,0,0,SURVIVING
docs/platform-v7/crop-platform/p0.2-fgis-first-confirmed-lot-inventory.v1.json,STANDARD,830,805,25,0,0,0,0,SURVIVING
docs/platform-v7/crop-platform/pc-crop-acceptance.schema.json,STANDARD,169,169,0,0,0,0,0,SURVIVING
docs/platform-v7/crop-platform/post-registration/README.md,STANDARD,287,287,0,0,0,0,0,SURVIVING
docs/platform-v7/crop-platform/post-registration/dod-baseline.v1.json,STANDARD,153,153,0,0,0,0,0,SURVIVING
docs/platform-v7/crop-platform/post-registration/exact-gap-map.v1.json,STANDARD,707,707,0,0,0,0,0,SURVIVING
docs/platform-v7/crop-platform/post-registration/execution-state.v1.json,STANDARD,801,801,0,0,0,0,0,SURVIVING
docs/platform-v7/crop-platform/post-registration/verify-w0.mjs,STANDARD,464,464,0,0,0,0,0,SURVIVING
docs/platform-v7/crop-platform/post-registration/verify-w0.test.mjs,STANDARD,377,377,0,0,0,0,0,SURVIVING
docs/platform-v7/crop-platform/post-registration/w2-a-inventory-reservation-plan.v1.json,STANDARD,112,112,0,0,0,0,0,SURVIVING
docs/platform-v7/crop-platform/requirements.v1.json,STANDARD,255,255,0,0,0,0,0,SURVIVING
docs/platform-v7/crop-platform/source-registry.v1.json,STANDARD,88,88,0,0,0,0,0,SURVIVING
docs/platform-v7/crop-platform/ux-screen-map.v1.json,STANDARD,144,144,0,0,0,0,0,SURVIVING
docs/platform-v7/dd/01-TECHNICAL_DD.md,STANDARD,67,67,0,0,0,0,0,SURVIVING
docs/platform-v7/dd/02-CYBERSECURITY_DD.md,STANDARD,55,55,0,0,0,0,0,SURVIVING
docs/platform-v7/dd/03-IP_AUDIT.md,STANDARD,54,54,0,0,0,0,0,SURVIVING
docs/platform-v7/dd/04-OSS_LICENSE_AUDIT.md,STANDARD,56,56,0,0,0,0,0,SURVIVING
docs/platform-v7/dd/05-SSO_IAM_READINESS.md,STANDARD,40,40,0,0,0,0,0,SURVIVING
docs/platform-v7/dd/06-AUDIT_TRAIL_REVIEW.md,STANDARD,46,46,0,0,0,0,0,SURVIVING
docs/platform-v7/dd/07-INTEGRATION_READINESS.md,STANDARD,47,47,0,0,0,0,0,SURVIVING
docs/platform-v7/dd/08-PRODUCT_DD.md,STANDARD,51,51,0,0,0,0,0,SURVIVING
docs/platform-v7/dd/09-COMMERCIAL_DD.md,STANDARD,43,43,0,0,0,0,0,SURVIVING
docs/platform-v7/dd/10-LEGAL_DD.md,STANDARD,54,54,0,0,0,0,0,SURVIVING
docs/platform-v7/dd/11-DATA_PROTECTION_152FZ.md,STANDARD,39,39,0,0,0,0,0,SURVIVING
docs/platform-v7/dd/12-PILOT_READINESS_REVIEW.md,STANDARD,42,42,0,0,0,0,0,SURVIVING
docs/platform-v7/dd/README.md,STANDARD,37,37,0,0,0,0,0,SURVIVING
docs/platform-v7/dd/REMEDIATION_BACKLOG.md,STANDARD,90,90,0,0,0,0,0,SURVIVING
docs/platform-v7/deploy-trigger-2026-07-01.md,STANDARD,7,7,0,0,0,0,0,SURVIVING
docs/platform-v7/design-system-v8-governance.md,STANDARD,239,239,0,0,0,0,0,SURVIVING
docs/platform-v7/dual-hosting-operating-rules.md,STANDARD,47,47,0,0,0,0,0,SURVIVING
docs/platform-v7/execution-queue.md,STANDARD,350,350,0,0,0,0,0,SURVIVING
docs/platform-v7/industrial-gap-register.md,STANDARD,248,248,0,0,0,0,0,SURVIVING
docs/platform-v7/industrial-plan-session-report-2026-07-12.md,STANDARD,188,188,0,0,0,0,0,SURVIVING
docs/platform-v7/integrations/adapter-contracts.md,STANDARD,43,43,0,0,0,0,0,SURVIVING
docs/platform-v7/integrations/developer-handoff-real-partner-integration.md,STANDARD,98,98,0,0,0,0,0,SURVIVING
docs/platform-v7/pilot/external-controlled-pilot-runbook-2026-06-17.md,STANDARD,282,282,0,0,0,0,0,SURVIVING
docs/platform-v7/pilot/founder-controlled-pilot-run-2026-06-17.md,STANDARD,177,177,0,0,0,0,0,SURVIVING
docs/platform-v7/production-database-deployment-runbook.md,STANDARD,199,199,0,0,0,0,0,SURVIVING
docs/platform-v7/production-like/pr-5-3-review-checklist.md,STANDARD,32,32,0,0,0,0,0,SURVIVING
docs/platform-v7/production-like/pr-5-4-review-checklist.md,STANDARD,33,33,0,0,0,0,0,SURVIVING
docs/platform-v7/production-like/stage-4-completion-note.md,STANDARD,50,50,0,0,0,0,0,SURVIVING
docs/platform-v7/production-like/stage-5-risk-register.md,STANDARD,28,28,0,0,0,0,0,SURVIVING
docs/platform-v7/production-like/stage-5-runtime-inventory.md,STANDARD,119,119,0,0,0,0,0,SURVIVING
docs/platform-v7/public-experience/2026-09-05-acceptance.md,STANDARD,175,175,0,0,0,0,0,SURVIVING
docs/platform-v7/public-start-screen-logic.md,STANDARD,14,14,0,0,0,0,0,SURVIVING
docs/platform-v7/qa/DESIGN_SYSTEM_V8_FINAL_ACCEPTANCE.md,STANDARD,108,108,0,0,0,0,0,SURVIVING
docs/platform-v7/qa/PRODUCTION_SURFACE_CHECKLIST.md,STANDARD,60,60,0,0,0,0,0,SURVIVING
docs/platform-v7/qa/ci-speed-baseline.md,STANDARD,56,56,0,0,0,0,0,SURVIVING
docs/platform-v7/qa/codeql-report-mode.md,STANDARD,64,64,0,0,0,0,0,SURVIVING
docs/platform-v7/qa/deal-identity-smoke.md,STANDARD,36,36,0,0,0,0,0,SURVIVING
docs/platform-v7/qa/final-master-tz-3-plus-readiness.md,STANDARD,78,78,0,0,0,0,0,SURVIVING
docs/platform-v7/qa/forbidden-copy-baseline.md,STANDARD,45,45,0,0,0,0,0,SURVIVING
docs/platform-v7/qa/i18n-rollout-status-2026-07-05.md,STANDARD,110,9,101,0,0,0,0,SURVIVING
docs/platform-v7/qa/m3-7-final-ux-visual-gate-route-qa.md,STANDARD,50,50,0,0,0,0,0,SURVIVING
docs/platform-v7/qa/mobile-field-qa.md,STANDARD,36,36,0,0,0,0,0,SURVIVING
docs/platform-v7/qa/mobile-overflow-smoke-baseline.md,STANDARD,34,34,0,0,0,0,0,SURVIVING
docs/platform-v7/qa/mobile-shell-regression-pass-2026-06-17.md,STANDARD,85,85,0,0,0,0,0,SURVIVING
docs/platform-v7/qa/pilot-deal-walkthrough-dl-9106.md,STANDARD,119,119,0,0,0,0,0,SURVIVING
docs/platform-v7/qa/playwright-smoke-baseline.md,STANDARD,51,51,0,0,0,0,0,SURVIVING
docs/platform-v7/qa/qodana-report-mode.md,STANDARD,60,60,0,0,0,0,0,SURVIVING
docs/platform-v7/qa/role-lock-shell-audit-2026-06-18.md,STANDARD,18,18,0,0,0,0,0,SURVIVING
docs/platform-v7/qa/route-smoke-hardening.md,STANDARD,26,26,0,0,0,0,0,SURVIVING
docs/platform-v7/qa/web-unit-coverage-registry.json,STANDARD,4483,4483,0,0,0,0,0,SURVIVING
docs/platform-v7/question-coverage/role-bank-question-coverage-matrix.md,STANDARD,85,85,0,0,0,0,0,SURVIVING
docs/platform-v7/releases/2026-07-31-comparison-cross-centering-pr.md,STANDARD,3,3,0,0,0,0,0,SURVIVING
docs/platform-v7/releases/2026-07-31-comparison-cross-centering-verified.md,STANDARD,3,3,0,0,0,0,0,SURVIVING
docs/platform-v7/releases/2026-07-31-comparison-cross-centering.md,STANDARD,3,3,0,0,0,0,0,SURVIVING
docs/platform-v7/roadmap/founder-execution-roadmap.md,STANDARD,85,85,0,0,0,0,0,SURVIVING
docs/platform-v7/role-eligibility/authoritative-corpus-readiness.md,STANDARD,16,16,0,0,0,0,0,SURVIVING
docs/platform-v7/runtime/compliance-fraud-runtime.md,STANDARD,42,42,0,0,0,0,0,SURVIVING
docs/platform-v7/runtime/document-runtime.md,STANDARD,36,36,0,0,0,0,0,SURVIVING
docs/platform-v7/runtime/evidence-dispute-runtime.md,STANDARD,38,38,0,0,0,0,0,SURVIVING
docs/platform-v7/runtime/money-runtime.md,STANDARD,42,42,0,0,0,0,0,SURVIVING
docs/platform-v7/runtime/runtime-architecture.md,STANDARD,49,49,0,0,0,0,0,SURVIVING
docs/platform-v7/security/staff-access-control-plane.md,STANDARD,59,59,0,0,0,0,0,SURVIVING
docs/platform-v7/security/staff-access-production-runbook.md,STANDARD,220,220,0,0,0,0,0,SURVIVING
docs/platform-v7/security/test-access-operations.md,STANDARD,20,20,0,0,0,0,0,SURVIVING
docs/platform-v7/ux/role-cabinet-action-standard-2026-07-07.md,STANDARD,34,34,0,0,0,0,0,SURVIVING
docs/platform-v7/ux/role-cabinet-action-surface-2026-07-07.md,STANDARD,15,15,0,0,0,0,0,SURVIVING
docs/platform-v7/vertical-rhythm-contract.md,STANDARD,36,36,0,0,0,0,0,SURVIVING
docs/platform-v7/world-class-visual-wow-baseline.md,STANDARD,514,514,0,0,0,0,0,SURVIVING
docs/prozrachnaya-cena-canonical-platform-task-v2.md,STANDARD,288,288,0,0,0,0,0,SURVIVING
docs/release-notes/evidence-export-readiness-stabilization.md,STANDARD,40,40,0,0,0,0,0,SURVIVING
docs/release-notes/export-readiness-states-stabilization.md,STANDARD,39,39,0,0,0,0,0,SURVIVING
docs/release-notes/export-state-links-stabilization.md,STANDARD,39,39,0,0,0,0,0,SURVIVING
docs/release-notes/missing-fallback-test-stabilization.md,STANDARD,38,38,0,0,0,0,0,SURVIVING
docs/release-notes/missing-filter-parsing-stabilization.md,STANDARD,39,39,0,0,0,0,0,SURVIVING
docs/release-notes/missing-type-deep-links-stabilization.md,STANDARD,38,38,0,0,0,0,0,SURVIVING
docs/release-notes/p0-04-role-continuity-stabilization.md,STANDARD,79,79,0,0,0,0,0,SURVIVING
docs/release-notes/p0-05-evidence-dispute-stabilization.md,STANDARD,88,88,0,0,0,0,0,SURVIVING
docs/release-notes/p0-06-deal-evidence-pack-preview-stabilization.md,STANDARD,60,60,0,0,0,0,0,SURVIVING
docs/release-notes/p0-07-evidence-operations-queue-stabilization.md,STANDARD,44,44,0,0,0,0,0,SURVIVING
docs/release-notes/p0-08-evidence-queue-controls-stabilization.md,STANDARD,39,39,0,0,0,0,0,SURVIVING
docs/release-notes/queue-row-missing-hints-stabilization.md,STANDARD,41,41,0,0,0,0,0,SURVIVING
docs/runbooks/P1-api-down.md,STANDARD,86,0,86,0,0,0,0,NONE_SURVIVING
docs/runbooks/P1-database-failure.md,STANDARD,82,0,82,0,0,0,0,NONE_SURVIVING
docs/runbooks/P1-payment-stuck.md,STANDARD,81,0,81,0,0,0,0,NONE_SURVIVING
docs/runbooks/P2-high-error-rate.md,STANDARD,71,0,71,0,0,0,0,NONE_SURVIVING
docs/runbooks/P2-integration-degraded.md,STANDARD,93,0,93,0,0,0,0,NONE_SURVIVING
docs/security/CRYPTOGRAPHIC_INVENTORY.md,STANDARD,85,85,0,0,0,0,0,SURVIVING
docs/security/CRYPTO_MIGRATION_PLAN.md,STANDARD,207,207,0,0,0,0,0,SURVIVING
docs/security/DATA_CLASSIFICATION.md,STANDARD,100,100,0,0,0,0,0,SURVIVING
docs/security/SECRET_ROTATION_REGISTER.md,STANDARD,103,0,103,0,0,0,0,NONE_SURVIVING
docs/security/SESSION_POLICY.md,STANDARD,116,116,0,0,0,0,0,SURVIVING
docs/security/SUPPLY_CHAIN_MATRIX.md,STANDARD,103,0,103,0,0,0,0,NONE_SURVIVING
docs/security/THREAT_MODEL.md,STANDARD,407,199,208,0,0,0,0,SURVIVING
docs/security/asvs-applicability-decisions.json,STANDARD,11151,11151,0,0,0,0,0,SURVIVING
docs/security/cryptographic-inventory.json,STANDARD,783,783,0,0,0,0,0,SURVIVING
docs/security/cryptographic-key-usage.json,STANDARD,405,405,0,0,0,0,0,SURVIVING
docs/security/data-classification.json,STANDARD,411,411,0,0,0,0,0,SURVIVING
docs/security/p0-reviewer-password-reset-request-3785.json,STANDARD,65,65,0,0,0,0,0,SURVIVING
docs/security/request-validation-baseline.json,STANDARD,30,30,0,0,0,0,0,SURVIVING
docs/security/secret-scan-allowlist.json,STANDARD,14,0,14,0,0,0,0,NONE_SURVIVING
docs/security/supply-chain-action-baseline.json,STANDARD,6,2,4,0,0,0,0,SURVIVING
docs/seo/brand-discovery.md,STANDARD,26,26,0,0,0,0,0,SURVIVING
docs/seo/external-discovery-pack.md,STANDARD,47,47,0,0,0,0,0,SURVIVING
docs/seo/indexation-policy.md,STANDARD,52,52,0,0,0,0,0,SURVIVING
docs/seo/live-audit-protocol.md,STANDARD,74,74,0,0,0,0,0,SURVIVING
docs/seo/platform-v7-semantic-core-2026-06-30.md,STANDARD,264,264,0,0,0,0,0,SURVIVING
docs/seo/yandex-webmaster-checklist.md,STANDARD,39,39,0,0,0,0,0,SURVIVING
docs/ui-marketplace-crosses.md,STANDARD,3,3,0,0,0,0,0,SURVIVING
docs/v10-progress.md,STANDARD,35,24,11,0,0,0,0,SURVIVING
imports/source-transfer/README.md,STANDARD,26,0,26,0,0,0,0,NONE_SURVIVING
imports/source-transfer/reconstruct.sh,STANDARD,11,0,11,0,0,0,0,NONE_SURVIVING
infra/README.md,STANDARD,11,0,11,0,0,0,0,NONE_SURVIVING
infra/argocd/app-of-apps.yml,STANDARD,22,22,0,0,0,0,0,SURVIVING
infra/argocd/application.yml,STANDARD,149,149,0,0,0,0,0,SURVIVING
infra/clickhouse/clickhouse-config.yml,STANDARD,29,29,0,0,0,0,0,SURVIVING
infra/clickhouse/schema.sql,STANDARD,180,0,180,0,0,0,0,NONE_SURVIVING
infra/compose/production-web-hardening.override.yml,STANDARD,29,29,0,0,0,0,0,SURVIVING
infra/docker/Dockerfile.api,STANDARD,77,75,2,0,0,0,0,SURVIVING
infra/docker/Dockerfile.migrations,STANDARD,101,101,0,0,0,0,0,SURVIVING
infra/docker/Dockerfile.outbox-worker,STANDARD,69,69,0,0,0,0,0,SURVIVING
infra/docker/Dockerfile.tai,STANDARD,47,47,0,0,0,0,0,SURVIVING
infra/docker/Dockerfile.web,STANDARD,144,141,3,0,0,0,0,SURVIVING
infra/docker/runtime-inventory.json,STANDARD,105,105,0,0,0,0,0,SURVIVING
infra/elasticsearch/elasticsearch.yml,STANDARD,23,23,0,0,0,0,0,SURVIVING
infra/flagsmith/docker-compose-override.yml,STANDARD,46,46,0,0,0,0,0,SURVIVING
infra/flagsmith/flags.json,STANDARD,94,94,0,0,0,0,0,SURVIVING
infra/grafana/dashboards/grainflow-business.json,STANDARD,123,0,123,0,0,0,0,NONE_SURVIVING
infra/grafana/dashboards/grainflow-infrastructure.json,STANDARD,88,88,0,0,0,0,0,SURVIVING
infra/grafana/dashboards/grainflow-ml.json,STANDARD,79,79,0,0,0,0,0,SURVIVING
infra/grafana/datasources.yml,STANDARD,27,0,27,0,0,0,0,NONE_SURVIVING
infra/grafana/provisioning/dashboards.yml,STANDARD,12,12,0,0,0,0,0,SURVIVING
infra/helm-values.example.yaml,STANDARD,13,0,13,0,0,0,0,NONE_SURVIVING
infra/helm/grainflow/Chart.yaml,STANDARD,13,0,13,0,0,0,0,NONE_SURVIVING
infra/helm/grainflow/templates/_helpers.tpl,STANDARD,36,36,0,0,0,0,0,SURVIVING
infra/helm/grainflow/templates/_release.tpl,STANDARD,34,34,0,0,0,0,0,SURVIVING
infra/helm/grainflow/templates/api-deployment.yaml,STANDARD,194,194,0,0,0,0,0,SURVIVING
infra/helm/grainflow/templates/migration-job.yaml,STANDARD,78,78,0,0,0,0,0,SURVIVING
infra/helm/grainflow/templates/ml-deployment.yaml,STANDARD,23,23,0,0,0,0,0,SURVIVING
infra/helm/grainflow/templates/namespace.yaml,STANDARD,8,8,0,0,0,0,0,SURVIVING
infra/helm/grainflow/templates/networkpolicy.yaml,STANDARD,49,49,0,0,0,0,0,SURVIVING
infra/helm/grainflow/templates/outbox-worker-deployment.yaml,STANDARD,153,153,0,0,0,0,0,SURVIVING
infra/helm/grainflow/templates/servicemonitor.yaml,STANDARD,21,21,0,0,0,0,0,SURVIVING
infra/helm/grainflow/templates/web-deployment.yaml,STANDARD,139,139,0,0,0,0,0,SURVIVING
infra/helm/grainflow/values-production.yaml,STANDARD,40,40,0,0,0,0,0,SURVIVING
infra/helm/grainflow/values-staging.yaml,STANDARD,25,0,25,0,0,0,0,NONE_SURVIVING
infra/helm/grainflow/values.yaml,STANDARD,286,125,161,0,0,0,0,SURVIVING
infra/istio/peer-authentication.yml,STANDARD,76,76,0,0,0,0,0,SURVIVING
infra/istio/virtual-service.yml,STANDARD,109,109,0,0,0,0,0,SURVIVING
infra/k6/deal-cycle-load.js,STANDARD,104,0,104,0,0,0,0,NONE_SURVIVING
infra/k6/production-load.js,STANDARD,173,0,173,0,0,0,0,NONE_SURVIVING
infra/k8s/base/api-deployment.yml,STANDARD,185,25,160,0,0,0,0,SURVIVING
infra/k8s/base/elasticsearch.yml,STANDARD,25,25,0,0,0,0,0,SURVIVING
infra/k8s/base/ingress.yml,STANDARD,49,49,0,0,0,0,0,SURVIVING
infra/k8s/base/ml-deployment.yml,STANDARD,24,24,0,0,0,0,0,SURVIVING
infra/k8s/base/namespace.yml,STANDARD,23,0,23,0,0,0,0,NONE_SURVIVING
infra/k8s/base/network-policy.yml,STANDARD,82,0,82,0,0,0,0,NONE_SURVIVING
infra/k8s/base/redis-cluster.yml,STANDARD,212,212,0,0,0,0,0,SURVIVING
infra/kafka/create-topics.sh,STANDARD,112,0,112,0,0,0,0,NONE_SURVIVING
infra/kafka/topics.yml,STANDARD,103,0,103,0,0,0,0,NONE_SURVIVING
infra/kind/production-like/acceptance-values.yaml,STANDARD,106,106,0,0,0,0,0,SURVIVING
infra/kind/production-like/api-ingress.yaml,STANDARD,20,20,0,0,0,0,0,SURVIVING
infra/kind/production-like/api-object-storage-ca-patch.json,STANDARD,42,42,0,0,0,0,0,SURVIVING
infra/kind/production-like/calico-runtime-database-deny.yaml,STANDARD,48,48,0,0,0,0,0,SURVIVING
infra/kind/production-like/dependencies.yaml,STANDARD,698,697,1,0,0,0,0,SURVIVING
infra/kind/production-like/kafka-runtime-patch.yaml,STANDARD,39,39,0,0,0,0,0,SURVIVING
infra/kind/production-like/kind-config.yaml,STANDARD,47,47,0,0,0,0,0,SURVIVING
infra/kind/production-like/minio-tls-check.yaml,STANDARD,73,73,0,0,0,0,0,SURVIVING
infra/kind/production-like/minio-tls-patch.yaml,STANDARD,41,41,0,0,0,0,0,SURVIVING
infra/kind/production-like/pgbouncer-network-policy.yaml,STANDARD,108,108,0,0,0,0,0,SURVIVING
infra/kind/production-like/pgbouncer-runtime-network-policy.yaml,STANDARD,99,99,0,0,0,0,0,SURVIVING
infra/kind/production-like/pgbouncer-runtime-service.yaml,STANDARD,15,15,0,0,0,0,0,SURVIVING
infra/kind/production-like/pgbouncer.ini,STANDARD,35,35,0,0,0,0,0,SURVIVING
infra/kind/production-like/pgbouncer.yaml,STANDARD,225,224,0,0,1,0,0,SURVIVING
infra/kind/production-like/platform-hardening.yaml,STANDARD,348,348,0,0,0,0,0,SURVIVING
infra/kind/production-like/postgresql-headless-service.yaml,STANDARD,16,16,0,0,0,0,0,SURVIVING
infra/kind/production-like/postgresql-principals-bootstrap.sql,STANDARD,26,20,6,0,0,0,0,SURVIVING
infra/kind/production-like/postgresql-runtime-grants.sql,STANDARD,314,296,18,0,0,0,0,SURVIVING
infra/kind/production-like/postgresql-runtime-patch.yaml,STANDARD,63,63,0,0,0,0,0,SURVIVING
infra/kind/production-like/web-health-ingress.yaml,STANDARD,20,20,0,0,0,0,0,SURVIVING
infra/kind/production-like/web-runtime-hardening-patch.json,STANDARD,53,53,0,0,0,0,0,SURVIVING
infra/loki/loki-config.yml,STANDARD,58,58,0,0,0,0,0,SURVIVING
infra/loki/promtail-config.yml,STANDARD,51,51,0,0,0,0,0,SURVIVING
infra/nginx/modsecurity-grainflow.conf,STANDARD,142,0,142,0,0,0,0,NONE_SURVIVING
infra/nginx/nginx.conf,STANDARD,179,0,179,0,0,0,0,NONE_SURVIVING
infra/nginx/proxy_params.conf,STANDARD,17,0,17,0,0,0,0,NONE_SURVIVING
infra/nginx/waf.conf,STANDARD,15,0,15,0,0,0,0,NONE_SURVIVING
infra/otel/otel-collector.yml,STANDARD,108,108,0,0,0,0,0,SURVIVING
infra/prometheus/alertmanager.yml,STANDARD,106,0,106,0,0,0,0,NONE_SURVIVING
infra/prometheus/ml-alert-rules.yml,STANDARD,94,94,0,0,0,0,0,SURVIVING
infra/prometheus/prometheus.yml,STANDARD,138,18,120,0,0,0,0,SURVIVING
infra/prometheus/runtime-alert-rules.yml,STANDARD,142,0,142,0,0,0,0,NONE_SURVIVING
infra/redis/redis-cluster.conf,STANDARD,63,63,0,0,0,0,0,SURVIVING
infra/release/immutable-release-manifest.schema.json,STANDARD,72,72,0,0,0,0,0,SURVIVING
infra/release/immutable-rollback.schema.json,STANDARD,64,64,0,0,0,0,0,SURVIVING
infra/s3/setup-buckets.sh,STANDARD,151,151,0,0,0,0,0,SURVIVING
infra/sql/performance-hardening.sql,STANDARD,23,0,23,0,0,0,0,NONE_SURVIVING
infra/sql/postgresql-deal-authority-policies.sql,STANDARD,294,294,0,0,0,0,0,SURVIVING
infra/sql/postgresql-document-authority-policies.sql,STANDARD,377,377,0,0,0,0,0,SURVIVING
infra/sql/postgresql-labs-authority-policies.sql,STANDARD,66,66,0,0,0,0,0,SURVIVING
infra/sql/postgresql-logistics-authority-policies.sql,STANDARD,111,111,0,0,0,0,0,SURVIVING
infra/sql/postgresql-outbox-worker-policies.sql,STANDARD,97,97,0,0,0,0,0,SURVIVING
infra/sql/postgresql-regulatory-integration-inbox-policies.sql,STANDARD,101,101,0,0,0,0,0,SURVIVING
infra/sql/postgresql-settlement-authority-policies.sql,STANDARD,78,78,0,0,0,0,0,SURVIVING
infra/sql/production-rls-policies.sql,STANDARD,359,344,15,0,0,0,0,SURVIVING
infra/sql/runtime_rls_policies.sql,STANDARD,78,0,78,0,0,0,0,NONE_SURVIVING
infra/tempo/tempo-config.yml,STANDARD,57,57,0,0,0,0,0,SURVIVING
infra/vault/policy-grainflow-api.hcl,STANDARD,60,0,60,0,0,0,0,NONE_SURVIVING
infra/vault/vault-init.sh,STANDARD,55,5,50,0,0,0,0,SURVIVING
integrations/sandbox-fixtures/bank-callback.json,STANDARD,8,0,8,0,0,0,0,NONE_SURVIVING
integrations/sandbox-fixtures/edo-callback.json,STANDARD,7,0,7,0,0,0,0,NONE_SURVIVING
integrations/sandbox-fixtures/fgis-sync.json,STANDARD,7,0,7,0,0,0,0,NONE_SURVIVING
integrations/sandbox-fixtures/gps-event.json,STANDARD,9,0,9,0,0,0,0,NONE_SURVIVING
integrations/sandbox-fixtures/lab-result.json,STANDARD,7,0,7,0,0,0,0,NONE_SURVIVING
integrations/sandbox-fixtures/smartagro-forecast.json,STANDARD,8,0,8,0,0,0,0,NONE_SURVIVING
integrations/smartagro/README.md,STANDARD,4,0,4,0,0,0,0,NONE_SURVIVING
integrations/smartagro/request-pack/README.md,STANDARD,4,0,4,0,0,0,0,NONE_SURVIVING
lib,STANDARD,1,1,0,0,0,0,0,SURVIVING
middleware.ts,STANDARD,1,1,0,0,0,0,0,SURVIVING
next.config.js,STANDARD,32,32,0,0,0,0,0,SURVIVING
ops/deploy-triggers/2026-04-15-vercel-redeploy-esia-fgis.md,STANDARD,5,5,0,0,0,0,0,SURVIVING
package.json,STANDARD,68,28,31,0,9,0,0,SURVIVING
packages/design-system-v8/package.json,PROTECTED_PRODUCT_UI,11,11,0,0,0,0,0,SURVIVING
packages/design-system-v8/src/EmptyState.module.css,PROTECTED_PRODUCT_UI,58,58,0,0,0,0,0,SURVIVING
packages/design-system-v8/src/EmptyState.tsx,PROTECTED_PRODUCT_UI,31,31,0,0,0,0,0,SURVIVING
packages/design-system-v8/src/components.module.css,PROTECTED_PRODUCT_UI,126,126,0,0,0,0,0,SURVIVING
packages/design-system-v8/src/components.tsx,PROTECTED_PRODUCT_UI,166,166,0,0,0,0,0,SURVIVING
packages/design-system-v8/src/index.ts,PROTECTED_PRODUCT_UI,18,18,0,0,0,0,0,SURVIVING
packages/design-tokens/package.json,PROTECTED_PRODUCT_UI,13,13,0,0,0,0,0,SURVIVING
packages/design-tokens/src/index.ts,PROTECTED_PRODUCT_UI,22,22,0,0,0,0,0,SURVIVING
packages/design-tokens/tokens.css,PROTECTED_PRODUCT_UI,91,91,0,0,0,0,0,SURVIVING
packages/design-tokens/tokens.json,PROTECTED_PRODUCT_UI,132,132,0,0,0,0,0,SURVIVING
packages/domain-core/CHANGELOG.md,CROWN_JEWEL,30,0,30,0,0,0,0,NONE_SURVIVING
packages/domain-core/package.json,CROWN_JEWEL,8,2,6,0,0,0,0,SURVIVING
packages/domain-core/src/action-decision-engine.ts,CROWN_JEWEL,80,0,80,0,0,0,0,NONE_SURVIVING
packages/domain-core/src/audit-log.test.ts,CROWN_JEWEL,54,54,0,0,0,0,0,SURVIVING
packages/domain-core/src/audit-log.ts,CROWN_JEWEL,91,91,0,0,0,0,0,SURVIVING
packages/domain-core/src/browser-access-policy.ts,CROWN_JEWEL,97,0,97,0,0,0,0,NONE_SURVIVING
packages/domain-core/src/canonical-models.ts,CROWN_JEWEL,46,0,46,0,0,0,0,NONE_SURVIVING
packages/domain-core/src/canonical-reason-codes.ts,CROWN_JEWEL,53,0,53,0,0,0,0,NONE_SURVIVING
packages/domain-core/src/commercial-expansion.ts,CROWN_JEWEL,387,0,387,0,0,0,0,NONE_SURVIVING
packages/domain-core/src/commercial-rules.test.ts,CROWN_JEWEL,135,135,0,0,0,0,0,SURVIVING
packages/domain-core/src/commercial-rules.ts,CROWN_JEWEL,343,343,0,0,0,0,0,SURVIVING
packages/domain-core/src/commodity-profile.test.ts,CROWN_JEWEL,274,274,0,0,0,0,0,SURVIVING
packages/domain-core/src/commodity-profile.ts,CROWN_JEWEL,605,605,0,0,0,0,0,SURVIVING
packages/domain-core/src/deadline-protection.test.ts,CROWN_JEWEL,94,0,94,0,0,0,0,NONE_SURVIVING
packages/domain-core/src/deadline-protection.ts,CROWN_JEWEL,49,0,49,0,0,0,0,NONE_SURVIVING
packages/domain-core/src/deal-event-chain.test.ts,CROWN_JEWEL,58,58,0,0,0,0,0,SURVIVING
packages/domain-core/src/deal-event-chain.ts,CROWN_JEWEL,75,75,0,0,0,0,0,SURVIVING
packages/domain-core/src/deal-signing-service.test.ts,CROWN_JEWEL,85,85,0,0,0,0,0,SURVIVING
packages/domain-core/src/deal-signing-service.ts,CROWN_JEWEL,120,120,0,0,0,0,0,SURVIVING
packages/domain-core/src/document-correction-workflow.ts,CROWN_JEWEL,164,0,164,0,0,0,0,NONE_SURVIVING
packages/domain-core/src/document-requirements.ts,CROWN_JEWEL,191,0,191,0,0,0,0,NONE_SURVIVING
packages/domain-core/src/double-entry-ledger.test.ts,CROWN_JEWEL,81,81,0,0,0,0,0,SURVIVING
packages/domain-core/src/double-entry-ledger.ts,CROWN_JEWEL,98,98,0,0,0,0,0,SURVIVING
packages/domain-core/src/execution-scores-v2.ts,CROWN_JEWEL,46,0,46,0,0,0,0,NONE_SURVIVING
packages/domain-core/src/execution-simulation/action-engine.ts,CROWN_JEWEL,415,415,0,0,0,0,0,SURVIVING
packages/domain-core/src/execution-simulation/fixtures.ts,CROWN_JEWEL,216,216,0,0,0,0,0,SURVIVING
packages/domain-core/src/execution-simulation/index.ts,CROWN_JEWEL,6,6,0,0,0,0,0,SURVIVING
packages/domain-core/src/execution-simulation/kpi.ts,CROWN_JEWEL,74,74,0,0,0,0,0,SURVIVING
packages/domain-core/src/execution-simulation/scenario-runner.ts,CROWN_JEWEL,52,52,0,0,0,0,0,SURVIVING
packages/domain-core/src/execution-simulation/state-machine.ts,CROWN_JEWEL,209,209,0,0,0,0,0,SURVIVING
packages/domain-core/src/execution-simulation/store.ts,CROWN_JEWEL,60,60,0,0,0,0,0,SURVIVING
packages/domain-core/src/execution-simulation/types.ts,CROWN_JEWEL,260,260,0,0,0,0,0,SURVIVING
packages/domain-core/src/feature-policy-registry.ts,CROWN_JEWEL,27,0,27,0,0,0,0,NONE_SURVIVING
packages/domain-core/src/index.ts,CROWN_JEWEL,43,17,26,0,0,0,0,SURVIVING
packages/domain-core/src/integration-capability.ts,CROWN_JEWEL,159,159,0,0,0,0,0,SURVIVING
packages/domain-core/src/integration-contracts.ts,CROWN_JEWEL,28,0,28,0,0,0,0,NONE_SURVIVING
packages/domain-core/src/integration-hardening.ts,CROWN_JEWEL,131,0,131,0,0,0,0,NONE_SURVIVING
packages/domain-core/src/inventory.test.ts,CROWN_JEWEL,47,47,0,0,0,0,0,SURVIVING
packages/domain-core/src/inventory.ts,CROWN_JEWEL,75,75,0,0,0,0,0,SURVIVING
packages/domain-core/src/measures.test.ts,CROWN_JEWEL,53,53,0,0,0,0,0,SURVIVING
packages/domain-core/src/measures.ts,CROWN_JEWEL,163,163,0,0,0,0,0,SURVIVING
packages/domain-core/src/money.test.ts,CROWN_JEWEL,64,64,0,0,0,0,0,SURVIVING
packages/domain-core/src/money.ts,CROWN_JEWEL,155,155,0,0,0,0,0,SURVIVING
packages/domain-core/src/operator-case-center.ts,CROWN_JEWEL,75,0,75,0,0,0,0,NONE_SURVIVING
packages/domain-core/src/problem-closure-matrix.ts,CROWN_JEWEL,195,0,195,0,0,0,0,NONE_SURVIVING
packages/domain-core/src/provider-compliance-gates.ts,CROWN_JEWEL,164,0,164,0,0,0,0,NONE_SURVIVING
packages/domain-core/src/risk-scoring.ts,CROWN_JEWEL,21,0,21,0,0,0,0,NONE_SURVIVING
packages/domain-core/src/saga-orchestrator.test.ts,CROWN_JEWEL,93,93,0,0,0,0,0,SURVIVING
packages/domain-core/src/saga-orchestrator.ts,CROWN_JEWEL,132,132,0,0,0,0,0,SURVIVING
packages/domain-core/src/scoring.ts,CROWN_JEWEL,48,0,48,0,0,0,0,NONE_SURVIVING
packages/domain-core/src/service-marketplace.test.ts,CROWN_JEWEL,71,71,0,0,0,0,0,SURVIVING
packages/domain-core/src/service-marketplace.ts,CROWN_JEWEL,94,94,0,0,0,0,0,SURVIVING
packages/domain-core/src/service-provider-registry.ts,CROWN_JEWEL,195,53,142,0,0,0,0,SURVIVING
packages/domain-core/src/source-of-truth.ts,CROWN_JEWEL,204,0,204,0,0,0,0,NONE_SURVIVING
packages/domain-core/src/status-policy-engine.ts,CROWN_JEWEL,93,0,93,0,0,0,0,NONE_SURVIVING
packages/domain-core/src/unified-deal-passport.ts,CROWN_JEWEL,66,0,66,0,0,0,0,NONE_SURVIVING
packages/domain-core/tsconfig.json,CROWN_JEWEL,12,0,12,0,0,0,0,NONE_SURVIVING
packages/domain-core/tsconfig.pc-crop.json,CROWN_JEWEL,18,18,0,0,0,0,0,SURVIVING
packages/domain-core/vitest.pc-crop.config.ts,CROWN_JEWEL,10,10,0,0,0,0,0,SURVIVING
packages/integration-sdk/INTEGRATION_CONNECT_GUIDE.md,CROWN_JEWEL,75,75,0,0,0,0,0,SURVIVING
packages/integration-sdk/package.json,CROWN_JEWEL,12,2,10,0,0,0,0,SURVIVING
packages/integration-sdk/src/adapter.interface.ts,CROWN_JEWEL,37,1,36,0,0,0,0,SURVIVING
packages/integration-sdk/src/adapters/aml.adapter.ts,CROWN_JEWEL,102,0,102,0,0,0,0,NONE_SURVIVING
packages/integration-sdk/src/adapters/bank.adapter.ts,CROWN_JEWEL,97,0,97,0,0,0,0,NONE_SURVIVING
packages/integration-sdk/src/adapters/bki.adapter.ts,CROWN_JEWEL,84,0,84,0,0,0,0,NONE_SURVIVING
packages/integration-sdk/src/adapters/cryptopro.adapter.ts,CROWN_JEWEL,89,0,89,0,0,0,0,NONE_SURVIVING
packages/integration-sdk/src/adapters/diadok.adapter.ts,CROWN_JEWEL,74,0,74,0,0,0,0,NONE_SURVIVING
packages/integration-sdk/src/adapters/fgis-zerno.adapter.ts,CROWN_JEWEL,97,0,97,0,0,0,0,NONE_SURVIVING
packages/integration-sdk/src/adapters/fns.adapter.ts,CROWN_JEWEL,62,0,62,0,0,0,0,NONE_SURVIVING
packages/integration-sdk/src/adapters/fts.adapter.ts,CROWN_JEWEL,73,0,73,0,0,0,0,NONE_SURVIVING
packages/integration-sdk/src/adapters/gis-epd.adapter.ts,CROWN_JEWEL,110,0,110,0,0,0,0,NONE_SURVIVING
packages/integration-sdk/src/adapters/gps.adapter.ts,CROWN_JEWEL,82,0,82,0,0,0,0,NONE_SURVIVING
packages/integration-sdk/src/adapters/marine.adapter.ts,CROWN_JEWEL,158,0,158,0,0,0,0,NONE_SURVIVING
packages/integration-sdk/src/adapters/mfa.adapter.test.ts,CROWN_JEWEL,78,78,0,0,0,0,0,SURVIVING
packages/integration-sdk/src/adapters/mfa.adapter.ts,CROWN_JEWEL,151,151,0,0,0,0,0,SURVIVING
packages/integration-sdk/src/adapters/rshn.adapter.ts,CROWN_JEWEL,60,0,60,0,0,0,0,NONE_SURVIVING
packages/integration-sdk/src/adapters/rzd-etran.adapter.ts,CROWN_JEWEL,120,0,120,0,0,0,0,NONE_SURVIVING
packages/integration-sdk/src/adapters/smev.adapter.ts,CROWN_JEWEL,167,0,167,0,0,0,0,NONE_SURVIVING
packages/integration-sdk/src/adapters/takskom.adapter.ts,CROWN_JEWEL,155,0,155,0,0,0,0,NONE_SURVIVING
packages/integration-sdk/src/index.ts,CROWN_JEWEL,44,29,15,0,0,0,0,SURVIVING
packages/integration-sdk/src/live/auth.test.ts,CROWN_JEWEL,58,58,0,0,0,0,0,SURVIVING
packages/integration-sdk/src/live/auth.ts,CROWN_JEWEL,99,99,0,0,0,0,0,SURVIVING
packages/integration-sdk/src/live/build-client.ts,CROWN_JEWEL,49,49,0,0,0,0,0,SURVIVING
packages/integration-sdk/src/live/http-integration-client.test.ts,CROWN_JEWEL,125,125,0,0,0,0,0,SURVIVING
packages/integration-sdk/src/live/http-integration-client.ts,CROWN_JEWEL,262,262,0,0,0,0,0,SURVIVING
packages/integration-sdk/src/live/integration-config.test.ts,CROWN_JEWEL,49,49,0,0,0,0,0,SURVIVING
packages/integration-sdk/src/live/integration-config.ts,CROWN_JEWEL,98,98,0,0,0,0,0,SURVIVING
packages/integration-sdk/src/live/live-adapter-base.ts,CROWN_JEWEL,26,26,0,0,0,0,0,SURVIVING
packages/integration-sdk/src/live/live-adapters.test.ts,CROWN_JEWEL,271,220,51,0,0,0,0,SURVIVING
packages/integration-sdk/src/live/live-aml.adapter.ts,CROWN_JEWEL,41,41,0,0,0,0,0,SURVIVING
packages/integration-sdk/src/live/live-bank.adapter.ts,CROWN_JEWEL,82,82,0,0,0,0,0,SURVIVING
packages/integration-sdk/src/live/live-bki.adapter.ts,CROWN_JEWEL,31,31,0,0,0,0,0,SURVIVING
packages/integration-sdk/src/live/live-cryptopro.adapter.ts,CROWN_JEWEL,63,63,0,0,0,0,0,SURVIVING
packages/integration-sdk/src/live/live-diadok.adapter.ts,CROWN_JEWEL,63,63,0,0,0,0,0,SURVIVING
packages/integration-sdk/src/live/live-fns.adapter.ts,CROWN_JEWEL,36,36,0,0,0,0,0,SURVIVING
packages/integration-sdk/src/live/live-fts.adapter.ts,CROWN_JEWEL,51,51,0,0,0,0,0,SURVIVING
packages/integration-sdk/src/live/live-gis-epd.adapter.ts,CROWN_JEWEL,51,51,0,0,0,0,0,SURVIVING
packages/integration-sdk/src/live/live-gps.adapter.ts,CROWN_JEWEL,60,60,0,0,0,0,0,SURVIVING
packages/integration-sdk/src/live/live-marine.adapter.ts,CROWN_JEWEL,57,57,0,0,0,0,0,SURVIVING
packages/integration-sdk/src/live/live-registry.test.ts,CROWN_JEWEL,90,87,3,0,0,0,0,SURVIVING
packages/integration-sdk/src/live/live-registry.ts,CROWN_JEWEL,200,166,34,0,0,0,0,SURVIVING
packages/integration-sdk/src/live/live-rshn.adapter.ts,CROWN_JEWEL,40,40,0,0,0,0,0,SURVIVING
packages/integration-sdk/src/live/live-rzd-etran.adapter.ts,CROWN_JEWEL,44,44,0,0,0,0,0,SURVIVING
packages/integration-sdk/src/live/live-smev.adapter.ts,CROWN_JEWEL,65,65,0,0,0,0,0,SURVIVING
packages/integration-sdk/src/live/live-takskom.adapter.ts,CROWN_JEWEL,73,73,0,0,0,0,0,SURVIVING
packages/integration-sdk/src/quarantine/fgis-zerno-legacy.test.ts,CROWN_JEWEL,113,0,113,0,0,0,0,NONE_SURVIVING
packages/integration-sdk/src/quarantine/fgis-zerno-legacy.ts,CROWN_JEWEL,121,0,121,0,0,0,0,NONE_SURVIVING
packages/integration-sdk/src/registry.ts,CROWN_JEWEL,71,13,58,0,0,0,0,SURVIVING
packages/integration-sdk/src/security/webhook-security.ts,CROWN_JEWEL,98,0,98,0,0,0,0,NONE_SURVIVING
packages/integration-sdk/src/testing/fgis-zerno-test-binding.ts,CROWN_JEWEL,60,0,60,0,0,0,0,NONE_SURVIVING
pnpm-lock.yaml,STANDARD,11918,1970,9117,0,831,0,0,SURVIVING
pnpm-workspace.yaml,STANDARD,6,4,2,0,0,0,0,SURVIVING
qodana.yaml,STANDARD,16,16,0,0,0,0,0,SURVIVING
redeploy-20260415.md,STANDARD,5,5,0,0,0,0,0,SURVIVING
scripts/auction-atomic-acceptance.mjs,STANDARD,292,291,1,0,0,0,0,SURVIVING
scripts/audit-critical-flows.mjs,STANDARD,129,0,129,0,0,0,0,NONE_SURVIVING
scripts/audit-role-contract-consistency.mjs,STANDARD,203,0,203,0,0,0,0,NONE_SURVIVING
scripts/bootstrap-platform-owner.mjs,STANDARD,138,138,0,0,0,0,0,SURVIVING
scripts/build-industrial-release.mjs,STANDARD,28,28,0,0,0,0,0,SURVIVING
scripts/build-platform-v7-messages.mjs,STANDARD,46,0,46,0,0,0,0,NONE_SURVIVING
scripts/check-api-database-principal-confinement.mjs,STANDARD,248,248,0,0,0,0,0,SURVIVING
scripts/check-authenticated-totp-owner-readiness.mjs,STANDARD,182,182,0,0,0,0,0,SURVIVING
scripts/check-ci-postgres-image-authority.mjs,STANDARD,218,0,218,0,0,0,0,NONE_SURVIVING
scripts/check-ci-postgres-image-authority.test.mjs,STANDARD,172,0,172,0,0,0,0,NONE_SURVIVING
scripts/check-design-system-v8-pr-scope.mjs,STANDARD,318,318,0,0,0,0,0,SURVIVING
scripts/check-design-system-v8-zero-reference.mjs,STANDARD,188,188,0,0,0,0,0,SURVIVING
scripts/check-design-system-v8.mjs,STANDARD,113,113,0,0,0,0,0,SURVIVING
scripts/check-netlify-retirement.contract.mjs,STANDARD,125,125,0,0,0,0,0,SURVIVING
scripts/check-netlify-retirement.mjs,STANDARD,329,329,0,0,0,0,0,SURVIVING
scripts/check-pc-release-authority-boundary.mjs,STANDARD,236,0,236,0,0,0,0,NONE_SURVIVING
scripts/check-pc-tai-release-controller.mjs,STANDARD,103,103,0,0,0,0,0,SURVIVING
scripts/check-platform-v7-i18n.mjs,STANDARD,58,44,14,0,0,0,0,SURVIVING
scripts/check-production-auth-mail-outbox-cutover.mjs,STANDARD,194,194,0,0,0,0,0,SURVIVING
scripts/check-production-auth-opaque-token-provision.mjs,STANDARD,472,472,0,0,0,0,0,SURVIVING
scripts/check-production-db-principal-observer-contract.mjs,STANDARD,73,73,0,0,0,0,0,SURVIVING
scripts/check-production-full-stack-release.mjs,STANDARD,415,366,30,0,19,0,0,SURVIVING
scripts/check-production-gekta-first-user-acceptance.mjs,STANDARD,206,206,0,0,0,0,0,SURVIVING
scripts/check-production-gekta-first-user-mail-diagnostic.mjs,STANDARD,101,101,0,0,0,0,0,SURVIVING
scripts/check-production-gekta-first-user-runtime-mail-authority.mjs,STANDARD,92,92,0,0,0,0,0,SURVIVING
scripts/check-production-gekta-runtime-provision.mjs,STANDARD,377,377,0,0,0,0,0,SURVIVING
scripts/check-production-hosting-authority.mjs,STANDARD,246,246,0,0,0,0,0,SURVIVING
scripts/check-production-like-kubernetes-timeout.mjs,STANDARD,92,92,0,0,0,0,0,SURVIVING
scripts/check-production-p0-all-role-registration.mjs,STANDARD,126,126,0,0,0,0,0,SURVIVING
scripts/check-production-p0-auth-mail-api-principal-acl-repair-3785.mjs,STANDARD,71,71,0,0,0,0,0,SURVIVING
scripts/check-production-p0-auth-mail-api-principal-acl-repair-v2-3785.mjs,STANDARD,100,100,0,0,0,0,0,SURVIVING
scripts/check-production-p0-auth-mail-api-principal-acl-repair-v3-3785.mjs,STANDARD,104,104,0,0,0,0,0,SURVIVING
scripts/check-production-p0-auth-mail-authority-cli-classifier-v2-3785.mjs,STANDARD,65,65,0,0,0,0,0,SURVIVING
scripts/check-production-p0-auth-mail-authority-inspect-classifier-3785.mjs,STANDARD,76,76,0,0,0,0,0,SURVIVING
scripts/check-production-p0-auth-mail-compose-contract-classifier-31905081981.mjs,STANDARD,63,63,0,0,0,0,0,SURVIVING
scripts/check-production-p0-auth-mail-db-authority-split-31982996511.mjs,STANDARD,117,117,0,0,0,0,0,SURVIVING
scripts/check-production-p0-auth-mail-db-preflight-31980524957.mjs,STANDARD,122,122,0,0,0,0,0,SURVIVING
scripts/check-production-p0-auth-mail-db-preflight-v2-31981767179.mjs,STANDARD,140,140,0,0,0,0,0,SURVIVING
scripts/check-production-p0-auth-mail-db-preflight-v2-parsefix-31981767179.mjs,STANDARD,88,88,0,0,0,0,0,SURVIVING
scripts/check-production-p0-auth-mail-db-role-acl-probe-31982996511.mjs,STANDARD,87,87,0,0,0,0,0,SURVIVING
scripts/check-production-p0-auth-mail-runtime-principal-postverify-31996401705.mjs,STANDARD,117,117,0,0,0,0,0,SURVIVING
scripts/check-production-p0-first-customer-acceptance.mjs,STANDARD,407,407,0,0,0,0,0,SURVIVING
scripts/check-production-p0-mailbox-protected-input-classifier.mjs,STANDARD,123,123,0,0,0,0,0,SURVIVING
scripts/check-production-p0-password-reset-diagnostic.mjs,STANDARD,220,220,0,0,0,0,0,SURVIVING
scripts/check-production-p0-password-reset-runtime-provision.mjs,STANDARD,521,521,0,0,0,0,0,SURVIVING
scripts/check-production-p0-registration-decision-replay-notification.mjs,STANDARD,204,204,0,0,0,0,0,SURVIVING
scripts/check-production-p0-reviewer-auth-mail-runtime-wiring-31901032491.mjs,STANDARD,38,38,0,0,0,0,0,SURVIVING
scripts/check-production-p0-reviewer-decision-notification-diagnostic-v2.mjs,STANDARD,62,62,0,0,0,0,0,SURVIVING
scripts/check-production-p0-reviewer-decision-notification-diagnostic.mjs,STANDARD,81,81,0,0,0,0,0,SURVIVING
scripts/check-production-p0-reviewer-inspect.mjs,STANDARD,388,388,0,0,0,0,0,SURVIVING
scripts/check-production-p0-reviewer-membership-repair.mjs,STANDARD,307,307,0,0,0,0,0,SURVIVING
scripts/check-production-p0-reviewer-password-reset-request-deployed-50990d.mjs,STANDARD,93,93,0,0,0,0,0,SURVIVING
scripts/check-production-p0-reviewer-password-reset-request-deployed.mjs,STANDARD,125,125,0,0,0,0,0,SURVIVING
scripts/check-production-p0-reviewer-password-reset-request.mjs,STANDARD,193,193,0,0,0,0,0,SURVIVING
scripts/check-production-p0-reviewer-preflight-observer.mjs,STANDARD,93,93,0,0,0,0,0,SURVIVING
scripts/check-production-p0-reviewer-preflight.mjs,STANDARD,219,219,0,0,0,0,0,SURVIVING
scripts/check-production-p0-reviewer-repair-diagnose.mjs,STANDARD,183,183,0,0,0,0,0,SURVIVING
scripts/check-production-p0-reviewer-reset-api-failure-31901032491.mjs,STANDARD,76,76,0,0,0,0,0,SURVIVING
scripts/check-production-p0-reviewer-reset-attempt-31781887205.mjs,STANDARD,100,100,0,0,0,0,0,SURVIVING
scripts/check-production-p0-reviewer-reset-attempt-31819549601.mjs,STANDARD,105,105,0,0,0,0,0,SURVIVING
scripts/check-production-p0-reviewer-reset-attempt-31821893070.mjs,STANDARD,105,105,0,0,0,0,0,SURVIVING
scripts/check-production-p0-reviewer-reset-attempt-31896239515.mjs,STANDARD,105,105,0,0,0,0,0,SURVIVING
scripts/check-production-p0-reviewer-reset-attempt-31899275062.mjs,STANDARD,105,105,0,0,0,0,0,SURVIVING
scripts/check-production-p0-reviewer-reset-attempt-31899466474.mjs,STANDARD,105,105,0,0,0,0,0,SURVIVING
scripts/check-production-p0-reviewer-reset-attempt-31899902138.mjs,STANDARD,105,105,0,0,0,0,0,SURVIVING
scripts/check-production-p0-reviewer-reset-attempt-31901032491.mjs,STANDARD,105,105,0,0,0,0,0,SURVIVING
scripts/check-production-p0-reviewer-reset-attempt-31914566925.mjs,STANDARD,105,105,0,0,0,0,0,SURVIVING
scripts/check-production-p0-reviewer-reset-attempt-31917500605.mjs,STANDARD,88,88,0,0,0,0,0,SURVIVING
scripts/check-production-p0-reviewer-reset-attempt-31920384152.mjs,STANDARD,88,88,0,0,0,0,0,SURVIVING
scripts/check-production-p0-reviewer-reset-attempt-classifier.mjs,STANDARD,612,612,0,0,0,0,0,SURVIVING
scripts/check-production-p0-reviewer-reset-auth-durable.mjs,STANDARD,150,150,0,0,0,0,0,SURVIVING
scripts/check-production-p0-reviewer-reset-db-stage-classifier.mjs,STANDARD,77,77,0,0,0,0,0,SURVIVING
scripts/check-production-p0-reviewer-reset-delivery-diagnostic.mjs,STANDARD,124,124,0,0,0,0,0,SURVIVING
scripts/check-production-p0-reviewer-reset-enqueue-db-state.mjs,STANDARD,124,124,0,0,0,0,0,SURVIVING
scripts/check-production-p0-reviewer-reset-fixed-deployed.mjs,STANDARD,116,116,0,0,0,0,0,SURVIVING
scripts/check-production-p0-reviewer-reset-http-diagnostic.mjs,STANDARD,67,67,0,0,0,0,0,SURVIVING
scripts/check-production-p0-reviewer-reset-incident-diagnostic.mjs,STANDARD,148,148,0,0,0,0,0,SURVIVING
scripts/check-production-p0-reviewer-reset-no-outbox-classifier.mjs,STANDARD,123,123,0,0,0,0,0,SURVIVING
scripts/check-production-p0-reviewer-reset-runtime-preflight-31901032491.mjs,STANDARD,67,67,0,0,0,0,0,SURVIVING
scripts/check-production-p0-reviewer-reset-stack-classifier-31901032491.mjs,STANDARD,45,45,0,0,0,0,0,SURVIVING
scripts/check-production-p0-reviewer-reset-stack-classifier-31974946435.mjs,STANDARD,117,117,0,0,0,0,0,SURVIVING
scripts/check-production-p0-reviewer-reset-subject-diagnostic.mjs,STANDARD,55,55,0,0,0,0,0,SURVIVING
scripts/check-production-p0-reviewer-smtp-451-detail.mjs,STANDARD,88,88,0,0,0,0,0,SURVIVING
scripts/check-production-p0-reviewer-smtp-stage-probe.mjs,STANDARD,108,108,0,0,0,0,0,SURVIVING
scripts/check-production-p0-staff-api-origin-runtime-repair.mjs,STANDARD,228,228,0,0,0,0,0,SURVIVING
scripts/check-production-p0-staff-decision-idempotency.mjs,STANDARD,126,126,0,0,0,0,0,SURVIVING
scripts/check-production-p0-staff-decision-session.mjs,STANDARD,170,170,0,0,0,0,0,SURVIVING
scripts/check-production-p0-staff-unavailable-diagnostic.mjs,STANDARD,68,68,0,0,0,0,0,SURVIVING
scripts/check-production-p0-web-container-smtp-auth-diagnostic.mjs,STANDARD,97,97,0,0,0,0,0,SURVIVING
scripts/check-production-p0-web-container-smtp-delivery-proof.mjs,STANDARD,127,127,0,0,0,0,0,SURVIVING
scripts/check-production-pc-crop-w1-acceptance.mjs,STANDARD,982,982,0,0,0,0,0,SURVIVING
scripts/check-production-pc-crop-w1-acceptance.test.mjs,STANDARD,1192,1192,0,0,0,0,0,SURVIVING
scripts/check-production-posthog-public-analytics-provision.mjs,STANDARD,471,471,0,0,0,0,0,SURVIVING
scripts/check-production-staff-database-provision.mjs,STANDARD,80,80,0,0,0,0,0,SURVIVING
scripts/check-production-web-hardening.mjs,STANDARD,349,329,20,0,0,0,0,SURVIVING
scripts/check-production-web-owner-exact-command.mjs,STANDARD,65,65,0,0,0,0,0,SURVIVING
scripts/check-resume-pc-prod-actions-runner.mjs,STANDARD,42,42,0,0,0,0,0,SURVIVING
scripts/check-role-eligibility-api-release.mjs,STANDARD,155,155,0,0,0,0,0,SURVIVING
scripts/check-role-eligibility-authoritative-corpus-contract.mjs,STANDARD,51,51,0,0,0,0,0,SURVIVING
scripts/check-role-eligibility-enforcement-migration-contract.mjs,STANDARD,83,83,0,0,0,0,0,SURVIVING
scripts/check-role-eligibility-readiness-contract.mjs,STANDARD,85,85,0,0,0,0,0,SURVIVING
scripts/check-role-eligibility-registration-guard.mjs,STANDARD,36,36,0,0,0,0,0,SURVIVING
scripts/check-role-eligibility-registration-protected-manifest.mjs,STANDARD,50,50,0,0,0,0,0,SURVIVING
scripts/check-role-eligibility-static-acceptance.mjs,STANDARD,190,190,0,0,0,0,0,SURVIVING
scripts/check-tai-automatic-release-chain.mjs,STANDARD,105,105,0,0,0,0,0,SURVIVING
scripts/check-tai-bootstrap-preflight.mjs,STANDARD,266,266,0,0,0,0,0,SURVIVING
scripts/check-tai-controller-sync.mjs,STANDARD,202,202,0,0,0,0,0,SURVIVING
scripts/check-tai-exact-main-convergence.mjs,STANDARD,177,177,0,0,0,0,0,SURVIVING
scripts/check-tai-finalization-main-drift-recovery.mjs,STANDARD,277,277,0,0,0,0,0,SURVIVING
scripts/check-tai-incomplete-deployment-recovery.mjs,STANDARD,81,81,0,0,0,0,0,SURVIVING
scripts/check-tai-local-model-key-authority.mjs,STANDARD,82,82,0,0,0,0,0,SURVIVING
scripts/check-tai-migration-sql-normalization.mjs,STANDARD,142,142,0,0,0,0,0,SURVIVING
scripts/check-tai-model-artifact-evidence.mjs,STANDARD,213,213,0,0,0,0,0,SURVIVING
scripts/check-tai-owner-activation-command.mjs,STANDARD,109,109,0,0,0,0,0,SURVIVING
scripts/check-tai-owner-canonical-images-command.mjs,STANDARD,82,82,0,0,0,0,0,SURVIVING
scripts/check-tai-owner-deployment-command.mjs,STANDARD,208,208,0,0,0,0,0,SURVIVING
scripts/check-tai-owner-deployment-status-selection.mjs,STANDARD,61,61,0,0,0,0,0,SURVIVING
scripts/check-tai-owner-preflight-run-selection.mjs,STANDARD,52,52,0,0,0,0,0,SURVIVING
scripts/check-tai-owner-preflight-status-selection.mjs,STANDARD,64,64,0,0,0,0,0,SURVIVING
scripts/check-tai-public-non-tai-acl-repair.mjs,STANDARD,163,163,0,0,0,0,0,SURVIVING
scripts/check-tai-reg-ru-deploy.mjs,STANDARD,499,499,0,0,0,0,0,SURVIVING
scripts/check-tai-reg-ru-preflight.mjs,STANDARD,59,59,0,0,0,0,0,SURVIVING
scripts/check-tai-reg-ru-release-chain.mjs,STANDARD,233,233,0,0,0,0,0,SURVIVING
scripts/check-tai-runtime-role-direct-grant-repair.mjs,STANDARD,153,153,0,0,0,0,0,SURVIVING
scripts/check-tai-runtime-role-repair.mjs,STANDARD,177,177,0,0,0,0,0,SURVIVING
scripts/check-workflow-syntax.py,STANDARD,59,0,59,0,0,0,0,NONE_SURVIVING
scripts/codeql-replacement-guard.mjs,STANDARD,315,0,315,0,0,0,0,NONE_SURVIVING
scripts/design-system-v8-route-migration-scope.json,STANDARD,113,113,0,0,0,0,0,SURVIVING
scripts/fixtures/pc-crop-w1-lineage/20260716130000_market_open_lots_showcase.sql,STANDARD,90,90,0,0,0,0,0,SURVIVING
scripts/fixtures/pc-crop-w1-lineage/20260716150000_auction_cross_tenant_participation.sql,STANDARD,408,408,0,0,0,0,0,SURVIVING
scripts/fixtures/pc-crop-w1-lineage/20260716160000_auction_participant_workspace.sql,STANDARD,34,34,0,0,0,0,0,SURVIVING
scripts/fixtures/pc-crop-w1-lineage/20260717170000_deal_cross_tenant_participation.sql,STANDARD,56,56,0,0,0,0,0,SURVIVING
scripts/gekta-production-direct-chat-diagnostic.sh,STANDARD,219,219,0,0,0,0,0,SURVIVING
scripts/gekta-production-qwen-wiring-diagnostic.sh,STANDARD,150,150,0,0,0,0,0,SURVIVING
scripts/gekta-production-request-path-diagnostic.sh,STANDARD,287,287,0,0,0,0,0,SURVIVING
scripts/gekta-qwen-g3b-bootstrap.sh,STANDARD,105,105,0,0,0,0,0,SURVIVING
scripts/gekta-qwen-g3b-runtime.py,STANDARD,740,740,0,0,0,0,0,SURVIVING
scripts/gekta-qwen-g3c-bootstrap.sh,STANDARD,110,110,0,0,0,0,0,SURVIVING
scripts/gekta-qwen-g3c-runtime-v2.py,STANDARD,121,121,0,0,0,0,0,SURVIVING
scripts/gekta-qwen-g3c-runtime.py,STANDARD,834,834,0,0,0,0,0,SURVIVING
scripts/gekta-qwen-g3d-bootstrap.sh,STANDARD,73,73,0,0,0,0,0,SURVIVING
scripts/gekta-qwen-g3d-runtime.py,STANDARD,794,794,0,0,0,0,0,SURVIVING
scripts/gekta-qwen-g3e-bootstrap.sh,STANDARD,79,79,0,0,0,0,0,SURVIVING
scripts/gekta-qwen-g3e-runtime.py,STANDARD,302,302,0,0,0,0,0,SURVIVING
scripts/gekta-speed-browser-baseline.mjs,STANDARD,412,412,0,0,0,0,0,SURVIVING
scripts/gekta-speed2-model-diagnose.py,STANDARD,726,726,0,0,0,0,0,SURVIVING
scripts/gekta-speed2-real-canary.mjs,STANDARD,103,103,0,0,0,0,0,SURVIVING
scripts/indexnow-submit.mjs,STANDARD,148,148,0,0,0,0,0,SURVIVING
scripts/install-pc-prod-actions-runner.sh,STANDARD,190,179,11,0,0,0,0,SURVIVING
scripts/ip/build-ip-clean-room.mjs,STANDARD,486,377,109,0,0,0,0,SURVIVING
scripts/ip/build-license-map.mjs,STANDARD,302,302,0,0,0,0,0,SURVIVING
scripts/ip/build-license-map.test.mjs,STANDARD,131,131,0,0,0,0,0,SURVIVING
scripts/ip/build-offline-similarity-evidence.mjs,STANDARD,297,264,33,0,0,0,0,SURVIVING
scripts/ip/build-offline-similarity-evidence.test.mjs,STANDARD,79,79,0,0,0,0,0,SURVIVING
scripts/ip/build-sbom-coverage.mjs,STANDARD,362,45,317,0,0,0,0,SURVIVING
scripts/ip/build-sbom-coverage.test.mjs,STANDARD,175,20,155,0,0,0,0,SURVIVING
scripts/ip/license-expression-policy.mjs,STANDARD,82,82,0,0,0,0,0,SURVIVING
scripts/ip/license-expression-policy.test.mjs,STANDARD,25,25,0,0,0,0,0,SURVIVING
scripts/ip/sbom-coverage-model.mjs,STANDARD,177,0,177,0,0,0,0,NONE_SURVIVING
scripts/ip/verify-ip-evidence.mjs,STANDARD,362,284,78,0,0,0,0,SURVIVING
scripts/ip/verify-private-packages.mjs,STANDARD,118,118,0,0,0,0,0,SURVIVING
scripts/ip/verify-qwen-immutability.mjs,STANDARD,181,0,181,0,0,0,0,NONE_SURVIVING
scripts/ip/verify-qwen-immutability.test.mjs,STANDARD,164,0,164,0,0,0,0,NONE_SURVIVING
scripts/one-shot-external-postgres-evidence-authority.py,STANDARD,117,117,0,0,0,0,0,SURVIVING
scripts/p0-employee-join-replay-contract-overlay.py,STANDARD,76,76,0,0,0,0,0,SURVIVING
scripts/p0-employee-team-mfa-contract-overlay.py,STANDARD,66,66,0,0,0,0,0,SURVIVING
scripts/p0-fgis-first-confirmed-lot/verify-audit.mjs,STANDARD,368,293,75,0,0,0,0,SURVIVING
scripts/p0-registration-decision-durable-outbox-patch.py,STANDARD,1259,1259,0,0,0,0,0,SURVIVING
scripts/p0-registration-decision-durable-outbox-runner.py,STANDARD,79,79,0,0,0,0,0,SURVIVING
scripts/p0-registration-resilience-overlay.py,STANDARD,301,301,0,0,0,0,0,SURVIVING
scripts/p7-agent-runner.sh,STANDARD,551,551,0,0,0,0,0,SURVIVING
scripts/p7-autopilot-agent-engine-audit-guard.mjs,STANDARD,65,65,0,0,0,0,0,SURVIVING
scripts/p7-autopilot-agent-engine-audit.mjs,STANDARD,58,58,0,0,0,0,0,SURVIVING
scripts/p7-autopilot-check-analyzer.mjs,STANDARD,194,194,0,0,0,0,0,SURVIVING
scripts/p7-autopilot-controlled-gate.mjs,STANDARD,124,124,0,0,0,0,0,SURVIVING
scripts/p7-autopilot-dispatcher.mjs,STANDARD,281,281,0,0,0,0,0,SURVIVING
scripts/p7-autopilot-e2e-report.mjs,STANDARD,205,205,0,0,0,0,0,SURVIVING
scripts/p7-autopilot-exact-path-unlock.mjs,STANDARD,128,128,0,0,0,0,0,SURVIVING
scripts/p7-autopilot-force-writable-diff.mjs,STANDARD,33,33,0,0,0,0,0,SURVIVING
scripts/p7-autopilot-generated-inline-checks.mjs,STANDARD,99,99,0,0,0,0,0,SURVIVING
scripts/p7-autopilot-generated-merge-and-advance.mjs,STANDARD,147,147,0,0,0,0,0,SURVIVING
scripts/p7-autopilot-generated-merge-reconcile.mjs,STANDARD,521,521,0,0,0,0,0,SURVIVING
scripts/p7-autopilot-generated-state-advance.mjs,STANDARD,113,113,0,0,0,0,0,SURVIVING
scripts/p7-autopilot-guard.sh,STANDARD,810,766,8,0,36,0,0,SURVIVING
scripts/p7-autopilot-guard.test.mjs,STANDARD,1463,1463,0,0,0,0,0,SURVIVING
scripts/p7-autopilot-issue-executor-dry-run.mjs,STANDARD,128,128,0,0,0,0,0,SURVIVING
scripts/p7-autopilot-issue-executor-pr-wiring.mjs,STANDARD,127,127,0,0,0,0,0,SURVIVING
scripts/p7-autopilot-loop-dry-run.mjs,STANDARD,190,190,0,0,0,0,0,SURVIVING
scripts/p7-autopilot-merge-gate.mjs,STANDARD,231,231,0,0,0,0,0,SURVIVING
scripts/p7-autopilot-next-layer.mjs,STANDARD,250,250,0,0,0,0,0,SURVIVING
scripts/p7-autopilot-safe-fix.mjs,STANDARD,173,173,0,0,0,0,0,SURVIVING
scripts/p7-autopilot-safe-task-intake.mjs,STANDARD,185,185,0,0,0,0,0,SURVIVING
scripts/p7-autopilot-scope-cleaner.mjs,STANDARD,94,94,0,0,0,0,0,SURVIVING
scripts/p7-autopilot-scope-proposal-gate.mjs,STANDARD,132,132,0,0,0,0,0,SURVIVING
scripts/p7-autopilot-state-update.mjs,STANDARD,211,211,0,0,0,0,0,SURVIVING
scripts/p7-autopilot-state-validate.mjs,STANDARD,272,272,0,0,0,0,0,SURVIVING
scripts/p7-autopilot.sh,STANDARD,19,19,0,0,0,0,0,SURVIVING
scripts/p7-scope-governance-apply.mjs,STANDARD,29,29,0,0,0,0,0,SURVIVING
scripts/p7-source-controlled-scope.mjs,STANDARD,80,80,0,0,0,0,0,SURVIVING
scripts/p7-source-controlled-scope.test.mjs,STANDARD,101,101,0,0,0,0,0,SURVIVING
scripts/pc-crop-01b1-postgresql-acceptance.sh,STANDARD,178,178,0,0,0,0,0,SURVIVING
scripts/pc-crop-08a/artifact_intake.py,STANDARD,714,714,0,0,0,0,0,SURVIVING
scripts/pc-crop-08a/test_artifact_intake.py,STANDARD,185,185,0,0,0,0,0,SURVIVING
scripts/pc-crop-08b/catalog_constants.py,STANDARD,45,45,0,0,0,0,0,SURVIVING
scripts/pc-crop-08b/catalog_generate.py,STANDARD,197,197,0,0,0,0,0,SURVIVING
scripts/pc-crop-08b/catalog_xml.py,STANDARD,135,135,0,0,0,0,0,SURVIVING
scripts/pc-crop-08b/finalize_contract_catalog.py,STANDARD,209,209,0,0,0,0,0,SURVIVING
scripts/pc-crop-08b/generate_contract_catalog.py,STANDARD,716,716,0,0,0,0,0,SURVIVING
scripts/pc-crop-08b/generate_runtime_operations.py,STANDARD,75,75,0,0,0,0,0,SURVIVING
scripts/pc-crop-08b/test_generate_contract_catalog.py,STANDARD,76,76,0,0,0,0,0,SURVIVING
scripts/pc-crop-08b/verify_independent_catalog.py,STANDARD,149,149,0,0,0,0,0,SURVIVING
scripts/pc-crop-08c/verify.mjs,STANDARD,176,176,0,0,0,0,0,SURVIVING
scripts/pc-crop-08d/generate_signing_policy.py,STANDARD,477,477,0,0,0,0,0,SURVIVING
scripts/pc-crop-08d/verify.mjs,STANDARD,180,180,0,0,0,0,0,SURVIVING
scripts/pc-crop-08e/verify.mjs,STANDARD,164,164,0,0,0,0,0,SURVIVING
scripts/pc-crop-08f/normalize-signature-authority.mjs,STANDARD,75,75,0,0,0,0,0,SURVIVING
scripts/pc-crop-08f/verify.mjs,STANDARD,149,149,0,0,0,0,0,SURVIVING
scripts/pc-crop-08h/sync-prisma-schema.mjs,STANDARD,105,105,0,0,0,0,0,SURVIVING
scripts/pc-crop-08h/verify.mjs,STANDARD,48,48,0,0,0,0,0,SURVIVING
scripts/pc-crop-08i/sync-prisma-schema.mjs,STANDARD,166,166,0,0,0,0,0,SURVIVING
scripts/pc-crop-08i/verify.mjs,STANDARD,95,95,0,0,0,0,0,SURVIVING
scripts/pc-crop-10a/verify.mjs,STANDARD,740,740,0,0,0,0,0,SURVIVING
scripts/pc-crop-10b/verify.mjs,STANDARD,327,327,0,0,0,0,0,SURVIVING
scripts/pc-crop-10c-predecessor-trigger-handoff.mjs,STANDARD,209,209,0,0,0,0,0,SURVIVING
scripts/pc-crop-10c/verify.mjs,STANDARD,624,624,0,0,0,0,0,SURVIVING
scripts/pc-crop-10d/verify.mjs,STANDARD,418,418,0,0,0,0,0,SURVIVING
scripts/pc-crop-predecessor-trigger-governance.mjs,STANDARD,250,250,0,0,0,0,0,SURVIVING
scripts/pc-crop-successor-trigger-governance.mjs,STANDARD,231,231,0,0,0,0,0,SURVIVING
scripts/pc-p0-staff-api-origin-local-repair.sh,STANDARD,526,526,0,0,0,0,0,SURVIVING
scripts/pc-tai-controller-sync.sh,STANDARD,266,266,0,0,0,0,0,SURVIVING
scripts/pc-tai-release-controller-core.sh,STANDARD,942,938,4,0,0,0,0,SURVIVING
scripts/pc-tai-release-controller.sh,STANDARD,100,100,0,0,0,0,0,SURVIVING
scripts/pilot-up.sh,STANDARD,32,32,0,0,0,0,0,SURVIVING
scripts/platform-v7-database-dr-rehearsal.sh,STANDARD,1646,1559,83,0,4,0,0,SURVIVING
scripts/platform-v7-forward-only-migration-check.mjs,STANDARD,146,146,0,0,0,0,0,SURVIVING
scripts/platform-v7-lighthouse-summary.mjs,STANDARD,137,137,0,0,0,0,0,SURVIVING
scripts/platform-v7-one-deal-e2e.sh,STANDARD,1218,1163,34,0,21,0,0,SURVIVING
scripts/platform-v7-rls-apply-rehearsal.sh,STANDARD,153,153,0,0,0,0,0,SURVIVING
scripts/platform-v7-rls-integration.sh,STANDARD,826,565,259,0,0,2,0,SURVIVING
scripts/platform-v7-rls-rollback-rehearsal.sh,STANDARD,17,17,0,0,0,0,0,SURVIVING
scripts/platform-v7-rls-validate.mjs,STANDARD,150,150,0,0,0,0,0,SURVIVING
scripts/platform-v7-route-inventory.mjs,STANDARD,187,187,0,0,0,0,0,SURVIVING
scripts/production-auth-mail-outbox-cutover-core.sh,STANDARD,565,565,0,0,0,0,0,SURVIVING
scripts/production-auth-mail-outbox-cutover.sh,STANDARD,523,523,0,0,0,0,0,SURVIVING
scripts/production-auth-mail-worker-remount-f166-v2.sh,STANDARD,207,207,0,0,0,0,0,SURVIVING
scripts/production-db-principal-observer.sh,STANDARD,147,147,0,0,0,0,0,SURVIVING
scripts/production-docker-headroom-recovery.sh,STANDARD,407,407,0,0,0,0,0,SURVIVING
scripts/production-full-stack-exact-sha.sh,STANDARD,1213,1189,24,0,0,0,0,SURVIVING
scripts/production-full-stack-live-acceptance.sh,STANDARD,163,155,0,0,8,0,0,SURVIVING
scripts/production-gekta-first-user-acceptance.mjs,STANDARD,697,697,0,0,0,0,0,SURVIVING
scripts/production-gekta-first-user-mail-diagnostic.sh,STANDARD,508,508,0,0,0,0,0,SURVIVING
scripts/production-market-release-preflight.py,STANDARD,961,961,0,0,0,0,0,SURVIVING
scripts/production-p0-all-role-registration.sh,STANDARD,97,97,0,0,0,0,0,SURVIVING
scripts/production-p0-auth-legacy-alias-diagnostic-v4-3785.sh,STANDARD,103,103,0,0,0,0,0,SURVIVING
scripts/production-p0-auth-mail-api-principal-acl-repair-3785.sh,STANDARD,471,471,0,0,0,0,0,SURVIVING
scripts/production-p0-auth-mail-api-principal-acl-repair-v2-3785.sh,STANDARD,554,554,0,0,0,0,0,SURVIVING
scripts/production-p0-auth-mail-api-principal-acl-repair-v3-3785.sh,STANDARD,551,551,0,0,0,0,0,SURVIVING
scripts/production-p0-auth-mail-authority-cli-classifier-v2-3785.sh,STANDARD,359,359,0,0,0,0,0,SURVIVING
scripts/production-p0-auth-mail-authority-inspect-classifier-3785.sh,STANDARD,414,414,0,0,0,0,0,SURVIVING
scripts/production-p0-auth-mail-compose-contract-classifier-31905081981.sh,STANDARD,253,253,0,0,0,0,0,SURVIVING
scripts/production-p0-auth-mail-db-authority-split-31982996511.sh,STANDARD,646,646,0,0,0,0,0,SURVIVING
scripts/production-p0-auth-mail-db-preflight-31980524957.sh,STANDARD,345,345,0,0,0,0,0,SURVIVING
scripts/production-p0-auth-mail-db-preflight-v2-31981767179.sh,STANDARD,493,493,0,0,0,0,0,SURVIVING
scripts/production-p0-auth-mail-db-preflight-v2-parsefix-31981767179.sh,STANDARD,55,55,0,0,0,0,0,SURVIVING
scripts/production-p0-auth-mail-db-role-acl-probe-31982996511.sh,STANDARD,411,411,0,0,0,0,0,SURVIVING
scripts/production-p0-auth-mail-function-oid-classifier-3785.sh,STANDARD,115,115,0,0,0,0,0,SURVIVING
scripts/production-p0-auth-mail-runtime-boundary-diagnostic-beed.sh,STANDARD,243,243,0,0,0,0,0,SURVIVING
scripts/production-p0-auth-mail-runtime-principal-postverify-31996401705.sh,STANDARD,435,435,0,0,0,0,0,SURVIVING
scripts/production-p0-auth-mail-worker-compose-diff-diagnostic.sh,STANDARD,92,92,0,0,0,0,0,SURVIVING
scripts/production-p0-auth-mail-worker-realign-current-runtime.sh,STANDARD,234,234,0,0,0,0,0,SURVIVING
scripts/production-p0-auth-principal-invariant-diagnostic-v3-3785.sh,STANDARD,103,103,0,0,0,0,0,SURVIVING
scripts/production-p0-employee-join-current-inspect.sh,STANDARD,508,508,0,0,0,0,0,SURVIVING
scripts/production-p0-employee-join-notification-inspect.sh,STANDARD,265,265,0,0,0,0,0,SURVIVING
scripts/production-p0-employee-join-state-inspect.sh,STANDARD,383,383,0,0,0,0,0,SURVIVING
scripts/production-p0-first-customer-acceptance.sh,STANDARD,89,89,0,0,0,0,0,SURVIVING
scripts/production-p0-first-customer-preflight-diagnostic-3785.sh,STANDARD,342,342,0,0,0,0,0,SURVIVING
scripts/production-p0-first-customer-preflight-diagnostic-v2-3785.sh,STANDARD,84,84,0,0,0,0,0,SURVIVING
scripts/production-p0-imap-mail-correlation-readonly.py,STANDARD,208,208,0,0,0,0,0,SURVIVING
scripts/production-p0-legacy-web-mail-readonly.sh,STANDARD,67,67,0,0,0,0,0,SURVIVING
scripts/production-p0-mailbox-protected-input-classifier.sh,STANDARD,152,152,0,0,0,0,0,SURVIVING
scripts/production-p0-password-reset-diagnostic.sh,STANDARD,329,329,0,0,0,0,0,SURVIVING
scripts/production-p0-regru-coherent-mailbox-proof.py,STANDARD,238,238,0,0,0,0,0,SURVIVING
scripts/production-p0-regru-coherent-mailbox-runtime.sh,STANDARD,115,115,0,0,0,0,0,SURVIVING
scripts/production-p0-regru-live-container-mail-recover.sh,STANDARD,423,423,0,0,0,0,0,SURVIVING
scripts/production-p0-regru-live-resend-recover.sh,STANDARD,270,270,0,0,0,0,0,SURVIVING
scripts/production-p0-regru-mailbox-smtp-bridge-v2.sh,STANDARD,208,208,0,0,0,0,0,SURVIVING
scripts/production-p0-regru-mailbox-smtp-proof.py,STANDARD,330,330,0,0,0,0,0,SURVIVING
scripts/production-p0-retire-stale-fixtures-v2.cjs,STANDARD,306,306,0,0,0,0,0,SURVIVING
scripts/production-p0-retire-stale-fixtures-v3.cjs,STANDARD,407,407,0,0,0,0,0,SURVIVING
scripts/production-p0-retire-stale-fixtures.cjs,STANDARD,245,245,0,0,0,0,0,SURVIVING
scripts/production-p0-reviewer-auth-mail-runtime-wiring-31901032491.sh,STANDARD,201,201,0,0,0,0,0,SURVIVING
scripts/production-p0-reviewer-inspect.sh,STANDARD,594,594,0,0,0,0,0,SURVIVING
scripts/production-p0-reviewer-membership-repair.sh,STANDARD,309,309,0,0,0,0,0,SURVIVING
scripts/production-p0-reviewer-one-shot-reset-auth-31926729134.sh,STANDARD,277,277,0,0,0,0,0,SURVIVING
scripts/production-p0-reviewer-password-reset-request-deployed-50990d.sh,STANDARD,114,114,0,0,0,0,0,SURVIVING
scripts/production-p0-reviewer-password-reset-request-deployed.sh,STANDARD,87,87,0,0,0,0,0,SURVIVING
scripts/production-p0-reviewer-password-reset-request.sh,STANDARD,488,488,0,0,0,0,0,SURVIVING
scripts/production-p0-reviewer-repair-diagnose-deployed-sha.sh,STANDARD,298,298,0,0,0,0,0,SURVIVING
scripts/production-p0-reviewer-repair-diagnose.sh,STANDARD,343,343,0,0,0,0,0,SURVIVING
scripts/production-p0-reviewer-reset-api-failure-31901032491.sh,STANDARD,273,273,0,0,0,0,0,SURVIVING
scripts/production-p0-reviewer-reset-attempt-31781887205.sh,STANDARD,147,147,0,0,0,0,0,SURVIVING
scripts/production-p0-reviewer-reset-attempt-31819549601.sh,STANDARD,135,135,0,0,0,0,0,SURVIVING
scripts/production-p0-reviewer-reset-attempt-31821893070.sh,STANDARD,135,135,0,0,0,0,0,SURVIVING
scripts/production-p0-reviewer-reset-attempt-31896239515.sh,STANDARD,135,135,0,0,0,0,0,SURVIVING
scripts/production-p0-reviewer-reset-attempt-31899275062.sh,STANDARD,135,135,0,0,0,0,0,SURVIVING
scripts/production-p0-reviewer-reset-attempt-31899466474.sh,STANDARD,135,135,0,0,0,0,0,SURVIVING
scripts/production-p0-reviewer-reset-attempt-31899902138.sh,STANDARD,135,135,0,0,0,0,0,SURVIVING
scripts/production-p0-reviewer-reset-attempt-31901032491.sh,STANDARD,135,135,0,0,0,0,0,SURVIVING
scripts/production-p0-reviewer-reset-attempt-31914566925.sh,STANDARD,135,135,0,0,0,0,0,SURVIVING
scripts/production-p0-reviewer-reset-attempt-31917500605.sh,STANDARD,135,135,0,0,0,0,0,SURVIVING
scripts/production-p0-reviewer-reset-attempt-31920384152.sh,STANDARD,135,135,0,0,0,0,0,SURVIVING
scripts/production-p0-reviewer-reset-attempt-classifier.sh,STANDARD,1545,1545,0,0,0,0,0,SURVIVING
scripts/production-p0-reviewer-reset-auth-durable.sh,STANDARD,446,446,0,0,0,0,0,SURVIVING
scripts/production-p0-reviewer-reset-continuation-patch.py,STANDARD,163,163,0,0,0,0,0,SURVIVING
scripts/production-p0-reviewer-reset-current-deployed.sh,STANDARD,109,109,0,0,0,0,0,SURVIVING
scripts/production-p0-reviewer-reset-db-stage-classifier.sh,STANDARD,418,418,0,0,0,0,0,SURVIVING
scripts/production-p0-reviewer-reset-delivery-diagnostic.sh,STANDARD,416,416,0,0,0,0,0,SURVIVING
scripts/production-p0-reviewer-reset-drift-tolerant-preflight.sh,STANDARD,608,608,0,0,0,0,0,SURVIVING
scripts/production-p0-reviewer-reset-enqueue-db-state.sh,STANDARD,357,357,0,0,0,0,0,SURVIVING
scripts/production-p0-reviewer-reset-fixed-deployed.sh,STANDARD,375,375,0,0,0,0,0,SURVIVING
scripts/production-p0-reviewer-reset-http-diagnostic.sh,STANDARD,281,281,0,0,0,0,0,SURVIVING
scripts/production-p0-reviewer-reset-incident-diagnostic.sh,STANDARD,430,430,0,0,0,0,0,SURVIVING
scripts/production-p0-reviewer-reset-no-outbox-classifier.sh,STANDARD,119,119,0,0,0,0,0,SURVIVING
scripts/production-p0-reviewer-reset-preflight-deployed-50990d.sh,STANDARD,326,326,0,0,0,0,0,SURVIVING
scripts/production-p0-reviewer-reset-remote-diagnostic-50990d.sh,STANDARD,297,297,0,0,0,0,0,SURVIVING
scripts/production-p0-reviewer-reset-route-diagnostic.sh,STANDARD,272,272,0,0,0,0,0,SURVIVING
scripts/production-p0-reviewer-reset-runtime-preflight-31901032491.sh,STANDARD,349,349,0,0,0,0,0,SURVIVING
scripts/production-p0-reviewer-reset-stack-classifier-31901032491.sh,STANDARD,165,165,0,0,0,0,0,SURVIVING
scripts/production-p0-reviewer-reset-stack-classifier-31974946435.sh,STANDARD,276,276,0,0,0,0,0,SURVIVING
scripts/production-p0-reviewer-reset-subject-diagnostic.sh,STANDARD,285,285,0,0,0,0,0,SURVIVING
scripts/production-p0-reviewer-smtp-451-detail.sh,STANDARD,108,108,0,0,0,0,0,SURVIVING
scripts/production-p0-reviewer-smtp-stage-probe.sh,STANDARD,418,418,0,0,0,0,0,SURVIVING
scripts/production-p0-staff-api-origin-runtime-repair.sh,STANDARD,487,487,0,0,0,0,0,SURVIVING
scripts/production-p0-staff-unavailable-diagnostic.sh,STANDARD,276,276,0,0,0,0,0,SURVIVING
scripts/production-p0-stale-first-customer-marker-classifier.cjs,STANDARD,111,111,0,0,0,0,0,SURVIVING
scripts/production-p0-web-container-smtp-delivery-proof.sh,STANDARD,483,483,0,0,0,0,0,SURVIVING
scripts/production-pc-crop-w1-migrations.sh,STANDARD,290,290,0,0,0,0,0,SURVIVING
scripts/production-presentation-download-acceptance.sh,STANDARD,78,78,0,0,0,0,0,SURVIVING
scripts/production-public-static-readiness.sh,STANDARD,129,129,0,0,0,0,0,SURVIVING
scripts/production-role-eligibility-api-release.sh,STANDARD,316,316,0,0,0,0,0,SURVIVING
scripts/production-role-eligibility-authoritative-readiness.sh,STANDARD,384,384,0,0,0,0,0,SURVIVING
scripts/production-role-eligibility-corpus-provenance.sh,STANDARD,196,196,0,0,0,0,0,SURVIVING
scripts/production-role-eligibility-enforcement-migration.sh,STANDARD,307,307,0,0,0,0,0,SURVIVING
scripts/production-role-eligibility-fns-rsmp-import.cjs,STANDARD,415,415,0,0,0,0,0,SURVIVING
scripts/production-role-eligibility-fns-rsmp-import.sh,STANDARD,214,214,0,0,0,0,0,SURVIVING
scripts/production-role-eligibility-readiness.sh,STANDARD,246,246,0,0,0,0,0,SURVIVING
scripts/production-role-eligibility-worker.sh,STANDARD,141,141,0,0,0,0,0,SURVIVING
scripts/production-web-exact-sha.sh,STANDARD,449,449,0,0,0,0,0,SURVIVING
scripts/production-web-live-acceptance.sh,STANDARD,265,265,0,0,0,0,0,SURVIVING
scripts/production-web-remote-entrypoint.sh,STANDARD,193,193,0,0,0,0,0,SURVIVING
scripts/provision-production-auth-mail-runtime.sh,STANDARD,352,352,0,0,0,0,0,SURVIVING
scripts/provision-production-auth-opaque-token-key.sh,STANDARD,326,326,0,0,0,0,0,SURVIVING
scripts/provision-production-gekta-mfa-runtime.sh,STANDARD,212,212,0,0,0,0,0,SURVIVING
scripts/provision-production-gekta-runtime.sh,STANDARD,207,207,0,0,0,0,0,SURVIVING
scripts/provision-production-p0-password-reset-runtime.sh,STANDARD,244,244,0,0,0,0,0,SURVIVING
scripts/provision-production-posthog-public-analytics.sh,STANDARD,300,300,0,0,0,0,0,SURVIVING
scripts/provision-production-staff-database-url.sh,STANDARD,146,146,0,0,0,0,0,SURVIVING
scripts/release/build-exact-head-images.sh,STANDARD,82,82,0,0,0,0,0,SURVIVING
scripts/release/build-immutable-release-manifest.mjs,STANDARD,82,82,0,0,0,0,0,SURVIVING
scripts/release/build-immutable-rollback.mjs,STANDARD,66,66,0,0,0,0,0,SURVIVING
scripts/release/build-production-like-kubernetes-evidence.mjs,STANDARD,234,232,0,0,2,0,0,SURVIVING
scripts/release/build-production-like-outbox-runtime-evidence.mjs,STANDARD,163,163,0,0,0,0,0,SURVIVING
scripts/release/enforce-production-like-outbox-runtime-evidence.mjs,STANDARD,79,79,0,0,0,0,0,SURVIVING
scripts/release/immutable-release-lib.mjs,STANDARD,156,156,0,0,0,0,0,SURVIVING
scripts/release/ir20-api-database-binding.py,STANDARD,277,277,0,0,0,0,0,SURVIVING
scripts/release/ir20-restore-drill.sh,STANDARD,296,296,0,0,0,0,0,SURVIVING
scripts/release/materialize-prisma-client.mjs,STANDARD,67,67,0,0,0,0,0,SURVIVING
scripts/release/production-like-kubernetes-acceptance.sh,STANDARD,174,174,0,0,0,0,0,SURVIVING
scripts/release/production-like-kubernetes-build.sh,STANDARD,258,258,0,0,0,0,0,SURVIVING
scripts/release/production-like-kubernetes-cluster.sh,STANDARD,649,622,27,0,0,0,0,SURVIVING
scripts/release/production-like-kubernetes-enforce-evidence.mjs,STANDARD,57,57,0,0,0,0,0,SURVIVING
scripts/release/production-like-kubernetes-evidence-collection.sh,STANDARD,59,59,0,0,0,0,0,SURVIVING
scripts/release/production-like-kubernetes-fallback-evidence.mjs,STANDARD,35,35,0,0,0,0,0,SURVIVING
scripts/release/production-like-kubernetes-independent-review-test.sh,STANDARD,174,174,0,0,0,0,0,SURVIVING
scripts/release/production-like-kubernetes-independent-review.sh,STANDARD,330,330,0,0,0,0,0,SURVIVING
scripts/release/production-like-kubernetes-kafka-storage-test.sh,STANDARD,215,215,0,0,0,0,0,SURVIVING
scripts/release/production-like-kubernetes-kafka-storage.sh,STANDARD,213,213,0,0,0,0,0,SURVIVING
scripts/release/production-like-kubernetes-migration-runtime.mjs,STANDARD,55,55,0,0,0,0,0,SURVIVING
scripts/release/production-like-kubernetes-object-storage.sh,STANDARD,94,94,0,0,0,0,0,SURVIVING
scripts/release/production-like-kubernetes-outbox-runtime-base.sh,STANDARD,666,666,0,0,0,0,0,SURVIVING
scripts/release/production-like-kubernetes-outbox-runtime.sh,STANDARD,469,469,0,0,0,0,0,SURVIVING
scripts/release/production-like-kubernetes-outbox-stale-token.sh,STANDARD,263,263,0,0,0,0,0,SURVIVING
scripts/release/production-like-kubernetes-pgbouncer-evidence.sh,STANDARD,16,14,0,0,2,0,0,SURVIVING
scripts/release/production-like-kubernetes-pgbouncer.sh,STANDARD,51,46,1,0,4,0,0,SURVIVING
scripts/release/production-like-kubernetes-post-build-cleanup.sh,STANDARD,33,33,0,0,0,0,0,SURVIVING
scripts/release/production-like-kubernetes-runtime-config.sh,STANDARD,180,180,0,0,0,0,0,SURVIVING
scripts/release/production-like-kubernetes-source-preflight-test.sh,STANDARD,175,175,0,0,0,0,0,SURVIVING
scripts/release/production-like-kubernetes-verify.sh,STANDARD,349,349,0,0,0,0,0,SURVIVING
scripts/release/production-like-kubernetes-worker-smoke.sh,STANDARD,29,29,0,0,0,0,0,SURVIVING
scripts/release/render-immutable-release-values.mjs,STANDARD,102,102,0,0,0,0,0,SURVIVING
scripts/release/test-ir20-api-database-binding-integration.py,STANDARD,160,160,0,0,0,0,0,SURVIVING
scripts/release/test-ir20-api-database-binding.py,STANDARD,291,291,0,0,0,0,0,SURVIVING
scripts/release/test-ir20-restore-drill-integration.sh,STANDARD,58,58,0,0,0,0,0,SURVIVING
scripts/release/test-ir20-restore-drill.py,STANDARD,512,512,0,0,0,0,0,SURVIVING
scripts/release/test-production-image-binding.py,STANDARD,295,295,0,0,0,0,0,SURVIVING
scripts/release/validate-immutable-release.mjs,STANDARD,23,23,0,0,0,0,0,SURVIVING
scripts/release/validate-production-like-outbox-runtime-counts.mjs,STANDARD,84,84,0,0,0,0,0,SURVIVING
scripts/release/validate-release-authority-source.mjs,STANDARD,193,193,0,0,0,0,0,SURVIVING
scripts/release/verify-production-image-binding.py,STANDARD,147,147,0,0,0,0,0,SURVIVING
scripts/release/verify-published-outbox-worker.mjs,STANDARD,62,62,0,0,0,0,0,SURVIVING
scripts/release/verify-published-outbox-worker.test.mjs,STANDARD,66,66,0,0,0,0,0,SURVIVING
scripts/resume-pc-prod-actions-runner.sh,STANDARD,186,178,8,0,0,0,0,SURVIVING
scripts/role-eligibility-enforcement-state-smoke.sh,STANDARD,182,182,0,0,0,0,0,SURVIVING
scripts/role-eligibility-fgis-contract-probe.mjs,STANDARD,583,583,0,0,0,0,0,SURVIVING
scripts/role-eligibility-fns-rsmp-archive-topology.mjs,STANDARD,415,415,0,0,0,0,0,SURVIVING
scripts/role-eligibility-fns-rsmp-archive-topology.test.mjs,STANDARD,108,108,0,0,0,0,0,SURVIVING
scripts/role-eligibility-fns-rsmp-import-contract.mjs,STANDARD,186,186,0,0,0,0,0,SURVIVING
scripts/role-eligibility-fns-rsmp-import-contract.test.mjs,STANDARD,121,121,0,0,0,0,0,SURVIVING
scripts/role-eligibility-load-db-setup.sh,STANDARD,29,29,0,0,0,0,0,SURVIVING
scripts/role-eligibility-load-fault.sh,STANDARD,137,137,0,0,0,0,0,SURVIVING
scripts/role-eligibility-postgres-smoke.sh,STANDARD,242,242,0,0,0,0,0,SURVIVING
scripts/role-eligibility-registration-principal-smoke.sh,STANDARD,93,93,0,0,0,0,0,SURVIVING
scripts/role-eligibility-runtime-principal-smoke.sh,STANDARD,73,73,0,0,0,0,0,SURVIVING
scripts/run-repo-build-test-contour.mjs,STANDARD,42,2,40,0,0,0,0,SURVIVING
scripts/security/asvs-decisions.mjs,STANDARD,181,181,0,0,0,0,0,SURVIVING
scripts/security/asvs-decisions.test.mjs,STANDARD,216,216,0,0,0,0,0,SURVIVING
scripts/security/build-asvs-matrix.mjs,STANDARD,437,437,0,0,0,0,0,SURVIVING
scripts/security/build-asvs-matrix.test.mjs,STANDARD,421,421,0,0,0,0,0,SURVIVING
scripts/security/build-evidence-manifest.mjs,STANDARD,304,304,0,0,0,0,0,SURVIVING
scripts/security/build-runtime-security-manifest.mjs,STANDARD,223,223,0,0,0,0,0,SURVIVING
scripts/security/capture-base-security-jobs.contract.mjs,STANDARD,240,240,0,0,0,0,0,SURVIVING
scripts/security/capture-base-security-jobs.mjs,STANDARD,400,400,0,0,0,0,0,SURVIVING
scripts/security/discover-cryptography.mjs,STANDARD,244,244,0,0,0,0,0,SURVIVING
scripts/security/discover-cryptography.test.mjs,STANDARD,95,95,0,0,0,0,0,SURVIVING
scripts/security/run-abuse-gate.mjs,STANDARD,261,261,0,0,0,0,0,SURVIVING
scripts/security/scan-secret-history.mjs,STANDARD,205,0,205,0,0,0,0,NONE_SURVIVING
scripts/security/scan-secret-history.test.mjs,STANDARD,79,0,79,0,0,0,0,NONE_SURVIVING
scripts/security/security-abuse-cases.json,STANDARD,163,163,0,0,0,0,0,SURVIVING
scripts/security/test-evaluator-fail-closed.mjs,STANDARD,119,119,0,0,0,0,0,SURVIVING
scripts/security/validate-optional-runtime-retirement.mjs,STANDARD,282,282,0,0,0,0,0,SURVIVING
scripts/security/validate-runtime-contexts.mjs,STANDARD,265,265,0,0,0,0,0,SURVIVING
scripts/security/verify-action-pinning.mjs,STANDARD,150,26,124,0,0,0,0,SURVIVING
scripts/security/verify-action-pinning.test.mjs,STANDARD,205,73,132,0,0,0,0,SURVIVING
scripts/security/verify-authentication-pathways.test.mjs,STANDARD,132,132,0,0,0,0,0,SURVIVING
scripts/security/verify-crypto-migration-plan.mjs,STANDARD,123,123,0,0,0,0,0,SURVIVING
scripts/security/verify-crypto-migration-plan.test.mjs,STANDARD,82,82,0,0,0,0,0,SURVIVING
scripts/security/verify-decision-evidence.mjs,STANDARD,127,127,0,0,0,0,0,SURVIVING
scripts/security/verify-decision-evidence.test.mjs,STANDARD,104,104,0,0,0,0,0,SURVIVING
scripts/security/verify-key-usage.mjs,STANDARD,100,100,0,0,0,0,0,SURVIVING
scripts/security/verify-key-usage.test.mjs,STANDARD,82,82,0,0,0,0,0,SURVIVING
scripts/security/verify-request-validation-coverage.mjs,STANDARD,339,339,0,0,0,0,0,SURVIVING
scripts/security/verify-request-validation-coverage.test.mjs,STANDARD,286,286,0,0,0,0,0,SURVIVING
scripts/security/verify-web-unit-coverage.mjs,STANDARD,162,162,0,0,0,0,0,SURVIVING
scripts/security/verify-web-unit-coverage.test.mjs,STANDARD,165,165,0,0,0,0,0,SURVIVING
scripts/select-tai-owner-preflight-run.mjs,STANDARD,44,44,0,0,0,0,0,SURVIVING
scripts/select-tai-owner-preflight-status.mjs,STANDARD,81,81,0,0,0,0,0,SURVIVING
scripts/select-tai-restricted-qwen-activation-status.mjs,STANDARD,74,74,0,0,0,0,0,SURVIVING
scripts/smoke-check.mjs,STANDARD,52,52,0,0,0,0,0,SURVIVING
scripts/smoke-web.mjs,STANDARD,111,111,0,0,0,0,0,SURVIVING
scripts/sql/identity-rls-no-inert-policies.sql,STANDARD,226,226,0,0,0,0,0,SURVIVING
scripts/sql/identity-rls-staff-checks.sql,STANDARD,330,0,330,0,0,0,0,NONE_SURVIVING
scripts/sql/identity-rls-tenant-checks.sql,STANDARD,674,213,461,0,0,0,0,SURVIVING
scripts/sql/pc-crop-accounting-rls-checks.sql,STANDARD,3168,0,3168,0,0,0,0,NONE_SURVIVING
scripts/tai-ap-14f0/verify.mjs,STANDARD,479,479,0,0,0,0,0,SURVIVING
scripts/tai-ap-14f1a/verify.mjs,STANDARD,293,293,0,0,0,0,0,SURVIVING
scripts/tai-ap-14f1b/verify.mjs,STANDARD,347,347,0,0,0,0,0,SURVIVING
scripts/tai-ap-14f1b2/verify.mjs,STANDARD,272,272,0,0,0,0,0,SURVIVING
scripts/tai-ap-14f1c/discover.mjs,STANDARD,781,781,0,0,0,0,0,SURVIVING
scripts/tai-ap-14f1c/verify.py,STANDARD,278,278,0,0,0,0,0,SURVIVING
scripts/tai-ap-14f1d/verify.py,STANDARD,348,348,0,0,0,0,0,SURVIVING
scripts/tai-conversation-subject-contract.mjs,STANDARD,60,0,60,0,0,0,0,NONE_SURVIVING
scripts/tai-incomplete-deployment-recovery.sh,STANDARD,262,262,0,0,0,0,0,SURVIVING
scripts/tai-live-public-ai-acceptance.mjs,STANDARD,902,287,565,0,50,0,0,SURVIVING
scripts/tai-potato-mobile-live-acceptance.mjs,STANDARD,481,182,9,0,290,0,0,SURVIVING
scripts/tai-public-assessment-contract.mjs,STANDARD,159,0,159,0,0,0,0,NONE_SURVIVING
scripts/tai-public-non-tai-acl-repair-v2.sh,STANDARD,270,270,0,0,0,0,0,SURVIVING
scripts/tai-public-non-tai-acl-repair.sh,STANDARD,423,423,0,0,0,0,0,SURVIVING
scripts/tai-reg-ru-deploy.sh,STANDARD,1372,1368,0,0,4,0,0,SURVIVING
scripts/tai-reg-ru-preflight.sh,STANDARD,475,475,0,0,0,0,0,SURVIVING
scripts/tai-restricted-qwen-reg-ru-activate.sh,STANDARD,261,261,0,0,0,0,0,SURVIVING
scripts/tai-runtime-role-direct-grant-repair.sh,STANDARD,507,507,0,0,0,0,0,SURVIVING
scripts/tai-runtime-role-repair.sh,STANDARD,520,520,0,0,0,0,0,SURVIVING
scripts/tai-speed-baseline.mjs,STANDARD,707,707,0,0,0,0,0,SURVIVING
scripts/tai_model_artifact_evidence.py,STANDARD,291,291,0,0,0,0,0,SURVIVING
scripts/test-production-full-stack-ssh-fingerprint.py,STANDARD,74,74,0,0,0,0,0,SURVIVING
scripts/test-production-like-outbox-runtime-evidence.mjs,STANDARD,223,223,0,0,0,0,0,SURVIVING
scripts/test-production-market-release-preflight.py,STANDARD,781,781,0,0,0,0,0,SURVIVING
scripts/test-production-release-target-isolation.py,STANDARD,300,300,0,0,0,0,0,SURVIVING
scripts/test-provider-independent-readiness-workflow.mjs,STANDARD,306,306,0,0,0,0,0,SURVIVING
scripts/validate-pnpm-audit.mjs,STANDARD,121,121,0,0,0,0,0,SURVIVING
scripts/validate-pnpm-audit.test.mjs,STANDARD,103,103,0,0,0,0,0,SURVIVING
scripts/verify-14-problems-hardening.mjs,STANDARD,43,0,43,0,0,0,0,NONE_SURVIVING
scripts/verify-p7-scope-governance.mjs,STANDARD,94,94,0,0,0,0,0,SURVIVING
scripts/verify-pc-crop-01a-scope-isolation.test.mjs,STANDARD,123,123,0,0,0,0,0,SURVIVING
scripts/verify-pc-crop-01a.mjs,STANDARD,264,264,0,0,0,0,0,SURVIVING
scripts/verify-pc-crop-01b1.mjs,STANDARD,169,169,0,0,0,0,0,SURVIVING
scripts/verify-pc-crop-01b3-scope-boundary.test.mjs,STANDARD,167,167,0,0,0,0,0,SURVIVING
scripts/verify-pc-crop-07a.mjs,STANDARD,269,269,0,0,0,0,0,SURVIVING
scripts/verify-pc-crop-07b.mjs,STANDARD,212,212,0,0,0,0,0,SURVIVING
scripts/verify-pc-crop-auction-inventory-scope.test.mjs,STANDARD,47,47,0,0,0,0,0,SURVIVING
scripts/verify-pc-crop-commercial-rules-scope.test.mjs,STANDARD,94,94,0,0,0,0,0,SURVIVING
scripts/verify-pc-crop-governance.mjs,STANDARD,104,104,0,0,0,0,0,SURVIVING
scripts/verify-pc-crop-integration-binding-scope.test.mjs,STANDARD,93,93,0,0,0,0,0,SURVIVING
scripts/verify-pc-crop-inventory-scope.test.mjs,STANDARD,41,41,0,0,0,0,0,SURVIVING
scripts/verify-pc-crop-project-lock.mjs,STANDARD,905,383,519,0,3,0,0,SURVIVING
scripts/verify-pc-crop-provider-registry-scope.test.mjs,STANDARD,99,99,0,0,0,0,0,SURVIVING
scripts/verify-pc-crop-service-marketplace-scope.test.mjs,STANDARD,120,120,0,0,0,0,0,SURVIVING
scripts/verify-tai-preflight-report.mjs,STANDARD,183,183,0,0,0,0,0,SURVIVING
scripts/verify-tai-upstream-workflow-jobs.mjs,STANDARD,75,75,0,0,0,0,0,SURVIVING
scripts/write-deploy-evidence.mjs,STANDARD,32,32,0,0,0,0,0,SURVIVING
shared/ai-local-kb.seed.jsonl,STANDARD,41,0,41,0,0,0,0,NONE_SURVIVING
shared/role-contract.test.ts,STANDARD,126,0,126,0,0,0,0,NONE_SURVIVING
shared/role-contract.ts,STANDARD,74,0,74,0,0,0,0,NONE_SURVIVING
shared/runtime-modes.ts,STANDARD,22,0,22,0,0,0,0,NONE_SURVIVING
shared/runtime-snapshot.test.ts,STANDARD,68,0,68,0,0,0,0,NONE_SURVIVING
shared/runtime-snapshot.ts,STANDARD,102,0,102,0,0,0,0,NONE_SURVIVING
shared/runtime-store.ts,STANDARD,33,0,33,0,0,0,0,NONE_SURVIVING
styles,STANDARD,1,1,0,0,0,0,0,SURVIVING
tsconfig.api-verify.json,STANDARD,17,0,17,0,0,0,0,NONE_SURVIVING
tsconfig.base.json,STANDARD,15,0,15,0,0,0,0,NONE_SURVIVING
tsconfig.shared-verify.json,STANDARD,14,0,14,0,0,0,0,NONE_SURVIVING
tsconfig.web-verify.json,STANDARD,19,0,19,0,0,0,0,NONE_SURVIVING
types/repo-verify-shims.d.ts,STANDARD,207,0,207,0,0,0,0,NONE_SURVIVING
types/verify-shims.d.ts,STANDARD,6,0,6,0,0,0,0,NONE_SURVIVING
var/repo-build-test-contour-report.json,STANDARD,67,0,67,0,0,0,0,NONE_SURVIVING
vitest.config.ts,STANDARD,33,11,22,0,0,0,0,SURVIVING
vitest.setup.ts,STANDARD,1,1,0,0,0,0,0,SURVIVING
workers/connector-retry/connector-retry.worker.ts,STANDARD,16,0,16,0,0,0,0,NONE_SURVIVING
workers/payment-callback-simulator/payment-callback.worker.ts,STANDARD,22,0,22,0,0,0,0,NONE_SURVIVING
workers/role-projection/role-projection.worker.ts,STANDARD,28,0,28,0,0,0,0,NONE_SURVIVING
workers/route-simulator/route-simulator.worker.ts,STANDARD,21,0,21,0,0,0,0,NONE_SURVIVING
workers/runtime-command/runtime-command.worker.ts,STANDARD,5,0,5,0,0,0,0,NONE_SURVIVING
workers/runtime-durable-loop/runtime-durable-loop.worker.ts,STANDARD,33,0,33,0,0,0,0,NONE_SURVIVING
workers/runtime-janitor/runtime-janitor.worker.ts,STANDARD,35,0,35,0,0,0,0,NONE_SURVIVING
workers/runtime-lock-janitor/runtime-lock-janitor.worker.ts,STANDARD,17,0,17,0,0,0,0,NONE_SURVIVING
workers/runtime-outbox-db/runtime-outbox-db.worker.ts,STANDARD,23,0,23,0,0,0,0,NONE_SURVIVING
workers/runtime-outbox/runtime-outbox.worker.ts,STANDARD,43,0,43,0,0,0,0,NONE_SURVIVING
workers/runtime-supervisor/runtime-supervisor.worker.ts,STANDARD,14,0,14,0,0,0,0,NONE_SURVIVING
workers/runtime-watchdog/runtime-watchdog.worker.ts,STANDARD,33,0,33,0,0,0,0,NONE_SURVIVING
